2026-09-22 15:56:21,646 INFO: ===[SPLIT SUMMARY]===
2026-09-22 15:56:21,646 INFO: Original split:
2026-09-22 15:56:21,646 INFO: Training 20398 records 84.99874989582466
2026-09-22 15:56:21,646 INFO: Testing 3600 records 15.001250104175348
2026-09-22 15:56:21,647 INFO: Training labels: 15
2026-09-22 15:56:21,647 INFO: Testing labels: 15
2026-09-22 15:56:22,151 INFO: ===[SPLIT SUMMARY]===
2026-09-22 15:56:22,151 INFO: Grouped split:
2026-09-22 15:56:22,151 INFO: Training 20153 records 83.97783148595717
2026-09-22 15:56:22,151 INFO: Testing 3845 records 16.022168514042836
2026-09-22 15:56:22,152 INFO: Training labels: 15
2026-09-22 15:56:22,152 INFO: Testing labels: 14
2026-09-22 15:56:22,152 INFO: Training rule-based on the original
2026-09-22 15:56:22,152 INFO: Evaluating rule-based on the original split
2026-09-22 15:56:22,340 INFO: ===[EVALUATION]===
2026-09-22 15:56:22,340 INFO: Accuracy: 0.8452777777777778
2026-09-22 15:56:22,340 INFO: Balanced accuracy: 0.730850918428957
2026-09-22 15:56:22,340 INFO: Macro F1: 0.617558554457198
2026-09-22 15:56:22,340 INFO: Results saved to results/rule-based/original
2026-09-22 15:56:22,340 INFO: Training bow-logistic-regression on the original
2026-09-22 15:56:22,837 INFO: Evaluating bow-logistic-regression on the original split
2026-09-22 15:56:22,929 INFO: ===[EVALUATION]===
2026-09-22 15:56:22,929 INFO: Accuracy: 0.9697222222222223
2026-09-22 15:56:22,929 INFO: Balanced accuracy: 0.6564733972819652
2026-09-22 15:56:22,929 INFO: Macro F1: 0.7028792545924655
2026-09-22 15:56:22,929 INFO: Results saved to results/bow-logistic-regression/original
2026-09-22 15:56:22,947 INFO: Test tokens: 12762
2026-09-22 15:56:22,947 INFO: OOV tokens: 48
2026-09-22 15:56:22,947 INFO: OOV token rate: 0.38%
2026-09-22 15:56:22,947 INFO: All-OOV utterances: 4
2026-09-22 15:56:22,947 INFO: Training bow-linear-svm on the original
2026-09-22 15:56:24,478 INFO: Evaluating bow-linear-svm on the original split
2026-09-22 15:56:24,570 INFO: ===[EVALUATION]===
2026-09-22 15:56:24,570 INFO: Accuracy: 0.9844444444444445
2026-09-22 15:56:24,570 INFO: Balanced accuracy: 0.9406370536641635
2026-09-22 15:56:24,570 INFO: Macro F1: 0.9439635672644037
2026-09-22 15:56:24,570 INFO: Results saved to results/bow-linear-svm/original
2026-09-22 15:56:24,587 INFO: Test tokens: 12762
2026-09-22 15:56:24,588 INFO: OOV tokens: 48
2026-09-22 15:56:24,588 INFO: OOV token rate: 0.38%
2026-09-22 15:56:24,588 INFO: All-OOV utterances: 4
2026-09-22 15:56:25,407 INFO: Training embedding-logistic-regression on the original
2026-09-22 15:57:03,433 INFO: Evaluating embedding-logistic-regression on the original split
2026-09-22 15:57:11,217 INFO: ===[EVALUATION]===
2026-09-22 15:57:11,219 INFO: Accuracy: 0.9819444444444444
2026-09-22 15:57:11,219 INFO: Balanced accuracy: 0.8699094584416797
2026-09-22 15:57:11,219 INFO: Macro F1: 0.8592574013388348
2026-09-22 15:57:11,219 INFO: Results saved to results/embedding-logistic-regression/original
2026-09-22 15:57:11,916 INFO: Training embedding-linear-svm on the original
2026-09-22 15:59:48,104 INFO: Evaluating embedding-linear-svm on the original split
2026-09-22 15:59:54,496 INFO: ===[EVALUATION]===
2026-09-22 15:59:54,496 INFO: Accuracy: 0.9836111111111111
2026-09-22 15:59:54,496 INFO: Balanced accuracy: 0.9484423947912519
2026-09-22 15:59:54,496 INFO: Macro F1: 0.9266415319163477
2026-09-22 15:59:54,496 INFO: Results saved to results/embedding-linear-svm/original
2026-09-22 15:59:54,500 INFO: Training rule-based on the grouped
2026-09-22 15:59:54,500 INFO: Evaluating rule-based on the grouped split
2026-09-22 15:59:54,725 INFO: ===[EVALUATION]===
2026-09-22 15:59:54,725 INFO: Accuracy: 0.8496749024707412
2026-09-22 15:59:54,725 INFO: Balanced accuracy: 0.6845842534278941
2026-09-22 15:59:54,725 INFO: Macro F1: 0.6397222422502135
2026-09-22 15:59:54,725 INFO: Results saved to results/rule-based/grouped
2026-09-22 15:59:54,725 INFO: Training bow-logistic-regression on the grouped
2026-09-22 15:59:55,188 INFO: Evaluating bow-logistic-regression on the grouped split
2026-09-22 15:59:55,295 INFO: ===[EVALUATION]===
2026-09-22 15:59:55,295 INFO: Accuracy: 0.9237971391417426
2026-09-22 15:59:55,295 INFO: Balanced accuracy: 0.4714436834495682
2026-09-22 15:59:55,295 INFO: Macro F1: 0.48817405637891786
2026-09-22 15:59:55,295 INFO: Results saved to results/bow-logistic-regression/grouped
2026-09-22 15:59:55,317 INFO: Test tokens: 17218
2026-09-22 15:59:55,317 INFO: OOV tokens: 91
2026-09-22 15:59:55,317 INFO: OOV token rate: 0.53%
2026-09-22 15:59:55,317 INFO: All-OOV utterances: 33
2026-09-22 15:59:55,317 INFO: Training bow-linear-svm on the grouped
2026-09-22 15:59:56,985 INFO: Evaluating bow-linear-svm on the grouped split
2026-09-22 15:59:57,097 INFO: ===[EVALUATION]===
2026-09-22 15:59:57,097 INFO: Accuracy: 0.9318595578673602
2026-09-22 15:59:57,097 INFO: Balanced accuracy: 0.7400374322969557
2026-09-22 15:59:57,097 INFO: Macro F1: 0.7549548266217041
2026-09-22 15:59:57,097 INFO: Results saved to results/bow-linear-svm/grouped
2026-09-22 15:59:57,119 INFO: Test tokens: 17218
2026-09-22 15:59:57,119 INFO: OOV tokens: 91
2026-09-22 15:59:57,119 INFO: OOV token rate: 0.53%
2026-09-22 15:59:57,119 INFO: All-OOV utterances: 33
2026-09-22 15:59:57,832 INFO: Training embedding-logistic-regression on the grouped
2026-09-22 16:00:37,995 INFO: Evaluating embedding-logistic-regression on the grouped split
2026-09-22 16:00:45,613 INFO: ===[EVALUATION]===
2026-09-22 16:00:45,613 INFO: Accuracy: 0.9355006501950586
2026-09-22 16:00:45,613 INFO: Balanced accuracy: 0.6237223921561892
2026-09-22 16:00:45,613 INFO: Macro F1: 0.6336784700748173
2026-09-22 16:00:45,613 INFO: Results saved to results/embedding-logistic-regression/grouped
2026-09-22 16:00:46,274 INFO: Training embedding-linear-svm on the grouped
2026-09-22 16:03:36,115 INFO: Evaluating embedding-linear-svm on the grouped split
2026-09-22 16:03:42,869 INFO: ===[EVALUATION]===
2026-09-22 16:03:42,869 INFO: Accuracy: 0.941742522756827
2026-09-22 16:03:42,869 INFO: Balanced accuracy: 0.7614924033392066
2026-09-22 16:03:42,869 INFO: Macro F1: 0.7587379191118736
2026-09-22 16:03:42,869 INFO: Results saved to results/embedding-linear-svm/grouped
2026-09-22 16:09:57,037 INFO: Training rule-based on the provided
2026-09-22 16:09:57,038 INFO: Saved rule-based to artifacts/models/rule-based.pkl
2026-09-22 16:09:57,038 INFO: Training bow-logistic-regression on the provided
2026-09-22 16:09:57,688 INFO: Saved bow-logistic-regression to artifacts/models/bow-logistic-regression.pkl
2026-09-22 16:09:57,688 INFO: Training bow-linear-svm on the provided
2026-09-22 16:09:59,869 INFO: Saved bow-linear-svm to artifacts/models/bow-linear-svm.pkl
2026-09-22 16:10:00,717 INFO: Training embedding-logistic-regression on the provided
2026-09-22 16:10:48,905 INFO: Saved embedding-logistic-regression to artifacts/models/embedding-logistic-regression.pkl
2026-09-22 16:10:49,598 INFO: Training embedding-linear-svm on the provided
2026-09-22 16:13:53,225 INFO: Saved embedding-linear-svm to artifacts/models/embedding-linear-svm.pkl
2026-09-22 16:30:22,041 INFO: ===[SPLIT SUMMARY]===
2026-09-22 16:30:22,041 INFO: Original split:
2026-09-22 16:30:22,041 INFO: Training 20398 records 84.99874989582466
2026-09-22 16:30:22,041 INFO: Testing 3600 records 15.001250104175348
2026-09-22 16:30:22,043 INFO: Training labels: 15
2026-09-22 16:30:22,044 INFO: Testing labels: 15
2026-09-22 16:30:22,545 INFO: ===[SPLIT SUMMARY]===
2026-09-22 16:30:22,546 INFO: Grouped split:
2026-09-22 16:30:22,546 INFO: Training 20153 records 83.97783148595717
2026-09-22 16:30:22,546 INFO: Testing 3845 records 16.022168514042836
2026-09-22 16:30:22,546 INFO: Training labels: 15
2026-09-22 16:30:22,547 INFO: Testing labels: 14
2026-09-22 16:30:22,547 INFO: Training naive-bayes on the original
2026-09-22 16:30:22,639 INFO: Evaluating naive-bayes on the original split
2026-09-22 16:30:22,742 INFO: ===[EVALUATION]===
2026-09-22 16:30:22,742 INFO: Accuracy: 0.9419444444444445
2026-09-22 16:30:22,742 INFO: Balanced accuracy: 0.43584223516423104
2026-09-22 16:30:22,742 INFO: Macro F1: 0.45949335261772695
2026-09-22 16:30:22,743 INFO: Results saved to results/naive-bayes/original
2026-09-22 16:30:22,760 INFO: Test tokens: 12762
2026-09-22 16:30:22,760 INFO: OOV tokens: 48
2026-09-22 16:30:22,760 INFO: OOV token rate: 0.38%
2026-09-22 16:30:22,760 INFO: All-OOV utterances: 4
2026-09-22 16:30:22,760 INFO: Training naive-bayes on the grouped
2026-09-22 16:30:22,844 INFO: Evaluating naive-bayes on the grouped split
2026-09-22 16:30:22,946 INFO: ===[EVALUATION]===
2026-09-22 16:30:22,946 INFO: Accuracy: 0.8967490247074122
2026-09-22 16:30:22,946 INFO: Balanced accuracy: 0.29891791427298575
2026-09-22 16:30:22,946 INFO: Macro F1: 0.29661304172364084
2026-09-22 16:30:22,946 INFO: Results saved to results/naive-bayes/grouped
2026-09-22 16:30:22,968 INFO: Test tokens: 17218
2026-09-22 16:30:22,968 INFO: OOV tokens: 91
2026-09-22 16:30:22,968 INFO: OOV token rate: 0.53%
2026-09-22 16:30:22,968 INFO: All-OOV utterances: 33
2026-09-22 16:30:36,093 INFO: ===[SPLIT SUMMARY]===
2026-09-22 16:30:36,094 INFO: Original split:
2026-09-22 16:30:36,094 INFO: Training 20398 records 84.99874989582466
2026-09-22 16:30:36,094 INFO: Testing 3600 records 15.001250104175348
2026-09-22 16:30:36,095 INFO: Training labels: 15
2026-09-22 16:30:36,095 INFO: Testing labels: 15
2026-09-22 16:30:36,605 INFO: ===[SPLIT SUMMARY]===
2026-09-22 16:30:36,605 INFO: Grouped split:
2026-09-22 16:30:36,605 INFO: Training 20153 records 83.97783148595717
2026-09-22 16:30:36,605 INFO: Testing 3845 records 16.022168514042836
2026-09-22 16:30:36,606 INFO: Training labels: 15
2026-09-22 16:30:36,606 INFO: Testing labels: 14
2026-09-22 16:30:36,606 INFO: Training decision-tree on the original
2026-09-22 16:30:37,399 INFO: Evaluating decision-tree on the original split
2026-09-22 16:30:37,492 INFO: ===[EVALUATION]===
2026-09-22 16:30:37,492 INFO: Accuracy: 0.9822222222222222
2026-09-22 16:30:37,492 INFO: Balanced accuracy: 0.897417755508657
2026-09-22 16:30:37,492 INFO: Macro F1: 0.8508495988010302
2026-09-22 16:30:37,492 INFO: Results saved to results/decision-tree/original
2026-09-22 16:30:37,508 INFO: Test tokens: 12762
2026-09-22 16:30:37,508 INFO: OOV tokens: 48
2026-09-22 16:30:37,508 INFO: OOV token rate: 0.38%
2026-09-22 16:30:37,508 INFO: All-OOV utterances: 4
2026-09-22 16:30:37,508 INFO: Training decision-tree on the grouped
2026-09-22 16:30:38,149 INFO: Evaluating decision-tree on the grouped split
2026-09-22 16:30:38,250 INFO: ===[EVALUATION]===
2026-09-22 16:30:38,250 INFO: Accuracy: 0.8749024707412224
2026-09-22 16:30:38,250 INFO: Balanced accuracy: 0.6633443139203132
2026-09-22 16:30:38,250 INFO: Macro F1: 0.6787824742442672
2026-09-22 16:30:38,250 INFO: Results saved to results/decision-tree/grouped
2026-09-22 16:30:38,270 INFO: Test tokens: 17218
2026-09-22 16:30:38,273 INFO: OOV tokens: 91
2026-09-22 16:30:38,273 INFO: OOV token rate: 0.53%
2026-09-22 16:30:38,273 INFO: All-OOV utterances: 33
2026-09-22 16:31:01,179 INFO: Training naive-bayes on the provided
2026-09-22 16:31:01,284 INFO: Saved naive-bayes to artifacts/models/naive-bayes.pkl
2026-09-22 16:31:14,162 INFO: Training decision-tree on the provided
2026-09-22 16:31:15,171 INFO: Saved decision-tree to artifacts/models/decision-tree.pkl
2026-09-29 13:18:23,296 INFO: ===[SPLIT SUMMARY]===
2026-09-29 13:18:23,296 INFO: Original split:
2026-09-29 13:18:23,296 INFO: Training 20398 records 84.99874989582466
2026-09-29 13:18:23,296 INFO: Testing 3600 records 15.001250104175348
2026-09-29 13:18:23,298 INFO: Training labels: 15
2026-09-29 13:18:23,299 INFO: Testing labels: 15
2026-09-29 13:18:23,833 INFO: ===[SPLIT SUMMARY]===
2026-09-29 13:18:23,833 INFO: Grouped split:
2026-09-29 13:18:23,833 INFO: Training 20153 records 83.97783148595717
2026-09-29 13:18:23,833 INFO: Testing 3845 records 16.022168514042836
2026-09-29 13:18:23,834 INFO: Training labels: 15
2026-09-29 13:18:23,834 INFO: Testing labels: 14
2026-09-29 13:18:23,851 INFO: 
2026-09-29 13:18:23,852 INFO: === rule-based | original ===
2026-09-29 13:18:23,852 INFO: Training examples: 20398
2026-09-29 13:18:23,852 INFO: Testing examples: 3600
2026-09-29 13:18:23,852 INFO: Preparing classifier...
2026-09-29 13:18:23,852 INFO: Evaluating...
2026-09-29 13:18:24,049 INFO: Accuracy: 0.8453 | Balanced accuracy: 0.7309 | Macro F1: 0.6176
2026-09-29 13:18:24,049 INFO: Results saved to results/rule-based/original
2026-09-29 13:18:24,049 INFO: 
2026-09-29 13:18:24,049 INFO: === bow-logistic-regression | original ===
2026-09-29 13:18:24,049 INFO: Training examples: 20398
2026-09-29 13:18:24,049 INFO: Testing examples: 3600
2026-09-29 13:18:24,049 INFO: Preparing classifier...
2026-09-29 13:18:24,569 INFO: Evaluating...
2026-09-29 13:18:24,671 INFO: Accuracy: 0.9697 | Balanced accuracy: 0.6565 | Macro F1: 0.7029
2026-09-29 13:18:24,671 INFO: Results saved to results/bow-logistic-regression/original
2026-09-29 13:18:24,688 INFO: Test tokens: 12762
2026-09-29 13:18:24,688 INFO: OOV tokens: 48
2026-09-29 13:18:24,688 INFO: OOV token rate: 0.38%
2026-09-29 13:18:24,688 INFO: All-OOV utterances: 4
2026-09-29 13:18:24,688 INFO: 
2026-09-29 13:18:24,688 INFO: === bow-linear-svm | original ===
2026-09-29 13:18:24,688 INFO: Training examples: 20398
2026-09-29 13:18:24,688 INFO: Testing examples: 3600
2026-09-29 13:18:24,688 INFO: Preparing classifier...
2026-09-29 13:18:26,280 INFO: Evaluating...
2026-09-29 13:18:26,388 INFO: Accuracy: 0.9844 | Balanced accuracy: 0.9406 | Macro F1: 0.9440
2026-09-29 13:18:26,388 INFO: Results saved to results/bow-linear-svm/original
2026-09-29 13:18:26,406 INFO: Test tokens: 12762
2026-09-29 13:18:26,406 INFO: OOV tokens: 48
2026-09-29 13:18:26,406 INFO: OOV token rate: 0.38%
2026-09-29 13:18:26,406 INFO: All-OOV utterances: 4
2026-09-29 13:18:26,407 INFO: 
2026-09-29 13:18:26,407 INFO: === embedding-logistic-regression | original ===
2026-09-29 13:18:26,407 INFO: Training examples: 20398
2026-09-29 13:18:26,407 INFO: Testing examples: 3600
2026-09-29 13:18:27,447 INFO: Preparing classifier...
2026-09-29 13:19:06,651 INFO: Evaluating...
2026-09-29 13:19:13,640 INFO: Accuracy: 0.9819 | Balanced accuracy: 0.8699 | Macro F1: 0.8593
2026-09-29 13:19:13,640 INFO: Results saved to results/embedding-logistic-regression/original
2026-09-29 13:19:13,644 INFO: 
2026-09-29 13:19:13,644 INFO: === embedding-linear-svm | original ===
2026-09-29 13:19:13,644 INFO: Training examples: 20398
2026-09-29 13:19:13,644 INFO: Testing examples: 3600
2026-09-29 13:19:14,337 INFO: Preparing classifier...
2026-09-29 13:21:49,696 INFO: Evaluating...
2026-09-29 13:21:56,121 INFO: Accuracy: 0.9836 | Balanced accuracy: 0.9484 | Macro F1: 0.9266
2026-09-29 13:21:56,122 INFO: Results saved to results/embedding-linear-svm/original
2026-09-29 13:21:56,127 INFO: 
2026-09-29 13:21:56,127 INFO: === naive-bayes | original ===
2026-09-29 13:21:56,127 INFO: Training examples: 20398
2026-09-29 13:21:56,127 INFO: Testing examples: 3600
2026-09-29 13:21:56,127 INFO: Preparing classifier...
2026-09-29 13:21:56,218 INFO: Evaluating...
2026-09-29 13:21:56,317 INFO: Accuracy: 0.9419 | Balanced accuracy: 0.4358 | Macro F1: 0.4595
2026-09-29 13:21:56,317 INFO: Results saved to results/naive-bayes/original
2026-09-29 13:21:56,334 INFO: Test tokens: 12762
2026-09-29 13:21:56,334 INFO: OOV tokens: 48
2026-09-29 13:21:56,334 INFO: OOV token rate: 0.38%
2026-09-29 13:21:56,334 INFO: All-OOV utterances: 4
2026-09-29 13:21:56,334 INFO: 
2026-09-29 13:21:56,334 INFO: === decision-tree | original ===
2026-09-29 13:21:56,334 INFO: Training examples: 20398
2026-09-29 13:21:56,334 INFO: Testing examples: 3600
2026-09-29 13:21:56,334 INFO: Preparing classifier...
2026-09-29 13:21:57,139 INFO: Evaluating...
2026-09-29 13:21:57,238 INFO: Accuracy: 0.9822 | Balanced accuracy: 0.8974 | Macro F1: 0.8508
2026-09-29 13:21:57,238 INFO: Results saved to results/decision-tree/original
2026-09-29 13:21:57,255 INFO: Test tokens: 12762
2026-09-29 13:21:57,255 INFO: OOV tokens: 48
2026-09-29 13:21:57,255 INFO: OOV token rate: 0.38%
2026-09-29 13:21:57,255 INFO: All-OOV utterances: 4
2026-09-29 13:22:59,320 INFO: ===[SPLIT SUMMARY]===
2026-09-29 13:22:59,320 INFO: Original split:
2026-09-29 13:22:59,320 INFO: Training 20398 records 84.99874989582466
2026-09-29 13:22:59,320 INFO: Testing 3600 records 15.001250104175348
2026-09-29 13:22:59,321 INFO: Training labels: 15
2026-09-29 13:22:59,322 INFO: Testing labels: 15
2026-09-29 13:22:59,854 INFO: ===[SPLIT SUMMARY]===
2026-09-29 13:22:59,854 INFO: Grouped split:
2026-09-29 13:22:59,854 INFO: Training 20153 records 83.97783148595717
2026-09-29 13:22:59,854 INFO: Testing 3845 records 16.022168514042836
2026-09-29 13:22:59,855 INFO: Training labels: 15
2026-09-29 13:22:59,855 INFO: Testing labels: 14
2026-09-29 13:22:59,876 INFO: 
2026-09-29 13:22:59,876 INFO: === rule-based | original ===
2026-09-29 13:22:59,876 INFO: Training examples: 20398
2026-09-29 13:22:59,876 INFO: Testing examples: 3600
2026-09-29 13:22:59,876 INFO: Preparing classifier...
2026-09-29 13:22:59,876 INFO: Evaluating...
2026-09-29 13:23:00,075 INFO: Accuracy: 0.8453 | Balanced accuracy: 0.7309 | Macro F1: 0.6176
2026-09-29 13:23:00,075 INFO: Results saved to results/rule-based/original
2026-09-29 13:23:00,075 INFO: 
2026-09-29 13:23:00,075 INFO: === bow-logistic-regression | original ===
2026-09-29 13:23:00,075 INFO: Training examples: 20398
2026-09-29 13:23:00,075 INFO: Testing examples: 3600
2026-09-29 13:23:00,075 INFO: Preparing classifier...
2026-09-29 13:23:00,602 INFO: Evaluating...
2026-09-29 13:23:00,699 INFO: Accuracy: 0.9697 | Balanced accuracy: 0.6565 | Macro F1: 0.7029
2026-09-29 13:23:00,699 INFO: Results saved to results/bow-logistic-regression/original
2026-09-29 13:23:00,716 INFO: Test tokens: 12762
2026-09-29 13:23:00,716 INFO: OOV tokens: 48
2026-09-29 13:23:00,716 INFO: OOV token rate: 0.38%
2026-09-29 13:23:00,716 INFO: All-OOV utterances: 4
2026-09-29 13:23:00,716 INFO: 
2026-09-29 13:23:00,716 INFO: === bow-linear-svm | original ===
2026-09-29 13:23:00,716 INFO: Training examples: 20398
2026-09-29 13:23:00,716 INFO: Testing examples: 3600
2026-09-29 13:23:00,716 INFO: Preparing classifier...
2026-09-29 13:23:02,308 INFO: Evaluating...
2026-09-29 13:23:02,413 INFO: Accuracy: 0.9844 | Balanced accuracy: 0.9406 | Macro F1: 0.9440
2026-09-29 13:23:02,413 INFO: Results saved to results/bow-linear-svm/original
2026-09-29 13:23:02,430 INFO: Test tokens: 12762
2026-09-29 13:23:02,430 INFO: OOV tokens: 48
2026-09-29 13:23:02,431 INFO: OOV token rate: 0.38%
2026-09-29 13:23:02,431 INFO: All-OOV utterances: 4
2026-09-29 13:23:02,431 INFO: 
2026-09-29 13:23:02,431 INFO: === embedding-logistic-regression | original ===
2026-09-29 13:23:02,431 INFO: Training examples: 20398
2026-09-29 13:23:02,431 INFO: Testing examples: 3600
2026-09-29 13:23:03,313 INFO: Preparing classifier...
2026-09-29 13:23:44,334 INFO: Evaluating...
2026-09-29 13:23:51,132 INFO: Accuracy: 0.9819 | Balanced accuracy: 0.8699 | Macro F1: 0.8593
2026-09-29 13:23:51,133 INFO: Results saved to results/embedding-logistic-regression/original
2026-09-29 13:23:51,136 INFO: 
2026-09-29 13:23:51,136 INFO: === embedding-linear-svm | original ===
2026-09-29 13:23:51,136 INFO: Training examples: 20398
2026-09-29 13:23:51,136 INFO: Testing examples: 3600
2026-09-29 13:23:52,016 INFO: Preparing classifier...
2026-09-29 13:26:23,510 INFO: Evaluating...
2026-09-29 13:26:30,075 INFO: Accuracy: 0.9836 | Balanced accuracy: 0.9484 | Macro F1: 0.9266
2026-09-29 13:26:30,075 INFO: Results saved to results/embedding-linear-svm/original
2026-09-29 13:26:30,079 INFO: 
2026-09-29 13:26:30,079 INFO: === naive-bayes | original ===
2026-09-29 13:26:30,079 INFO: Training examples: 20398
2026-09-29 13:26:30,079 INFO: Testing examples: 3600
2026-09-29 13:26:30,079 INFO: Preparing classifier...
2026-09-29 13:26:30,171 INFO: Evaluating...
2026-09-29 13:26:30,267 INFO: Accuracy: 0.9419 | Balanced accuracy: 0.4358 | Macro F1: 0.4595
2026-09-29 13:26:30,267 INFO: Results saved to results/naive-bayes/original
2026-09-29 13:26:30,283 INFO: Test tokens: 12762
2026-09-29 13:26:30,283 INFO: OOV tokens: 48
2026-09-29 13:26:30,283 INFO: OOV token rate: 0.38%
2026-09-29 13:26:30,283 INFO: All-OOV utterances: 4
2026-09-29 13:26:30,284 INFO: 
2026-09-29 13:26:30,284 INFO: === decision-tree | original ===
2026-09-29 13:26:30,284 INFO: Training examples: 20398
2026-09-29 13:26:30,284 INFO: Testing examples: 3600
2026-09-29 13:26:30,284 INFO: Preparing classifier...
2026-09-29 13:26:31,101 INFO: Evaluating...
2026-09-29 13:26:31,203 INFO: Accuracy: 0.9822 | Balanced accuracy: 0.8974 | Macro F1: 0.8508
2026-09-29 13:26:31,203 INFO: Results saved to results/decision-tree/original
2026-09-29 13:26:31,221 INFO: Test tokens: 12762
2026-09-29 13:26:31,221 INFO: OOV tokens: 48
2026-09-29 13:26:31,221 INFO: OOV token rate: 0.38%
2026-09-29 13:26:31,221 INFO: All-OOV utterances: 4
2026-09-29 13:26:31,221 INFO: 
2026-09-29 13:26:31,221 INFO: === rule-based | grouped ===
2026-09-29 13:26:31,221 INFO: Training examples: 20153
2026-09-29 13:26:31,222 INFO: Testing examples: 3845
2026-09-29 13:26:31,222 INFO: Preparing classifier...
2026-09-29 13:26:31,222 INFO: Evaluating...
2026-09-29 13:26:31,453 INFO: Accuracy: 0.8497 | Balanced accuracy: 0.6846 | Macro F1: 0.6397
2026-09-29 13:26:31,453 INFO: Results saved to results/rule-based/grouped
2026-09-29 13:26:31,454 INFO: 
2026-09-29 13:26:31,454 INFO: === bow-logistic-regression | grouped ===
2026-09-29 13:26:31,454 INFO: Training examples: 20153
2026-09-29 13:26:31,454 INFO: Testing examples: 3845
2026-09-29 13:26:31,454 INFO: Preparing classifier...
2026-09-29 13:26:31,935 INFO: Evaluating...
2026-09-29 13:26:32,051 INFO: Accuracy: 0.9238 | Balanced accuracy: 0.4714 | Macro F1: 0.4882
2026-09-29 13:26:32,051 INFO: Results saved to results/bow-logistic-regression/grouped
2026-09-29 13:26:32,073 INFO: Test tokens: 17218
2026-09-29 13:26:32,073 INFO: OOV tokens: 91
2026-09-29 13:26:32,073 INFO: OOV token rate: 0.53%
2026-09-29 13:26:32,073 INFO: All-OOV utterances: 33
2026-09-29 13:26:32,073 INFO: 
2026-09-29 13:26:32,073 INFO: === bow-linear-svm | grouped ===
2026-09-29 13:26:32,073 INFO: Training examples: 20153
2026-09-29 13:26:32,073 INFO: Testing examples: 3845
2026-09-29 13:26:32,073 INFO: Preparing classifier...
2026-09-29 13:26:33,718 INFO: Evaluating...
2026-09-29 13:26:33,828 INFO: Accuracy: 0.9319 | Balanced accuracy: 0.7400 | Macro F1: 0.7550
2026-09-29 13:26:33,828 INFO: Results saved to results/bow-linear-svm/grouped
2026-09-29 13:26:33,849 INFO: Test tokens: 17218
2026-09-29 13:26:33,849 INFO: OOV tokens: 91
2026-09-29 13:26:33,849 INFO: OOV token rate: 0.53%
2026-09-29 13:26:33,849 INFO: All-OOV utterances: 33
2026-09-29 13:26:33,850 INFO: 
2026-09-29 13:26:33,850 INFO: === embedding-logistic-regression | grouped ===
2026-09-29 13:26:33,850 INFO: Training examples: 20153
2026-09-29 13:26:33,850 INFO: Testing examples: 3845
2026-09-29 13:26:34,519 INFO: Preparing classifier...
2026-09-29 13:27:11,813 INFO: Evaluating...
2026-09-29 13:27:19,174 INFO: Accuracy: 0.9355 | Balanced accuracy: 0.6237 | Macro F1: 0.6337
2026-09-29 13:27:19,174 INFO: Results saved to results/embedding-logistic-regression/grouped
2026-09-29 13:27:19,178 INFO: 
2026-09-29 13:27:19,178 INFO: === embedding-linear-svm | grouped ===
2026-09-29 13:27:19,178 INFO: Training examples: 20153
2026-09-29 13:27:19,178 INFO: Testing examples: 3845
2026-09-29 13:27:19,828 INFO: Preparing classifier...
2026-09-29 13:30:04,711 INFO: Evaluating...
2026-09-29 13:30:11,450 INFO: Accuracy: 0.9417 | Balanced accuracy: 0.7615 | Macro F1: 0.7587
2026-09-29 13:30:11,450 INFO: Results saved to results/embedding-linear-svm/grouped
2026-09-29 13:30:11,455 INFO: 
2026-09-29 13:30:11,455 INFO: === naive-bayes | grouped ===
2026-09-29 13:30:11,455 INFO: Training examples: 20153
2026-09-29 13:30:11,455 INFO: Testing examples: 3845
2026-09-29 13:30:11,455 INFO: Preparing classifier...
2026-09-29 13:30:11,546 INFO: Evaluating...
2026-09-29 13:30:11,651 INFO: Accuracy: 0.8967 | Balanced accuracy: 0.2989 | Macro F1: 0.2966
2026-09-29 13:30:11,651 INFO: Results saved to results/naive-bayes/grouped
2026-09-29 13:30:11,673 INFO: Test tokens: 17218
2026-09-29 13:30:11,673 INFO: OOV tokens: 91
2026-09-29 13:30:11,673 INFO: OOV token rate: 0.53%
2026-09-29 13:30:11,673 INFO: All-OOV utterances: 33
2026-09-29 13:30:11,673 INFO: 
2026-09-29 13:30:11,673 INFO: === decision-tree | grouped ===
2026-09-29 13:30:11,674 INFO: Training examples: 20153
2026-09-29 13:30:11,674 INFO: Testing examples: 3845
2026-09-29 13:30:11,674 INFO: Preparing classifier...
2026-09-29 13:30:12,353 INFO: Evaluating...
2026-09-29 13:30:12,473 INFO: Accuracy: 0.8749 | Balanced accuracy: 0.6633 | Macro F1: 0.6788
2026-09-29 13:30:12,473 INFO: Results saved to results/decision-tree/grouped
2026-09-29 13:30:12,495 INFO: Test tokens: 17218
2026-09-29 13:30:12,495 INFO: OOV tokens: 91
2026-09-29 13:30:12,495 INFO: OOV token rate: 0.53%
2026-09-29 13:30:12,495 INFO: All-OOV utterances: 33
2026-09-29 13:36:45,505 INFO methods_in_ai_research.classification.splitting: ===[SPLIT SUMMARY]===
2026-09-29 13:36:45,506 INFO methods_in_ai_research.classification.splitting: Original split:
2026-09-29 13:36:45,506 INFO methods_in_ai_research.classification.splitting: Training 20398 records 84.99874989582466
2026-09-29 13:36:45,506 INFO methods_in_ai_research.classification.splitting: Testing 3600 records 15.001250104175348
2026-09-29 13:36:45,509 INFO methods_in_ai_research.classification.splitting: Training labels: 15
2026-09-29 13:36:45,509 INFO methods_in_ai_research.classification.splitting: Testing labels: 15
2026-09-29 13:36:46,048 INFO methods_in_ai_research.classification.splitting: ===[SPLIT SUMMARY]===
2026-09-29 13:36:46,048 INFO methods_in_ai_research.classification.splitting: Grouped split:
2026-09-29 13:36:46,048 INFO methods_in_ai_research.classification.splitting: Training 20153 records 83.97783148595717
2026-09-29 13:36:46,048 INFO methods_in_ai_research.classification.splitting: Testing 3845 records 16.022168514042836
2026-09-29 13:36:46,049 INFO methods_in_ai_research.classification.splitting: Training labels: 15
2026-09-29 13:36:46,050 INFO methods_in_ai_research.classification.splitting: Testing labels: 14
2026-09-29 13:36:46,069 INFO methods_in_ai_research.classification.workflows: 
2026-09-29 13:36:46,069 INFO methods_in_ai_research.classification.workflows: === rule-based | original ===
2026-09-29 13:36:46,069 INFO methods_in_ai_research.classification.workflows: Training examples: 20398
2026-09-29 13:36:46,069 INFO methods_in_ai_research.classification.workflows: Testing examples: 3600
2026-09-29 13:36:46,069 INFO methods_in_ai_research.classification.workflows: Preparing classifier...
2026-09-29 13:36:46,069 INFO methods_in_ai_research.classification.workflows: Evaluating...
2026-09-29 13:36:46,262 INFO methods_in_ai_research.classification.workflows: Accuracy: 0.8453 | Balanced accuracy: 0.7309 | Macro F1: 0.6176
2026-09-29 13:36:46,262 INFO methods_in_ai_research.classification.workflows: Results saved to results/rule-based/original
2026-09-29 13:36:46,263 INFO methods_in_ai_research.classification.workflows: 
2026-09-29 13:36:46,263 INFO methods_in_ai_research.classification.workflows: === bow-logistic-regression | original ===
2026-09-29 13:36:46,263 INFO methods_in_ai_research.classification.workflows: Training examples: 20398
2026-09-29 13:36:46,263 INFO methods_in_ai_research.classification.workflows: Testing examples: 3600
2026-09-29 13:36:46,263 INFO methods_in_ai_research.classification.workflows: Preparing classifier...
2026-09-29 13:36:46,803 INFO methods_in_ai_research.classification.workflows: Evaluating...
2026-09-29 13:36:46,905 INFO methods_in_ai_research.classification.workflows: Accuracy: 0.9697 | Balanced accuracy: 0.6565 | Macro F1: 0.7029
2026-09-29 13:36:46,905 INFO methods_in_ai_research.classification.workflows: Results saved to results/bow-logistic-regression/original
2026-09-29 13:36:46,922 INFO methods_in_ai_research.classification.workflows: Test tokens: 12762
2026-09-29 13:36:46,922 INFO methods_in_ai_research.classification.workflows: OOV tokens: 48
2026-09-29 13:36:46,922 INFO methods_in_ai_research.classification.workflows: OOV token rate: 0.38%
2026-09-29 13:36:46,922 INFO methods_in_ai_research.classification.workflows: All-OOV utterances: 4
2026-09-29 13:36:46,922 INFO methods_in_ai_research.classification.workflows: 
2026-09-29 13:36:46,922 INFO methods_in_ai_research.classification.workflows: === bow-linear-svm | original ===
2026-09-29 13:36:46,922 INFO methods_in_ai_research.classification.workflows: Training examples: 20398
2026-09-29 13:36:46,922 INFO methods_in_ai_research.classification.workflows: Testing examples: 3600
2026-09-29 13:36:46,922 INFO methods_in_ai_research.classification.workflows: Preparing classifier...
2026-09-29 13:36:48,481 INFO methods_in_ai_research.classification.workflows: Evaluating...
2026-09-29 13:36:48,589 INFO methods_in_ai_research.classification.workflows: Accuracy: 0.9844 | Balanced accuracy: 0.9406 | Macro F1: 0.9440
2026-09-29 13:36:48,589 INFO methods_in_ai_research.classification.workflows: Results saved to results/bow-linear-svm/original
2026-09-29 13:36:48,607 INFO methods_in_ai_research.classification.workflows: Test tokens: 12762
2026-09-29 13:36:48,607 INFO methods_in_ai_research.classification.workflows: OOV tokens: 48
2026-09-29 13:36:48,607 INFO methods_in_ai_research.classification.workflows: OOV token rate: 0.38%
2026-09-29 13:36:48,607 INFO methods_in_ai_research.classification.workflows: All-OOV utterances: 4
2026-09-29 13:36:48,607 INFO methods_in_ai_research.classification.workflows: 
2026-09-29 13:36:48,608 INFO methods_in_ai_research.classification.workflows: === embedding-logistic-regression | original ===
2026-09-29 13:36:48,608 INFO methods_in_ai_research.classification.workflows: Training examples: 20398
2026-09-29 13:36:48,608 INFO methods_in_ai_research.classification.workflows: Testing examples: 3600
2026-09-29 13:36:49,635 INFO methods_in_ai_research.classification.workflows: Preparing classifier...
2026-09-29 13:37:30,930 INFO methods_in_ai_research.classification.workflows: Evaluating...
2026-09-29 13:37:37,955 INFO methods_in_ai_research.classification.workflows: Accuracy: 0.9819 | Balanced accuracy: 0.8699 | Macro F1: 0.8593
2026-09-29 13:37:37,955 INFO methods_in_ai_research.classification.workflows: Results saved to results/embedding-logistic-regression/original
2026-09-29 13:37:37,960 INFO methods_in_ai_research.classification.workflows: 
2026-09-29 13:37:37,960 INFO methods_in_ai_research.classification.workflows: === embedding-linear-svm | original ===
2026-09-29 13:37:37,960 INFO methods_in_ai_research.classification.workflows: Training examples: 20398
2026-09-29 13:37:37,960 INFO methods_in_ai_research.classification.workflows: Testing examples: 3600
2026-09-29 13:37:38,653 INFO methods_in_ai_research.classification.workflows: Preparing classifier...
2026-09-29 13:41:11,213 INFO methods_in_ai_research.classification.workflows: Evaluating...
2026-09-29 13:41:17,654 INFO methods_in_ai_research.classification.workflows: Accuracy: 0.9836 | Balanced accuracy: 0.9484 | Macro F1: 0.9266
2026-09-29 13:41:17,654 INFO methods_in_ai_research.classification.workflows: Results saved to results/embedding-linear-svm/original
2026-09-29 13:41:17,682 INFO methods_in_ai_research.classification.workflows: 
2026-09-29 13:41:17,684 INFO methods_in_ai_research.classification.workflows: === naive-bayes | original ===
2026-09-29 13:41:17,684 INFO methods_in_ai_research.classification.workflows: Training examples: 20398
2026-09-29 13:41:17,684 INFO methods_in_ai_research.classification.workflows: Testing examples: 3600
2026-09-29 13:41:17,689 INFO methods_in_ai_research.classification.workflows: Preparing classifier...
2026-09-29 13:41:17,827 INFO methods_in_ai_research.classification.workflows: Evaluating...
2026-09-29 13:41:17,941 INFO methods_in_ai_research.classification.workflows: Accuracy: 0.9419 | Balanced accuracy: 0.4358 | Macro F1: 0.4595
2026-09-29 13:41:17,941 INFO methods_in_ai_research.classification.workflows: Results saved to results/naive-bayes/original
2026-09-29 13:41:17,958 INFO methods_in_ai_research.classification.workflows: Test tokens: 12762
2026-09-29 13:41:17,958 INFO methods_in_ai_research.classification.workflows: OOV tokens: 48
2026-09-29 13:41:17,958 INFO methods_in_ai_research.classification.workflows: OOV token rate: 0.38%
2026-09-29 13:41:17,958 INFO methods_in_ai_research.classification.workflows: All-OOV utterances: 4
2026-09-29 13:41:17,959 INFO methods_in_ai_research.classification.workflows: 
2026-09-29 13:41:17,959 INFO methods_in_ai_research.classification.workflows: === decision-tree | original ===
2026-09-29 13:41:17,959 INFO methods_in_ai_research.classification.workflows: Training examples: 20398
2026-09-29 13:41:17,959 INFO methods_in_ai_research.classification.workflows: Testing examples: 3600
2026-09-29 13:41:17,960 INFO methods_in_ai_research.classification.workflows: Preparing classifier...
2026-09-29 13:41:18,833 INFO methods_in_ai_research.classification.workflows: Evaluating...
2026-09-29 13:41:18,940 INFO methods_in_ai_research.classification.workflows: Accuracy: 0.9822 | Balanced accuracy: 0.8974 | Macro F1: 0.8508
2026-09-29 13:41:18,940 INFO methods_in_ai_research.classification.workflows: Results saved to results/decision-tree/original
2026-09-29 13:41:18,957 INFO methods_in_ai_research.classification.workflows: Test tokens: 12762
2026-09-29 13:41:18,957 INFO methods_in_ai_research.classification.workflows: OOV tokens: 48
2026-09-29 13:41:18,957 INFO methods_in_ai_research.classification.workflows: OOV token rate: 0.38%
2026-09-29 13:41:18,957 INFO methods_in_ai_research.classification.workflows: All-OOV utterances: 4
2026-09-29 13:41:18,957 INFO methods_in_ai_research.classification.workflows: 
2026-09-29 13:41:18,957 INFO methods_in_ai_research.classification.workflows: === rule-based | grouped ===
2026-09-29 13:41:18,957 INFO methods_in_ai_research.classification.workflows: Training examples: 20153
2026-09-29 13:41:18,957 INFO methods_in_ai_research.classification.workflows: Testing examples: 3845
2026-09-29 13:41:18,957 INFO methods_in_ai_research.classification.workflows: Preparing classifier...
2026-09-29 13:41:18,957 INFO methods_in_ai_research.classification.workflows: Evaluating...
2026-09-29 13:41:19,183 INFO methods_in_ai_research.classification.workflows: Accuracy: 0.8497 | Balanced accuracy: 0.6846 | Macro F1: 0.6397
2026-09-29 13:41:19,183 INFO methods_in_ai_research.classification.workflows: Results saved to results/rule-based/grouped
2026-09-29 13:41:19,183 INFO methods_in_ai_research.classification.workflows: 
2026-09-29 13:41:19,183 INFO methods_in_ai_research.classification.workflows: === bow-logistic-regression | grouped ===
2026-09-29 13:41:19,183 INFO methods_in_ai_research.classification.workflows: Training examples: 20153
2026-09-29 13:41:19,183 INFO methods_in_ai_research.classification.workflows: Testing examples: 3845
2026-09-29 13:41:19,183 INFO methods_in_ai_research.classification.workflows: Preparing classifier...
2026-09-29 13:41:19,645 INFO methods_in_ai_research.classification.workflows: Evaluating...
2026-09-29 13:41:19,751 INFO methods_in_ai_research.classification.workflows: Accuracy: 0.9238 | Balanced accuracy: 0.4714 | Macro F1: 0.4882
2026-09-29 13:41:19,751 INFO methods_in_ai_research.classification.workflows: Results saved to results/bow-logistic-regression/grouped
2026-09-29 13:41:19,773 INFO methods_in_ai_research.classification.workflows: Test tokens: 17218
2026-09-29 13:41:19,773 INFO methods_in_ai_research.classification.workflows: OOV tokens: 91
2026-09-29 13:41:19,773 INFO methods_in_ai_research.classification.workflows: OOV token rate: 0.53%
2026-09-29 13:41:19,773 INFO methods_in_ai_research.classification.workflows: All-OOV utterances: 33
2026-09-29 13:41:19,773 INFO methods_in_ai_research.classification.workflows: 
2026-09-29 13:41:19,773 INFO methods_in_ai_research.classification.workflows: === bow-linear-svm | grouped ===
2026-09-29 13:41:19,773 INFO methods_in_ai_research.classification.workflows: Training examples: 20153
2026-09-29 13:41:19,773 INFO methods_in_ai_research.classification.workflows: Testing examples: 3845
2026-09-29 13:41:19,773 INFO methods_in_ai_research.classification.workflows: Preparing classifier...
2026-09-29 13:41:21,404 INFO methods_in_ai_research.classification.workflows: Evaluating...
2026-09-29 13:41:21,518 INFO methods_in_ai_research.classification.workflows: Accuracy: 0.9319 | Balanced accuracy: 0.7400 | Macro F1: 0.7550
2026-09-29 13:41:21,518 INFO methods_in_ai_research.classification.workflows: Results saved to results/bow-linear-svm/grouped
2026-09-29 13:41:21,540 INFO methods_in_ai_research.classification.workflows: Test tokens: 17218
2026-09-29 13:41:21,540 INFO methods_in_ai_research.classification.workflows: OOV tokens: 91
2026-09-29 13:41:21,540 INFO methods_in_ai_research.classification.workflows: OOV token rate: 0.53%
2026-09-29 13:41:21,540 INFO methods_in_ai_research.classification.workflows: All-OOV utterances: 33
2026-09-29 13:41:21,540 INFO methods_in_ai_research.classification.workflows: 
2026-09-29 13:41:21,540 INFO methods_in_ai_research.classification.workflows: === embedding-logistic-regression | grouped ===
2026-09-29 13:41:21,540 INFO methods_in_ai_research.classification.workflows: Training examples: 20153
2026-09-29 13:41:21,540 INFO methods_in_ai_research.classification.workflows: Testing examples: 3845
2026-09-29 13:41:22,259 INFO methods_in_ai_research.classification.workflows: Preparing classifier...
2026-09-29 13:42:00,078 INFO methods_in_ai_research.classification.workflows: Evaluating...
2026-09-29 13:42:07,734 INFO methods_in_ai_research.classification.workflows: Accuracy: 0.9355 | Balanced accuracy: 0.6237 | Macro F1: 0.6337
2026-09-29 13:42:07,734 INFO methods_in_ai_research.classification.workflows: Results saved to results/embedding-logistic-regression/grouped
2026-09-29 13:42:07,737 INFO methods_in_ai_research.classification.workflows: 
2026-09-29 13:42:07,737 INFO methods_in_ai_research.classification.workflows: === embedding-linear-svm | grouped ===
2026-09-29 13:42:07,737 INFO methods_in_ai_research.classification.workflows: Training examples: 20153
2026-09-29 13:42:07,737 INFO methods_in_ai_research.classification.workflows: Testing examples: 3845
2026-09-29 13:42:08,413 INFO methods_in_ai_research.classification.workflows: Preparing classifier...
2026-09-29 13:44:09,092 INFO methods_in_ai_research.classification.splitting: ===[SPLIT SUMMARY]===
2026-09-29 13:44:09,092 INFO methods_in_ai_research.classification.splitting: Original split:
2026-09-29 13:44:09,092 INFO methods_in_ai_research.classification.splitting: Training 20398 records 84.99874989582466
2026-09-29 13:44:09,092 INFO methods_in_ai_research.classification.splitting: Testing 3600 records 15.001250104175348
2026-09-29 13:44:09,094 INFO methods_in_ai_research.classification.splitting: Training labels: 15
2026-09-29 13:44:09,094 INFO methods_in_ai_research.classification.splitting: Testing labels: 15
2026-09-29 13:44:09,671 INFO methods_in_ai_research.classification.splitting: ===[SPLIT SUMMARY]===
2026-09-29 13:44:09,671 INFO methods_in_ai_research.classification.splitting: Grouped split:
2026-09-29 13:44:09,671 INFO methods_in_ai_research.classification.splitting: Training 20153 records 83.97783148595717
2026-09-29 13:44:09,671 INFO methods_in_ai_research.classification.splitting: Testing 3845 records 16.022168514042836
2026-09-29 13:44:09,672 INFO methods_in_ai_research.classification.splitting: Training labels: 15
2026-09-29 13:44:09,672 INFO methods_in_ai_research.classification.splitting: Testing labels: 14
2026-09-29 13:44:09,690 INFO methods_in_ai_research.classification.workflows: 
2026-09-29 13:44:09,690 INFO methods_in_ai_research.classification.workflows: === rule-based | original ===
2026-09-29 13:44:09,690 INFO methods_in_ai_research.classification.workflows: Training examples: 20398
2026-09-29 13:44:09,690 INFO methods_in_ai_research.classification.workflows: Testing examples: 3600
2026-09-29 13:44:09,690 INFO methods_in_ai_research.classification.workflows: Preparing classifier...
2026-09-29 13:44:09,690 INFO methods_in_ai_research.classification.workflows: Evaluating...
2026-09-29 13:44:09,880 INFO methods_in_ai_research.classification.workflows: Accuracy: 0.8453 | Balanced accuracy: 0.7309 | Macro F1: 0.6176
2026-09-29 13:44:09,880 INFO methods_in_ai_research.classification.workflows: Results saved to results/rule-based/original
2026-09-29 13:44:09,880 INFO methods_in_ai_research.classification.workflows: 
2026-09-29 13:44:09,880 INFO methods_in_ai_research.classification.workflows: === bow-logistic-regression | original ===
2026-09-29 13:44:09,880 INFO methods_in_ai_research.classification.workflows: Training examples: 20398
2026-09-29 13:44:09,880 INFO methods_in_ai_research.classification.workflows: Testing examples: 3600
2026-09-29 13:44:09,880 INFO methods_in_ai_research.classification.workflows: Preparing classifier...
2026-09-29 13:44:10,400 INFO methods_in_ai_research.classification.workflows: Evaluating...
2026-09-29 13:44:10,498 INFO methods_in_ai_research.classification.workflows: Accuracy: 0.9697 | Balanced accuracy: 0.6565 | Macro F1: 0.7029
2026-09-29 13:44:10,498 INFO methods_in_ai_research.classification.workflows: Results saved to results/bow-logistic-regression/original
2026-09-29 13:44:10,514 INFO methods_in_ai_research.classification.workflows: Test tokens: 12762
2026-09-29 13:44:10,514 INFO methods_in_ai_research.classification.workflows: OOV tokens: 48
2026-09-29 13:44:10,514 INFO methods_in_ai_research.classification.workflows: OOV token rate: 0.38%
2026-09-29 13:44:10,514 INFO methods_in_ai_research.classification.workflows: All-OOV utterances: 4
2026-09-29 13:44:10,515 INFO methods_in_ai_research.classification.workflows: 
2026-09-29 13:44:10,515 INFO methods_in_ai_research.classification.workflows: === bow-linear-svm | original ===
2026-09-29 13:44:10,515 INFO methods_in_ai_research.classification.workflows: Training examples: 20398
2026-09-29 13:44:10,515 INFO methods_in_ai_research.classification.workflows: Testing examples: 3600
2026-09-29 13:44:10,515 INFO methods_in_ai_research.classification.workflows: Preparing classifier...
2026-09-29 13:44:12,033 INFO methods_in_ai_research.classification.workflows: Evaluating...
2026-09-29 13:44:12,133 INFO methods_in_ai_research.classification.workflows: Accuracy: 0.9844 | Balanced accuracy: 0.9406 | Macro F1: 0.9440
2026-09-29 13:44:12,133 INFO methods_in_ai_research.classification.workflows: Results saved to results/bow-linear-svm/original
2026-09-29 13:44:12,150 INFO methods_in_ai_research.classification.workflows: Test tokens: 12762
2026-09-29 13:44:12,151 INFO methods_in_ai_research.classification.workflows: OOV tokens: 48
2026-09-29 13:44:12,151 INFO methods_in_ai_research.classification.workflows: OOV token rate: 0.38%
2026-09-29 13:44:12,151 INFO methods_in_ai_research.classification.workflows: All-OOV utterances: 4
2026-09-29 13:44:12,151 INFO methods_in_ai_research.classification.workflows: 
2026-09-29 13:44:12,151 INFO methods_in_ai_research.classification.workflows: === embedding-logistic-regression | original ===
2026-09-29 13:44:12,151 INFO methods_in_ai_research.classification.workflows: Training examples: 20398
2026-09-29 13:44:12,151 INFO methods_in_ai_research.classification.workflows: Testing examples: 3600
2026-09-29 13:44:12,963 INFO methods_in_ai_research.classification.workflows: Preparing classifier...
2026-09-29 13:44:52,913 INFO methods_in_ai_research.classification.workflows: Evaluating...
2026-09-29 13:44:59,126 INFO methods_in_ai_research.classification.workflows: Accuracy: 0.9819 | Balanced accuracy: 0.8699 | Macro F1: 0.8593
2026-09-29 13:44:59,126 INFO methods_in_ai_research.classification.workflows: Results saved to results/embedding-logistic-regression/original
2026-09-29 13:44:59,129 INFO methods_in_ai_research.classification.workflows: 
2026-09-29 13:44:59,130 INFO methods_in_ai_research.classification.workflows: === embedding-linear-svm | original ===
2026-09-29 13:44:59,130 INFO methods_in_ai_research.classification.workflows: Training examples: 20398
2026-09-29 13:44:59,130 INFO methods_in_ai_research.classification.workflows: Testing examples: 3600
2026-09-29 13:44:59,796 INFO methods_in_ai_research.classification.workflows: Preparing classifier...
2026-09-29 13:47:29,458 INFO methods_in_ai_research.classification.workflows: Evaluating...
2026-09-29 13:47:36,052 INFO methods_in_ai_research.classification.workflows: Accuracy: 0.9836 | Balanced accuracy: 0.9484 | Macro F1: 0.9266
2026-09-29 13:47:36,053 INFO methods_in_ai_research.classification.workflows: Results saved to results/embedding-linear-svm/original
2026-09-29 13:47:36,056 INFO methods_in_ai_research.classification.workflows: 
2026-09-29 13:47:36,056 INFO methods_in_ai_research.classification.workflows: === naive-bayes | original ===
2026-09-29 13:47:36,056 INFO methods_in_ai_research.classification.workflows: Training examples: 20398
2026-09-29 13:47:36,056 INFO methods_in_ai_research.classification.workflows: Testing examples: 3600
2026-09-29 13:47:36,057 INFO methods_in_ai_research.classification.workflows: Preparing classifier...
2026-09-29 13:47:36,153 INFO methods_in_ai_research.classification.workflows: Evaluating...
2026-09-29 13:47:36,251 INFO methods_in_ai_research.classification.workflows: Accuracy: 0.9419 | Balanced accuracy: 0.4358 | Macro F1: 0.4595
2026-09-29 13:47:36,251 INFO methods_in_ai_research.classification.workflows: Results saved to results/naive-bayes/original
2026-09-29 13:47:36,268 INFO methods_in_ai_research.classification.workflows: Test tokens: 12762
2026-09-29 13:47:36,268 INFO methods_in_ai_research.classification.workflows: OOV tokens: 48
2026-09-29 13:47:36,269 INFO methods_in_ai_research.classification.workflows: OOV token rate: 0.38%
2026-09-29 13:47:36,269 INFO methods_in_ai_research.classification.workflows: All-OOV utterances: 4
2026-09-29 13:47:36,269 INFO methods_in_ai_research.classification.workflows: 
2026-09-29 13:47:36,269 INFO methods_in_ai_research.classification.workflows: === decision-tree | original ===
2026-09-29 13:47:36,269 INFO methods_in_ai_research.classification.workflows: Training examples: 20398
2026-09-29 13:47:36,269 INFO methods_in_ai_research.classification.workflows: Testing examples: 3600
2026-09-29 13:47:36,269 INFO methods_in_ai_research.classification.workflows: Preparing classifier...
2026-09-29 13:47:37,080 INFO methods_in_ai_research.classification.workflows: Evaluating...
2026-09-29 13:47:37,182 INFO methods_in_ai_research.classification.workflows: Accuracy: 0.9822 | Balanced accuracy: 0.8974 | Macro F1: 0.8508
2026-09-29 13:47:37,182 INFO methods_in_ai_research.classification.workflows: Results saved to results/decision-tree/original
2026-09-29 13:47:37,198 INFO methods_in_ai_research.classification.workflows: Test tokens: 12762
2026-09-29 13:47:37,198 INFO methods_in_ai_research.classification.workflows: OOV tokens: 48
2026-09-29 13:47:37,198 INFO methods_in_ai_research.classification.workflows: OOV token rate: 0.38%
2026-09-29 13:47:37,198 INFO methods_in_ai_research.classification.workflows: All-OOV utterances: 4
2026-09-29 13:47:37,198 INFO methods_in_ai_research.classification.workflows: 
2026-09-29 13:47:37,199 INFO methods_in_ai_research.classification.workflows: === rule-based | grouped ===
2026-09-29 13:47:37,199 INFO methods_in_ai_research.classification.workflows: Training examples: 20153
2026-09-29 13:47:37,199 INFO methods_in_ai_research.classification.workflows: Testing examples: 3845
2026-09-29 13:47:37,199 INFO methods_in_ai_research.classification.workflows: Preparing classifier...
2026-09-29 13:47:37,199 INFO methods_in_ai_research.classification.workflows: Evaluating...
2026-09-29 13:47:37,433 INFO methods_in_ai_research.classification.workflows: Accuracy: 0.8497 | Balanced accuracy: 0.6846 | Macro F1: 0.6397
2026-09-29 13:47:37,433 INFO methods_in_ai_research.classification.workflows: Results saved to results/rule-based/grouped
2026-09-29 13:47:37,434 INFO methods_in_ai_research.classification.workflows: 
2026-09-29 13:47:37,434 INFO methods_in_ai_research.classification.workflows: === bow-logistic-regression | grouped ===
2026-09-29 13:47:37,434 INFO methods_in_ai_research.classification.workflows: Training examples: 20153
2026-09-29 13:47:37,434 INFO methods_in_ai_research.classification.workflows: Testing examples: 3845
2026-09-29 13:47:37,434 INFO methods_in_ai_research.classification.workflows: Preparing classifier...
2026-09-29 13:47:37,908 INFO methods_in_ai_research.classification.workflows: Evaluating...
2026-09-29 13:47:38,021 INFO methods_in_ai_research.classification.workflows: Accuracy: 0.9238 | Balanced accuracy: 0.4714 | Macro F1: 0.4882
2026-09-29 13:47:38,021 INFO methods_in_ai_research.classification.workflows: Results saved to results/bow-logistic-regression/grouped
2026-09-29 13:47:38,043 INFO methods_in_ai_research.classification.workflows: Test tokens: 17218
2026-09-29 13:47:38,043 INFO methods_in_ai_research.classification.workflows: OOV tokens: 91
2026-09-29 13:47:38,043 INFO methods_in_ai_research.classification.workflows: OOV token rate: 0.53%
2026-09-29 13:47:38,043 INFO methods_in_ai_research.classification.workflows: All-OOV utterances: 33
2026-09-29 13:47:38,043 INFO methods_in_ai_research.classification.workflows: 
2026-09-29 13:47:38,043 INFO methods_in_ai_research.classification.workflows: === bow-linear-svm | grouped ===
2026-09-29 13:47:38,043 INFO methods_in_ai_research.classification.workflows: Training examples: 20153
2026-09-29 13:47:38,043 INFO methods_in_ai_research.classification.workflows: Testing examples: 3845
2026-09-29 13:47:38,043 INFO methods_in_ai_research.classification.workflows: Preparing classifier...
2026-09-29 13:47:39,701 INFO methods_in_ai_research.classification.workflows: Evaluating...
2026-09-29 13:47:39,806 INFO methods_in_ai_research.classification.workflows: Accuracy: 0.9319 | Balanced accuracy: 0.7400 | Macro F1: 0.7550
2026-09-29 13:47:39,806 INFO methods_in_ai_research.classification.workflows: Results saved to results/bow-linear-svm/grouped
2026-09-29 13:47:39,828 INFO methods_in_ai_research.classification.workflows: Test tokens: 17218
2026-09-29 13:47:39,828 INFO methods_in_ai_research.classification.workflows: OOV tokens: 91
2026-09-29 13:47:39,828 INFO methods_in_ai_research.classification.workflows: OOV token rate: 0.53%
2026-09-29 13:47:39,828 INFO methods_in_ai_research.classification.workflows: All-OOV utterances: 33
2026-09-29 13:47:39,828 INFO methods_in_ai_research.classification.workflows: 
2026-09-29 13:47:39,828 INFO methods_in_ai_research.classification.workflows: === embedding-logistic-regression | grouped ===
2026-09-29 13:47:39,828 INFO methods_in_ai_research.classification.workflows: Training examples: 20153
2026-09-29 13:47:39,828 INFO methods_in_ai_research.classification.workflows: Testing examples: 3845
2026-09-29 13:47:40,532 INFO methods_in_ai_research.classification.workflows: Preparing classifier...
2026-09-29 13:48:18,552 INFO methods_in_ai_research.classification.workflows: Evaluating...
2026-09-29 13:48:27,202 INFO methods_in_ai_research.classification.workflows: Accuracy: 0.9355 | Balanced accuracy: 0.6237 | Macro F1: 0.6337
2026-09-29 13:48:27,202 INFO methods_in_ai_research.classification.workflows: Results saved to results/embedding-logistic-regression/grouped
2026-09-29 13:48:27,205 INFO methods_in_ai_research.classification.workflows: 
2026-09-29 13:48:27,205 INFO methods_in_ai_research.classification.workflows: === embedding-linear-svm | grouped ===
2026-09-29 13:48:27,205 INFO methods_in_ai_research.classification.workflows: Training examples: 20153
2026-09-29 13:48:27,205 INFO methods_in_ai_research.classification.workflows: Testing examples: 3845
2026-09-29 13:48:27,884 INFO methods_in_ai_research.classification.workflows: Preparing classifier...
2026-09-29 13:51:06,334 INFO methods_in_ai_research.classification.workflows: Evaluating...
2026-09-29 13:51:13,030 INFO methods_in_ai_research.classification.workflows: Accuracy: 0.9417 | Balanced accuracy: 0.7615 | Macro F1: 0.7587
2026-09-29 13:51:13,030 INFO methods_in_ai_research.classification.workflows: Results saved to results/embedding-linear-svm/grouped
2026-09-29 13:51:13,033 INFO methods_in_ai_research.classification.workflows: 
2026-09-29 13:51:13,033 INFO methods_in_ai_research.classification.workflows: === naive-bayes | grouped ===
2026-09-29 13:51:13,033 INFO methods_in_ai_research.classification.workflows: Training examples: 20153
2026-09-29 13:51:13,033 INFO methods_in_ai_research.classification.workflows: Testing examples: 3845
2026-09-29 13:51:13,033 INFO methods_in_ai_research.classification.workflows: Preparing classifier...
2026-09-29 13:51:13,116 INFO methods_in_ai_research.classification.workflows: Evaluating...
2026-09-29 13:51:13,218 INFO methods_in_ai_research.classification.workflows: Accuracy: 0.8967 | Balanced accuracy: 0.2989 | Macro F1: 0.2966
2026-09-29 13:51:13,218 INFO methods_in_ai_research.classification.workflows: Results saved to results/naive-bayes/grouped
2026-09-29 13:51:13,239 INFO methods_in_ai_research.classification.workflows: Test tokens: 17218
2026-09-29 13:51:13,239 INFO methods_in_ai_research.classification.workflows: OOV tokens: 91
2026-09-29 13:51:13,239 INFO methods_in_ai_research.classification.workflows: OOV token rate: 0.53%
2026-09-29 13:51:13,240 INFO methods_in_ai_research.classification.workflows: All-OOV utterances: 33
2026-09-29 13:51:13,240 INFO methods_in_ai_research.classification.workflows: 
2026-09-29 13:51:13,240 INFO methods_in_ai_research.classification.workflows: === decision-tree | grouped ===
2026-09-29 13:51:13,240 INFO methods_in_ai_research.classification.workflows: Training examples: 20153
2026-09-29 13:51:13,240 INFO methods_in_ai_research.classification.workflows: Testing examples: 3845
2026-09-29 13:51:13,240 INFO methods_in_ai_research.classification.workflows: Preparing classifier...
2026-09-29 13:51:13,892 INFO methods_in_ai_research.classification.workflows: Evaluating...
2026-09-29 13:51:13,996 INFO methods_in_ai_research.classification.workflows: Accuracy: 0.8749 | Balanced accuracy: 0.6633 | Macro F1: 0.6788
2026-09-29 13:51:13,996 INFO methods_in_ai_research.classification.workflows: Results saved to results/decision-tree/grouped
2026-09-29 13:51:14,017 INFO methods_in_ai_research.classification.workflows: Test tokens: 17218
2026-09-29 13:51:14,017 INFO methods_in_ai_research.classification.workflows: OOV tokens: 91
2026-09-29 13:51:14,017 INFO methods_in_ai_research.classification.workflows: OOV token rate: 0.53%
2026-09-29 13:51:14,017 INFO methods_in_ai_research.classification.workflows: All-OOV utterances: 33
2026-09-29 13:51:14,017 INFO methods_in_ai_research.classification.workflows: 
Experiment summary
Classifier                     Split     Accuracy  Balanced accuracy  Macro F1
-----------------------------  --------  --------  -----------------  --------
rule-based                     original    0.8453             0.7309    0.6176
bow-logistic-regression        original    0.9697             0.6565    0.7029
bow-linear-svm                 original    0.9844             0.9406    0.9440
embedding-logistic-regression  original    0.9819             0.8699    0.8593
embedding-linear-svm           original    0.9836             0.9484    0.9266
naive-bayes                    original    0.9419             0.4358    0.4595
decision-tree                  original    0.9822             0.8974    0.8508
rule-based                     grouped     0.8497             0.6846    0.6397
bow-logistic-regression        grouped     0.9238             0.4714    0.4882
bow-linear-svm                 grouped     0.9319             0.7400    0.7550
embedding-logistic-regression  grouped     0.9355             0.6237    0.6337
embedding-linear-svm           grouped     0.9417             0.7615    0.7587
naive-bayes                    grouped     0.8967             0.2989    0.2966
decision-tree                  grouped     0.8749             0.6633    0.6788
2026-09-29 14:14:35,475 INFO methods_in_ai_research.classification.splitting: ===[SPLIT SUMMARY]===
2026-09-29 14:14:35,475 INFO methods_in_ai_research.classification.splitting: Original split:
2026-09-29 14:14:35,475 INFO methods_in_ai_research.classification.splitting: Training 20398 records 84.99874989582466
2026-09-29 14:14:35,475 INFO methods_in_ai_research.classification.splitting: Testing 3600 records 15.001250104175348
2026-09-29 14:14:35,477 INFO methods_in_ai_research.classification.splitting: Training labels: 15
2026-09-29 14:14:35,477 INFO methods_in_ai_research.classification.splitting: Testing labels: 15
2026-09-29 14:14:36,031 INFO methods_in_ai_research.classification.splitting: ===[SPLIT SUMMARY]===
2026-09-29 14:14:36,031 INFO methods_in_ai_research.classification.splitting: Grouped split:
2026-09-29 14:14:36,031 INFO methods_in_ai_research.classification.splitting: Training 20153 records 83.97783148595717
2026-09-29 14:14:36,031 INFO methods_in_ai_research.classification.splitting: Testing 3845 records 16.022168514042836
2026-09-29 14:14:36,032 INFO methods_in_ai_research.classification.splitting: Training labels: 15
2026-09-29 14:14:36,032 INFO methods_in_ai_research.classification.splitting: Testing labels: 14
2026-09-29 14:14:36,051 INFO methods_in_ai_research.classification.workflows: 
2026-09-29 14:14:36,051 INFO methods_in_ai_research.classification.workflows: === rule-based | original ===
2026-09-29 14:14:36,051 INFO methods_in_ai_research.classification.workflows: Training examples: 20398
2026-09-29 14:14:36,051 INFO methods_in_ai_research.classification.workflows: Testing examples: 3600
2026-09-29 14:14:36,051 INFO methods_in_ai_research.classification.workflows: Preparing classifier...
2026-09-29 14:14:36,051 INFO methods_in_ai_research.classification.workflows: Evaluating...
2026-09-29 14:14:36,240 INFO methods_in_ai_research.classification.workflows: Accuracy: 0.8453 | Balanced accuracy: 0.7309 | Macro F1: 0.6176
2026-09-29 14:14:36,240 INFO methods_in_ai_research.classification.workflows: Results saved to results/rule-based/original
2026-09-29 14:14:36,240 INFO methods_in_ai_research.classification.workflows: 
2026-09-29 14:14:36,240 INFO methods_in_ai_research.classification.workflows: === bow-logistic-regression | original ===
2026-09-29 14:14:36,240 INFO methods_in_ai_research.classification.workflows: Training examples: 20398
2026-09-29 14:14:36,240 INFO methods_in_ai_research.classification.workflows: Testing examples: 3600
2026-09-29 14:14:36,240 INFO methods_in_ai_research.classification.workflows: Preparing classifier...
2026-09-29 14:14:36,783 INFO methods_in_ai_research.classification.workflows: Evaluating...
2026-09-29 14:14:36,883 INFO methods_in_ai_research.classification.workflows: Accuracy: 0.9697 | Balanced accuracy: 0.6565 | Macro F1: 0.7029
2026-09-29 14:14:36,883 INFO methods_in_ai_research.classification.workflows: Results saved to results/bow-logistic-regression/original
2026-09-29 14:14:36,900 INFO methods_in_ai_research.classification.workflows: Test tokens: 12762
2026-09-29 14:14:36,900 INFO methods_in_ai_research.classification.workflows: OOV tokens: 48
2026-09-29 14:14:36,900 INFO methods_in_ai_research.classification.workflows: OOV token rate: 0.38%
2026-09-29 14:14:36,900 INFO methods_in_ai_research.classification.workflows: All-OOV utterances: 4
2026-09-29 14:14:36,900 INFO methods_in_ai_research.classification.workflows: 
2026-09-29 14:14:36,900 INFO methods_in_ai_research.classification.workflows: === bow-linear-svm | original ===
2026-09-29 14:14:36,900 INFO methods_in_ai_research.classification.workflows: Training examples: 20398
2026-09-29 14:14:36,900 INFO methods_in_ai_research.classification.workflows: Testing examples: 3600
2026-09-29 14:14:36,900 INFO methods_in_ai_research.classification.workflows: Preparing classifier...
2026-09-29 14:14:38,540 INFO methods_in_ai_research.classification.workflows: Evaluating...
2026-09-29 14:14:38,643 INFO methods_in_ai_research.classification.workflows: Accuracy: 0.9844 | Balanced accuracy: 0.9406 | Macro F1: 0.9440
2026-09-29 14:14:38,643 INFO methods_in_ai_research.classification.workflows: Results saved to results/bow-linear-svm/original
2026-09-29 14:14:38,660 INFO methods_in_ai_research.classification.workflows: Test tokens: 12762
2026-09-29 14:14:38,660 INFO methods_in_ai_research.classification.workflows: OOV tokens: 48
2026-09-29 14:14:38,660 INFO methods_in_ai_research.classification.workflows: OOV token rate: 0.38%
2026-09-29 14:14:38,660 INFO methods_in_ai_research.classification.workflows: All-OOV utterances: 4
2026-09-29 14:14:38,661 INFO methods_in_ai_research.classification.workflows: 
2026-09-29 14:14:38,661 INFO methods_in_ai_research.classification.workflows: === embedding-logistic-regression | original ===
2026-09-29 14:14:38,661 INFO methods_in_ai_research.classification.workflows: Training examples: 20398
2026-09-29 14:14:38,661 INFO methods_in_ai_research.classification.workflows: Testing examples: 3600
2026-09-29 14:14:39,513 INFO methods_in_ai_research.classification.workflows: Preparing classifier...
2026-09-29 14:15:17,597 INFO methods_in_ai_research.classification.workflows: Evaluating...
2026-09-29 14:15:23,839 INFO methods_in_ai_research.classification.workflows: Accuracy: 0.9819 | Balanced accuracy: 0.8699 | Macro F1: 0.8593
2026-09-29 14:15:23,839 INFO methods_in_ai_research.classification.workflows: Results saved to results/embedding-logistic-regression/original
2026-09-29 14:15:23,842 INFO methods_in_ai_research.classification.workflows: 
2026-09-29 14:15:23,842 INFO methods_in_ai_research.classification.workflows: === embedding-linear-svm | original ===
2026-09-29 14:15:23,842 INFO methods_in_ai_research.classification.workflows: Training examples: 20398
2026-09-29 14:15:23,842 INFO methods_in_ai_research.classification.workflows: Testing examples: 3600
2026-09-29 14:15:24,505 INFO methods_in_ai_research.classification.workflows: Preparing classifier...
2026-09-29 14:17:53,918 INFO methods_in_ai_research.classification.workflows: Evaluating...
2026-09-29 14:18:00,805 INFO methods_in_ai_research.classification.workflows: Accuracy: 0.9836 | Balanced accuracy: 0.9484 | Macro F1: 0.9266
2026-09-29 14:18:00,805 INFO methods_in_ai_research.classification.workflows: Results saved to results/embedding-linear-svm/original
2026-09-29 14:18:00,808 INFO methods_in_ai_research.classification.workflows: 
2026-09-29 14:18:00,808 INFO methods_in_ai_research.classification.workflows: === naive-bayes | original ===
2026-09-29 14:18:00,808 INFO methods_in_ai_research.classification.workflows: Training examples: 20398
2026-09-29 14:18:00,809 INFO methods_in_ai_research.classification.workflows: Testing examples: 3600
2026-09-29 14:18:00,809 INFO methods_in_ai_research.classification.workflows: Preparing classifier...
2026-09-29 14:18:00,899 INFO methods_in_ai_research.classification.workflows: Evaluating...
2026-09-29 14:18:01,000 INFO methods_in_ai_research.classification.workflows: Accuracy: 0.9419 | Balanced accuracy: 0.4358 | Macro F1: 0.4595
2026-09-29 14:18:01,000 INFO methods_in_ai_research.classification.workflows: Results saved to results/naive-bayes/original
2026-09-29 14:18:01,016 INFO methods_in_ai_research.classification.workflows: Test tokens: 12762
2026-09-29 14:18:01,017 INFO methods_in_ai_research.classification.workflows: OOV tokens: 48
2026-09-29 14:18:01,017 INFO methods_in_ai_research.classification.workflows: OOV token rate: 0.38%
2026-09-29 14:18:01,017 INFO methods_in_ai_research.classification.workflows: All-OOV utterances: 4
2026-09-29 14:18:01,017 INFO methods_in_ai_research.classification.workflows: 
2026-09-29 14:18:01,017 INFO methods_in_ai_research.classification.workflows: === decision-tree | original ===
2026-09-29 14:18:01,017 INFO methods_in_ai_research.classification.workflows: Training examples: 20398
2026-09-29 14:18:01,017 INFO methods_in_ai_research.classification.workflows: Testing examples: 3600
2026-09-29 14:18:01,017 INFO methods_in_ai_research.classification.workflows: Preparing classifier...
2026-09-29 14:18:01,804 INFO methods_in_ai_research.classification.workflows: Evaluating...
2026-09-29 14:18:01,895 INFO methods_in_ai_research.classification.workflows: Accuracy: 0.9822 | Balanced accuracy: 0.8974 | Macro F1: 0.8508
2026-09-29 14:18:01,895 INFO methods_in_ai_research.classification.workflows: Results saved to results/decision-tree/original
2026-09-29 14:18:01,911 INFO methods_in_ai_research.classification.workflows: Test tokens: 12762
2026-09-29 14:18:01,911 INFO methods_in_ai_research.classification.workflows: OOV tokens: 48
2026-09-29 14:18:01,911 INFO methods_in_ai_research.classification.workflows: OOV token rate: 0.38%
2026-09-29 14:18:01,911 INFO methods_in_ai_research.classification.workflows: All-OOV utterances: 4
2026-09-29 14:18:01,911 INFO methods_in_ai_research.classification.workflows: 
2026-09-29 14:18:01,911 INFO methods_in_ai_research.classification.workflows: === rule-based | grouped ===
2026-09-29 14:18:01,911 INFO methods_in_ai_research.classification.workflows: Training examples: 20153
2026-09-29 14:18:01,911 INFO methods_in_ai_research.classification.workflows: Testing examples: 3845
2026-09-29 14:18:01,911 INFO methods_in_ai_research.classification.workflows: Preparing classifier...
2026-09-29 14:18:01,912 INFO methods_in_ai_research.classification.workflows: Evaluating...
2026-09-29 14:18:02,134 INFO methods_in_ai_research.classification.workflows: Accuracy: 0.8497 | Balanced accuracy: 0.6846 | Macro F1: 0.6397
2026-09-29 14:18:02,134 INFO methods_in_ai_research.classification.workflows: Results saved to results/rule-based/grouped
2026-09-29 14:18:02,134 INFO methods_in_ai_research.classification.workflows: 
2026-09-29 14:18:02,135 INFO methods_in_ai_research.classification.workflows: === bow-logistic-regression | grouped ===
2026-09-29 14:18:02,135 INFO methods_in_ai_research.classification.workflows: Training examples: 20153
2026-09-29 14:18:02,135 INFO methods_in_ai_research.classification.workflows: Testing examples: 3845
2026-09-29 14:18:02,135 INFO methods_in_ai_research.classification.workflows: Preparing classifier...
2026-09-29 14:18:02,589 INFO methods_in_ai_research.classification.workflows: Evaluating...
2026-09-29 14:18:02,701 INFO methods_in_ai_research.classification.workflows: Accuracy: 0.9238 | Balanced accuracy: 0.4714 | Macro F1: 0.4882
2026-09-29 14:18:02,701 INFO methods_in_ai_research.classification.workflows: Results saved to results/bow-logistic-regression/grouped
2026-09-29 14:18:02,722 INFO methods_in_ai_research.classification.workflows: Test tokens: 17218
2026-09-29 14:18:02,722 INFO methods_in_ai_research.classification.workflows: OOV tokens: 91
2026-09-29 14:18:02,722 INFO methods_in_ai_research.classification.workflows: OOV token rate: 0.53%
2026-09-29 14:18:02,722 INFO methods_in_ai_research.classification.workflows: All-OOV utterances: 33
2026-09-29 14:18:02,722 INFO methods_in_ai_research.classification.workflows: 
2026-09-29 14:18:02,722 INFO methods_in_ai_research.classification.workflows: === bow-linear-svm | grouped ===
2026-09-29 14:18:02,722 INFO methods_in_ai_research.classification.workflows: Training examples: 20153
2026-09-29 14:18:02,722 INFO methods_in_ai_research.classification.workflows: Testing examples: 3845
2026-09-29 14:18:02,722 INFO methods_in_ai_research.classification.workflows: Preparing classifier...
2026-09-29 14:18:04,364 INFO methods_in_ai_research.classification.workflows: Evaluating...
2026-09-29 14:18:04,475 INFO methods_in_ai_research.classification.workflows: Accuracy: 0.9319 | Balanced accuracy: 0.7400 | Macro F1: 0.7550
2026-09-29 14:18:04,475 INFO methods_in_ai_research.classification.workflows: Results saved to results/bow-linear-svm/grouped
2026-09-29 14:18:04,496 INFO methods_in_ai_research.classification.workflows: Test tokens: 17218
2026-09-29 14:18:04,496 INFO methods_in_ai_research.classification.workflows: OOV tokens: 91
2026-09-29 14:18:04,496 INFO methods_in_ai_research.classification.workflows: OOV token rate: 0.53%
2026-09-29 14:18:04,496 INFO methods_in_ai_research.classification.workflows: All-OOV utterances: 33
2026-09-29 14:18:04,496 INFO methods_in_ai_research.classification.workflows: 
2026-09-29 14:18:04,496 INFO methods_in_ai_research.classification.workflows: === embedding-logistic-regression | grouped ===
2026-09-29 14:18:04,496 INFO methods_in_ai_research.classification.workflows: Training examples: 20153
2026-09-29 14:18:04,496 INFO methods_in_ai_research.classification.workflows: Testing examples: 3845
2026-09-29 14:18:05,162 INFO methods_in_ai_research.classification.workflows: Preparing classifier...
2026-09-29 14:18:44,547 INFO methods_in_ai_research.classification.workflows: Evaluating...
2026-09-29 14:18:52,561 INFO methods_in_ai_research.classification.workflows: Accuracy: 0.9355 | Balanced accuracy: 0.6237 | Macro F1: 0.6337
2026-09-29 14:18:52,561 INFO methods_in_ai_research.classification.workflows: Results saved to results/embedding-logistic-regression/grouped
2026-09-29 14:18:52,564 INFO methods_in_ai_research.classification.workflows: 
2026-09-29 14:18:52,564 INFO methods_in_ai_research.classification.workflows: === embedding-linear-svm | grouped ===
2026-09-29 14:18:52,565 INFO methods_in_ai_research.classification.workflows: Training examples: 20153
2026-09-29 14:18:52,565 INFO methods_in_ai_research.classification.workflows: Testing examples: 3845
2026-09-29 14:18:53,243 INFO methods_in_ai_research.classification.workflows: Preparing classifier...
2026-09-29 14:21:34,680 INFO methods_in_ai_research.classification.workflows: Evaluating...
2026-09-29 14:21:42,169 INFO methods_in_ai_research.classification.workflows: Accuracy: 0.9417 | Balanced accuracy: 0.7615 | Macro F1: 0.7587
2026-09-29 14:21:42,169 INFO methods_in_ai_research.classification.workflows: Results saved to results/embedding-linear-svm/grouped
2026-09-29 14:21:42,173 INFO methods_in_ai_research.classification.workflows: 
2026-09-29 14:21:42,173 INFO methods_in_ai_research.classification.workflows: === naive-bayes | grouped ===
2026-09-29 14:21:42,173 INFO methods_in_ai_research.classification.workflows: Training examples: 20153
2026-09-29 14:21:42,173 INFO methods_in_ai_research.classification.workflows: Testing examples: 3845
2026-09-29 14:21:42,174 INFO methods_in_ai_research.classification.workflows: Preparing classifier...
2026-09-29 14:21:42,258 INFO methods_in_ai_research.classification.workflows: Evaluating...
2026-09-29 14:21:42,368 INFO methods_in_ai_research.classification.workflows: Accuracy: 0.8967 | Balanced accuracy: 0.2989 | Macro F1: 0.2966
2026-09-29 14:21:42,368 INFO methods_in_ai_research.classification.workflows: Results saved to results/naive-bayes/grouped
2026-09-29 14:21:42,389 INFO methods_in_ai_research.classification.workflows: Test tokens: 17218
2026-09-29 14:21:42,389 INFO methods_in_ai_research.classification.workflows: OOV tokens: 91
2026-09-29 14:21:42,389 INFO methods_in_ai_research.classification.workflows: OOV token rate: 0.53%
2026-09-29 14:21:42,389 INFO methods_in_ai_research.classification.workflows: All-OOV utterances: 33
2026-09-29 14:21:42,389 INFO methods_in_ai_research.classification.workflows: 
2026-09-29 14:21:42,389 INFO methods_in_ai_research.classification.workflows: === decision-tree | grouped ===
2026-09-29 14:21:42,389 INFO methods_in_ai_research.classification.workflows: Training examples: 20153
2026-09-29 14:21:42,389 INFO methods_in_ai_research.classification.workflows: Testing examples: 3845
2026-09-29 14:21:42,389 INFO methods_in_ai_research.classification.workflows: Preparing classifier...
2026-09-29 14:21:43,092 INFO methods_in_ai_research.classification.workflows: Evaluating...
2026-09-29 14:21:43,211 INFO methods_in_ai_research.classification.workflows: Accuracy: 0.8749 | Balanced accuracy: 0.6633 | Macro F1: 0.6788
2026-09-29 14:21:43,211 INFO methods_in_ai_research.classification.workflows: Results saved to results/decision-tree/grouped
2026-09-29 14:21:43,233 INFO methods_in_ai_research.classification.workflows: Test tokens: 17218
2026-09-29 14:21:43,234 INFO methods_in_ai_research.classification.workflows: OOV tokens: 91
2026-09-29 14:21:43,234 INFO methods_in_ai_research.classification.workflows: OOV token rate: 0.53%
2026-09-29 14:21:43,234 INFO methods_in_ai_research.classification.workflows: All-OOV utterances: 33
2026-09-29 14:21:43,234 INFO methods_in_ai_research.classification.workflows: 
Experiment summary
Classifier                     Split     Accuracy  Balanced accuracy  Macro F1  Weighted F1  Macro Precision  Weighted Precision  Macro Recall  Weighted Recall
-----------------------------  --------  --------  -----------------  --------  -----------  ---------------  ------------------  ------------  ---------------
rule-based                     original    0.8453             0.7309    0.6176       0.8679           0.6728              0.9019        0.7309           0.8453
bow-logistic-regression        original    0.9697             0.6565    0.7029       0.9680           0.7832              0.9685        0.6565           0.9697
bow-linear-svm                 original    0.9844             0.9406    0.9440       0.9843           0.9518              0.9844        0.9406           0.9844
embedding-logistic-regression  original    0.9819             0.8699    0.8593       0.9818           0.8530              0.9819        0.8699           0.9819
embedding-linear-svm           original    0.9836             0.9484    0.9266       0.9837           0.9100              0.9839        0.9484           0.9836
naive-bayes                    original    0.9419             0.4358    0.4595       0.9333           0.5797              0.9357        0.4358           0.9419
decision-tree                  original    0.9822             0.8974    0.8508       0.9823           0.8201              0.9827        0.8974           0.9822
rule-based                     grouped     0.8497             0.6846    0.6397       0.8505           0.6767              0.8675        0.6846           0.8497
bow-logistic-regression        grouped     0.9238             0.4714    0.4882       0.9073           0.5441              0.9019        0.4714           0.9238
bow-linear-svm                 grouped     0.9319             0.7400    0.7550       0.9265           0.8405              0.9297        0.7400           0.9319
embedding-logistic-regression  grouped     0.9355             0.6237    0.6337       0.9317           0.7154              0.9348        0.6237           0.9355
embedding-linear-svm           grouped     0.9417             0.7615    0.7587       0.9392           0.8262              0.9429        0.7615           0.9417
naive-bayes                    grouped     0.8967             0.2989    0.2966       0.8663           0.4033              0.8613        0.2989           0.8967
decision-tree                  grouped     0.8749             0.6633    0.6788       0.8938           0.8044              0.9284        0.6633           0.8749
2026-09-29 14:21:43,291 INFO methods_in_ai_research.classification.workflows: Grouped Comparison CSV saved to results/grouped_results.csv
2026-09-29 14:21:43,363 INFO methods_in_ai_research.classification.workflows: Original Comparison CSV saved to results/original_results.csv
2026-09-29 14:41:22,715 INFO methods_in_ai_research.classification.splitting: ===[SPLIT SUMMARY]===
2026-09-29 14:41:22,715 INFO methods_in_ai_research.classification.splitting: Original split:
2026-09-29 14:41:22,715 INFO methods_in_ai_research.classification.splitting: Training 20398 records 84.99874989582466
2026-09-29 14:41:22,715 INFO methods_in_ai_research.classification.splitting: Testing 3600 records 15.001250104175348
2026-09-29 14:41:22,716 INFO methods_in_ai_research.classification.splitting: Training labels: 15
2026-09-29 14:41:22,716 INFO methods_in_ai_research.classification.splitting: Testing labels: 15
2026-09-29 14:41:23,226 INFO methods_in_ai_research.classification.splitting: ===[SPLIT SUMMARY]===
2026-09-29 14:41:23,226 INFO methods_in_ai_research.classification.splitting: Grouped split:
2026-09-29 14:41:23,226 INFO methods_in_ai_research.classification.splitting: Training 20153 records 83.97783148595717
2026-09-29 14:41:23,226 INFO methods_in_ai_research.classification.splitting: Testing 3845 records 16.022168514042836
2026-09-29 14:41:23,227 INFO methods_in_ai_research.classification.splitting: Training labels: 15
2026-09-29 14:41:23,227 INFO methods_in_ai_research.classification.splitting: Testing labels: 14
2026-09-29 14:41:23,245 INFO methods_in_ai_research.classification.workflows: 
2026-09-29 14:41:23,245 INFO methods_in_ai_research.classification.workflows: === rule-based | original ===
2026-09-29 14:41:23,245 INFO methods_in_ai_research.classification.workflows: Training examples: 20398
2026-09-29 14:41:23,245 INFO methods_in_ai_research.classification.workflows: Testing examples: 3600
2026-09-29 14:41:23,245 INFO methods_in_ai_research.classification.workflows: Preparing classifier...
2026-09-29 14:41:23,245 INFO methods_in_ai_research.classification.workflows: Evaluating...
2026-09-29 14:41:23,428 INFO methods_in_ai_research.classification.workflows: Accuracy: 0.8453 | Balanced accuracy: 0.7309 | Macro F1: 0.6176
2026-09-29 14:41:23,428 INFO methods_in_ai_research.classification.workflows: Results saved to results/rule-based/original
2026-09-29 14:41:23,428 INFO methods_in_ai_research.classification.workflows: 
2026-09-29 14:41:23,428 INFO methods_in_ai_research.classification.workflows: === bow-logistic-regression | original ===
2026-09-29 14:41:23,428 INFO methods_in_ai_research.classification.workflows: Training examples: 20398
2026-09-29 14:41:23,428 INFO methods_in_ai_research.classification.workflows: Testing examples: 3600
2026-09-29 14:41:23,428 INFO methods_in_ai_research.classification.workflows: Preparing classifier...
2026-09-29 14:41:23,933 INFO methods_in_ai_research.classification.workflows: Evaluating...
2026-09-29 14:41:24,026 INFO methods_in_ai_research.classification.workflows: Accuracy: 0.9697 | Balanced accuracy: 0.6565 | Macro F1: 0.7029
2026-09-29 14:41:24,026 INFO methods_in_ai_research.classification.workflows: Results saved to results/bow-logistic-regression/original
2026-09-29 14:41:24,042 INFO methods_in_ai_research.classification.workflows: Test tokens: 12762
2026-09-29 14:41:24,042 INFO methods_in_ai_research.classification.workflows: OOV tokens: 48
2026-09-29 14:41:24,042 INFO methods_in_ai_research.classification.workflows: OOV token rate: 0.38%
2026-09-29 14:41:24,042 INFO methods_in_ai_research.classification.workflows: All-OOV utterances: 4
2026-09-29 14:41:24,043 INFO methods_in_ai_research.classification.workflows: 
2026-09-29 14:41:24,043 INFO methods_in_ai_research.classification.workflows: === bow-linear-svm | original ===
2026-09-29 14:41:24,043 INFO methods_in_ai_research.classification.workflows: Training examples: 20398
2026-09-29 14:41:24,043 INFO methods_in_ai_research.classification.workflows: Testing examples: 3600
2026-09-29 14:41:24,043 INFO methods_in_ai_research.classification.workflows: Preparing classifier...
2026-09-29 14:41:25,527 INFO methods_in_ai_research.classification.workflows: Evaluating...
2026-09-29 14:41:25,621 INFO methods_in_ai_research.classification.workflows: Accuracy: 0.9844 | Balanced accuracy: 0.9406 | Macro F1: 0.9440
2026-09-29 14:41:25,621 INFO methods_in_ai_research.classification.workflows: Results saved to results/bow-linear-svm/original
2026-09-29 14:41:25,638 INFO methods_in_ai_research.classification.workflows: Test tokens: 12762
2026-09-29 14:41:25,638 INFO methods_in_ai_research.classification.workflows: OOV tokens: 48
2026-09-29 14:41:25,638 INFO methods_in_ai_research.classification.workflows: OOV token rate: 0.38%
2026-09-29 14:41:25,638 INFO methods_in_ai_research.classification.workflows: All-OOV utterances: 4
2026-09-29 14:41:25,638 INFO methods_in_ai_research.classification.workflows: 
2026-09-29 14:41:25,638 INFO methods_in_ai_research.classification.workflows: === embedding-logistic-regression | original ===
2026-09-29 14:41:25,638 INFO methods_in_ai_research.classification.workflows: Training examples: 20398
2026-09-29 14:41:25,638 INFO methods_in_ai_research.classification.workflows: Testing examples: 3600
2026-09-29 14:41:26,495 INFO methods_in_ai_research.classification.workflows: Preparing classifier...
2026-09-29 14:42:02,470 INFO methods_in_ai_research.classification.workflows: Evaluating...
2026-09-29 14:42:09,277 INFO methods_in_ai_research.classification.workflows: Accuracy: 0.9819 | Balanced accuracy: 0.8699 | Macro F1: 0.8593
2026-09-29 14:42:09,277 INFO methods_in_ai_research.classification.workflows: Results saved to results/embedding-logistic-regression/original
2026-09-29 14:42:09,281 INFO methods_in_ai_research.classification.workflows: 
2026-09-29 14:42:09,281 INFO methods_in_ai_research.classification.workflows: === embedding-linear-svm | original ===
2026-09-29 14:42:09,281 INFO methods_in_ai_research.classification.workflows: Training examples: 20398
2026-09-29 14:42:09,281 INFO methods_in_ai_research.classification.workflows: Testing examples: 3600
2026-09-29 14:42:09,938 INFO methods_in_ai_research.classification.workflows: Preparing classifier...
2026-09-29 14:44:39,776 INFO methods_in_ai_research.classification.workflows: Evaluating...
2026-09-29 14:44:46,220 INFO methods_in_ai_research.classification.workflows: Accuracy: 0.9836 | Balanced accuracy: 0.9484 | Macro F1: 0.9266
2026-09-29 14:44:46,220 INFO methods_in_ai_research.classification.workflows: Results saved to results/embedding-linear-svm/original
2026-09-29 14:44:46,224 INFO methods_in_ai_research.classification.workflows: 
2026-09-29 14:44:46,224 INFO methods_in_ai_research.classification.workflows: === naive-bayes | original ===
2026-09-29 14:44:46,224 INFO methods_in_ai_research.classification.workflows: Training examples: 20398
2026-09-29 14:44:46,224 INFO methods_in_ai_research.classification.workflows: Testing examples: 3600
2026-09-29 14:44:46,224 INFO methods_in_ai_research.classification.workflows: Preparing classifier...
2026-09-29 14:44:46,313 INFO methods_in_ai_research.classification.workflows: Evaluating...
2026-09-29 14:44:46,405 INFO methods_in_ai_research.classification.workflows: Accuracy: 0.9419 | Balanced accuracy: 0.4358 | Macro F1: 0.4595
2026-09-29 14:44:46,405 INFO methods_in_ai_research.classification.workflows: Results saved to results/naive-bayes/original
2026-09-29 14:44:46,421 INFO methods_in_ai_research.classification.workflows: Test tokens: 12762
2026-09-29 14:44:46,421 INFO methods_in_ai_research.classification.workflows: OOV tokens: 48
2026-09-29 14:44:46,422 INFO methods_in_ai_research.classification.workflows: OOV token rate: 0.38%
2026-09-29 14:44:46,422 INFO methods_in_ai_research.classification.workflows: All-OOV utterances: 4
2026-09-29 14:44:46,422 INFO methods_in_ai_research.classification.workflows: 
2026-09-29 14:44:46,422 INFO methods_in_ai_research.classification.workflows: === decision-tree | original ===
2026-09-29 14:44:46,422 INFO methods_in_ai_research.classification.workflows: Training examples: 20398
2026-09-29 14:44:46,422 INFO methods_in_ai_research.classification.workflows: Testing examples: 3600
2026-09-29 14:44:46,422 INFO methods_in_ai_research.classification.workflows: Preparing classifier...
2026-09-29 14:44:47,227 INFO methods_in_ai_research.classification.workflows: Evaluating...
2026-09-29 14:44:47,321 INFO methods_in_ai_research.classification.workflows: Accuracy: 0.9822 | Balanced accuracy: 0.8974 | Macro F1: 0.8508
2026-09-29 14:44:47,321 INFO methods_in_ai_research.classification.workflows: Results saved to results/decision-tree/original
2026-09-29 14:44:47,338 INFO methods_in_ai_research.classification.workflows: Test tokens: 12762
2026-09-29 14:44:47,338 INFO methods_in_ai_research.classification.workflows: OOV tokens: 48
2026-09-29 14:44:47,338 INFO methods_in_ai_research.classification.workflows: OOV token rate: 0.38%
2026-09-29 14:44:47,338 INFO methods_in_ai_research.classification.workflows: All-OOV utterances: 4
2026-09-29 14:44:47,338 INFO methods_in_ai_research.classification.workflows: 
2026-09-29 14:44:47,338 INFO methods_in_ai_research.classification.workflows: === rule-based | grouped ===
2026-09-29 14:44:47,338 INFO methods_in_ai_research.classification.workflows: Training examples: 20153
2026-09-29 14:44:47,338 INFO methods_in_ai_research.classification.workflows: Testing examples: 3845
2026-09-29 14:44:47,338 INFO methods_in_ai_research.classification.workflows: Preparing classifier...
2026-09-29 14:44:47,338 INFO methods_in_ai_research.classification.workflows: Evaluating...
2026-09-29 14:44:47,559 INFO methods_in_ai_research.classification.workflows: Accuracy: 0.8497 | Balanced accuracy: 0.6846 | Macro F1: 0.6397
2026-09-29 14:44:47,559 INFO methods_in_ai_research.classification.workflows: Results saved to results/rule-based/grouped
2026-09-29 14:44:47,559 INFO methods_in_ai_research.classification.workflows: 
2026-09-29 14:44:47,559 INFO methods_in_ai_research.classification.workflows: === bow-logistic-regression | grouped ===
2026-09-29 14:44:47,560 INFO methods_in_ai_research.classification.workflows: Training examples: 20153
2026-09-29 14:44:47,560 INFO methods_in_ai_research.classification.workflows: Testing examples: 3845
2026-09-29 14:44:47,560 INFO methods_in_ai_research.classification.workflows: Preparing classifier...
2026-09-29 14:44:48,019 INFO methods_in_ai_research.classification.workflows: Evaluating...
2026-09-29 14:44:48,140 INFO methods_in_ai_research.classification.workflows: Accuracy: 0.9238 | Balanced accuracy: 0.4714 | Macro F1: 0.4882
2026-09-29 14:44:48,140 INFO methods_in_ai_research.classification.workflows: Results saved to results/bow-logistic-regression/grouped
2026-09-29 14:44:48,163 INFO methods_in_ai_research.classification.workflows: Test tokens: 17218
2026-09-29 14:44:48,163 INFO methods_in_ai_research.classification.workflows: OOV tokens: 91
2026-09-29 14:44:48,163 INFO methods_in_ai_research.classification.workflows: OOV token rate: 0.53%
2026-09-29 14:44:48,163 INFO methods_in_ai_research.classification.workflows: All-OOV utterances: 33
2026-09-29 14:44:48,163 INFO methods_in_ai_research.classification.workflows: 
2026-09-29 14:44:48,163 INFO methods_in_ai_research.classification.workflows: === bow-linear-svm | grouped ===
2026-09-29 14:44:48,163 INFO methods_in_ai_research.classification.workflows: Training examples: 20153
2026-09-29 14:44:48,163 INFO methods_in_ai_research.classification.workflows: Testing examples: 3845
2026-09-29 14:44:48,163 INFO methods_in_ai_research.classification.workflows: Preparing classifier...
2026-09-29 14:44:49,786 INFO methods_in_ai_research.classification.workflows: Evaluating...
2026-09-29 14:44:49,891 INFO methods_in_ai_research.classification.workflows: Accuracy: 0.9319 | Balanced accuracy: 0.7400 | Macro F1: 0.7550
2026-09-29 14:44:49,891 INFO methods_in_ai_research.classification.workflows: Results saved to results/bow-linear-svm/grouped
2026-09-29 14:44:49,912 INFO methods_in_ai_research.classification.workflows: Test tokens: 17218
2026-09-29 14:44:49,912 INFO methods_in_ai_research.classification.workflows: OOV tokens: 91
2026-09-29 14:44:49,912 INFO methods_in_ai_research.classification.workflows: OOV token rate: 0.53%
2026-09-29 14:44:49,912 INFO methods_in_ai_research.classification.workflows: All-OOV utterances: 33
2026-09-29 14:44:49,912 INFO methods_in_ai_research.classification.workflows: 
2026-09-29 14:44:49,912 INFO methods_in_ai_research.classification.workflows: === embedding-logistic-regression | grouped ===
2026-09-29 14:44:49,912 INFO methods_in_ai_research.classification.workflows: Training examples: 20153
2026-09-29 14:44:49,912 INFO methods_in_ai_research.classification.workflows: Testing examples: 3845
2026-09-29 14:44:50,598 INFO methods_in_ai_research.classification.workflows: Preparing classifier...
2026-09-29 14:45:29,405 INFO methods_in_ai_research.classification.workflows: Evaluating...
2026-09-29 14:45:36,521 INFO methods_in_ai_research.classification.workflows: Accuracy: 0.9355 | Balanced accuracy: 0.6237 | Macro F1: 0.6337
2026-09-29 14:45:36,521 INFO methods_in_ai_research.classification.workflows: Results saved to results/embedding-logistic-regression/grouped
2026-09-29 14:45:36,525 INFO methods_in_ai_research.classification.workflows: 
2026-09-29 14:45:36,525 INFO methods_in_ai_research.classification.workflows: === embedding-linear-svm | grouped ===
2026-09-29 14:45:36,525 INFO methods_in_ai_research.classification.workflows: Training examples: 20153
2026-09-29 14:45:36,525 INFO methods_in_ai_research.classification.workflows: Testing examples: 3845
2026-09-29 14:45:37,183 INFO methods_in_ai_research.classification.workflows: Preparing classifier...
2026-09-29 14:48:16,884 INFO methods_in_ai_research.classification.workflows: Evaluating...
2026-09-29 14:48:24,133 INFO methods_in_ai_research.classification.workflows: Accuracy: 0.9417 | Balanced accuracy: 0.7615 | Macro F1: 0.7587
2026-09-29 14:48:24,133 INFO methods_in_ai_research.classification.workflows: Results saved to results/embedding-linear-svm/grouped
2026-09-29 14:48:24,137 INFO methods_in_ai_research.classification.workflows: 
2026-09-29 14:48:24,137 INFO methods_in_ai_research.classification.workflows: === naive-bayes | grouped ===
2026-09-29 14:48:24,137 INFO methods_in_ai_research.classification.workflows: Training examples: 20153
2026-09-29 14:48:24,137 INFO methods_in_ai_research.classification.workflows: Testing examples: 3845
2026-09-29 14:48:24,137 INFO methods_in_ai_research.classification.workflows: Preparing classifier...
2026-09-29 14:48:24,230 INFO methods_in_ai_research.classification.workflows: Evaluating...
2026-09-29 14:48:24,349 INFO methods_in_ai_research.classification.workflows: Accuracy: 0.8967 | Balanced accuracy: 0.2989 | Macro F1: 0.2966
2026-09-29 14:48:24,349 INFO methods_in_ai_research.classification.workflows: Results saved to results/naive-bayes/grouped
2026-09-29 14:48:24,372 INFO methods_in_ai_research.classification.workflows: Test tokens: 17218
2026-09-29 14:48:24,372 INFO methods_in_ai_research.classification.workflows: OOV tokens: 91
2026-09-29 14:48:24,372 INFO methods_in_ai_research.classification.workflows: OOV token rate: 0.53%
2026-09-29 14:48:24,372 INFO methods_in_ai_research.classification.workflows: All-OOV utterances: 33
2026-09-29 14:48:24,373 INFO methods_in_ai_research.classification.workflows: 
2026-09-29 14:48:24,373 INFO methods_in_ai_research.classification.workflows: === decision-tree | grouped ===
2026-09-29 14:48:24,373 INFO methods_in_ai_research.classification.workflows: Training examples: 20153
2026-09-29 14:48:24,373 INFO methods_in_ai_research.classification.workflows: Testing examples: 3845
2026-09-29 14:48:24,373 INFO methods_in_ai_research.classification.workflows: Preparing classifier...
2026-09-29 14:48:25,028 INFO methods_in_ai_research.classification.workflows: Evaluating...
2026-09-29 14:48:25,136 INFO methods_in_ai_research.classification.workflows: Accuracy: 0.8749 | Balanced accuracy: 0.6633 | Macro F1: 0.6788
2026-09-29 14:48:25,136 INFO methods_in_ai_research.classification.workflows: Results saved to results/decision-tree/grouped
2026-09-29 14:48:25,157 INFO methods_in_ai_research.classification.workflows: Test tokens: 17218
2026-09-29 14:48:25,157 INFO methods_in_ai_research.classification.workflows: OOV tokens: 91
2026-09-29 14:48:25,157 INFO methods_in_ai_research.classification.workflows: OOV token rate: 0.53%
2026-09-29 14:48:25,157 INFO methods_in_ai_research.classification.workflows: All-OOV utterances: 33
2026-09-29 14:49:19,601 INFO methods_in_ai_research.classification.splitting: ===[SPLIT SUMMARY]===
2026-09-29 14:49:19,601 INFO methods_in_ai_research.classification.splitting: Original split:
2026-09-29 14:49:19,601 INFO methods_in_ai_research.classification.splitting: Training 20398 records 84.99874989582466
2026-09-29 14:49:19,601 INFO methods_in_ai_research.classification.splitting: Testing 3600 records 15.001250104175348
2026-09-29 14:49:19,602 INFO methods_in_ai_research.classification.splitting: Training labels: 15
2026-09-29 14:49:19,602 INFO methods_in_ai_research.classification.splitting: Testing labels: 15
2026-09-29 14:49:20,117 INFO methods_in_ai_research.classification.splitting: ===[SPLIT SUMMARY]===
2026-09-29 14:49:20,117 INFO methods_in_ai_research.classification.splitting: Grouped split:
2026-09-29 14:49:20,117 INFO methods_in_ai_research.classification.splitting: Training 20153 records 83.97783148595717
2026-09-29 14:49:20,117 INFO methods_in_ai_research.classification.splitting: Testing 3845 records 16.022168514042836
2026-09-29 14:49:20,118 INFO methods_in_ai_research.classification.splitting: Training labels: 15
2026-09-29 14:49:20,118 INFO methods_in_ai_research.classification.splitting: Testing labels: 14
2026-09-29 14:49:20,137 INFO methods_in_ai_research.classification.workflows: 
2026-09-29 14:49:20,137 INFO methods_in_ai_research.classification.workflows: === rule-based | original ===
2026-09-29 14:49:20,137 INFO methods_in_ai_research.classification.workflows: Training examples: 20398
2026-09-29 14:49:20,137 INFO methods_in_ai_research.classification.workflows: Testing examples: 3600
2026-09-29 14:49:20,137 INFO methods_in_ai_research.classification.workflows: Preparing classifier...
2026-09-29 14:49:20,137 INFO methods_in_ai_research.classification.workflows: Evaluating...
2026-09-29 14:49:20,335 INFO methods_in_ai_research.classification.workflows: Accuracy: 0.8453 | Balanced accuracy: 0.7309 | Macro F1: 0.6176
2026-09-29 14:49:20,335 INFO methods_in_ai_research.classification.workflows: Results saved to results/rule-based/original
2026-09-29 14:49:20,335 INFO methods_in_ai_research.classification.workflows: 
2026-09-29 14:49:20,335 INFO methods_in_ai_research.classification.workflows: === bow-logistic-regression | original ===
2026-09-29 14:49:20,335 INFO methods_in_ai_research.classification.workflows: Training examples: 20398
2026-09-29 14:49:20,335 INFO methods_in_ai_research.classification.workflows: Testing examples: 3600
2026-09-29 14:49:20,335 INFO methods_in_ai_research.classification.workflows: Preparing classifier...
2026-09-29 14:49:20,867 INFO methods_in_ai_research.classification.workflows: Evaluating...
2026-09-29 14:49:20,965 INFO methods_in_ai_research.classification.workflows: Accuracy: 0.9697 | Balanced accuracy: 0.6565 | Macro F1: 0.7029
2026-09-29 14:49:20,965 INFO methods_in_ai_research.classification.workflows: Results saved to results/bow-logistic-regression/original
2026-09-29 14:49:20,982 INFO methods_in_ai_research.classification.workflows: Test tokens: 12762
2026-09-29 14:49:20,982 INFO methods_in_ai_research.classification.workflows: OOV tokens: 48
2026-09-29 14:49:20,982 INFO methods_in_ai_research.classification.workflows: OOV token rate: 0.38%
2026-09-29 14:49:20,982 INFO methods_in_ai_research.classification.workflows: All-OOV utterances: 4
2026-09-29 14:49:20,982 INFO methods_in_ai_research.classification.workflows: 
2026-09-29 14:49:20,982 INFO methods_in_ai_research.classification.workflows: === bow-linear-svm | original ===
2026-09-29 14:49:20,982 INFO methods_in_ai_research.classification.workflows: Training examples: 20398
2026-09-29 14:49:20,982 INFO methods_in_ai_research.classification.workflows: Testing examples: 3600
2026-09-29 14:49:20,982 INFO methods_in_ai_research.classification.workflows: Preparing classifier...
2026-09-29 14:49:22,474 INFO methods_in_ai_research.classification.workflows: Evaluating...
2026-09-29 14:49:22,571 INFO methods_in_ai_research.classification.workflows: Accuracy: 0.9844 | Balanced accuracy: 0.9406 | Macro F1: 0.9440
2026-09-29 14:49:22,571 INFO methods_in_ai_research.classification.workflows: Results saved to results/bow-linear-svm/original
2026-09-29 14:49:22,587 INFO methods_in_ai_research.classification.workflows: Test tokens: 12762
2026-09-29 14:49:22,587 INFO methods_in_ai_research.classification.workflows: OOV tokens: 48
2026-09-29 14:49:22,587 INFO methods_in_ai_research.classification.workflows: OOV token rate: 0.38%
2026-09-29 14:49:22,587 INFO methods_in_ai_research.classification.workflows: All-OOV utterances: 4
2026-09-29 14:49:22,588 INFO methods_in_ai_research.classification.workflows: 
2026-09-29 14:49:22,588 INFO methods_in_ai_research.classification.workflows: === embedding-logistic-regression | original ===
2026-09-29 14:49:22,588 INFO methods_in_ai_research.classification.workflows: Training examples: 20398
2026-09-29 14:49:22,588 INFO methods_in_ai_research.classification.workflows: Testing examples: 3600
2026-09-29 14:49:23,420 INFO methods_in_ai_research.classification.workflows: Preparing classifier...
2026-09-29 14:50:00,478 INFO methods_in_ai_research.classification.workflows: Evaluating...
2026-09-29 14:50:07,406 INFO methods_in_ai_research.classification.workflows: Accuracy: 0.9819 | Balanced accuracy: 0.8699 | Macro F1: 0.8593
2026-09-29 14:50:07,406 INFO methods_in_ai_research.classification.workflows: Results saved to results/embedding-logistic-regression/original
2026-09-29 14:50:07,410 INFO methods_in_ai_research.classification.workflows: 
2026-09-29 14:50:07,410 INFO methods_in_ai_research.classification.workflows: === embedding-linear-svm | original ===
2026-09-29 14:50:07,410 INFO methods_in_ai_research.classification.workflows: Training examples: 20398
2026-09-29 14:50:07,410 INFO methods_in_ai_research.classification.workflows: Testing examples: 3600
2026-09-29 14:50:08,081 INFO methods_in_ai_research.classification.workflows: Preparing classifier...
2026-09-29 14:52:33,753 INFO methods_in_ai_research.classification.workflows: Evaluating...
2026-09-29 14:52:39,860 INFO methods_in_ai_research.classification.workflows: Accuracy: 0.9836 | Balanced accuracy: 0.9484 | Macro F1: 0.9266
2026-09-29 14:52:39,860 INFO methods_in_ai_research.classification.workflows: Results saved to results/embedding-linear-svm/original
2026-09-29 14:52:39,863 INFO methods_in_ai_research.classification.workflows: 
2026-09-29 14:52:39,863 INFO methods_in_ai_research.classification.workflows: === naive-bayes | original ===
2026-09-29 14:52:39,863 INFO methods_in_ai_research.classification.workflows: Training examples: 20398
2026-09-29 14:52:39,863 INFO methods_in_ai_research.classification.workflows: Testing examples: 3600
2026-09-29 14:52:39,863 INFO methods_in_ai_research.classification.workflows: Preparing classifier...
2026-09-29 14:52:39,951 INFO methods_in_ai_research.classification.workflows: Evaluating...
2026-09-29 14:52:40,049 INFO methods_in_ai_research.classification.workflows: Accuracy: 0.9419 | Balanced accuracy: 0.4358 | Macro F1: 0.4595
2026-09-29 14:52:40,049 INFO methods_in_ai_research.classification.workflows: Results saved to results/naive-bayes/original
2026-09-29 14:52:40,066 INFO methods_in_ai_research.classification.workflows: Test tokens: 12762
2026-09-29 14:52:40,067 INFO methods_in_ai_research.classification.workflows: OOV tokens: 48
2026-09-29 14:52:40,067 INFO methods_in_ai_research.classification.workflows: OOV token rate: 0.38%
2026-09-29 14:52:40,067 INFO methods_in_ai_research.classification.workflows: All-OOV utterances: 4
2026-09-29 14:52:40,067 INFO methods_in_ai_research.classification.workflows: 
2026-09-29 14:52:40,067 INFO methods_in_ai_research.classification.workflows: === decision-tree | original ===
2026-09-29 14:52:40,067 INFO methods_in_ai_research.classification.workflows: Training examples: 20398
2026-09-29 14:52:40,067 INFO methods_in_ai_research.classification.workflows: Testing examples: 3600
2026-09-29 14:52:40,067 INFO methods_in_ai_research.classification.workflows: Preparing classifier...
2026-09-29 14:52:40,859 INFO methods_in_ai_research.classification.workflows: Evaluating...
2026-09-29 14:52:40,956 INFO methods_in_ai_research.classification.workflows: Accuracy: 0.9822 | Balanced accuracy: 0.8974 | Macro F1: 0.8508
2026-09-29 14:52:40,956 INFO methods_in_ai_research.classification.workflows: Results saved to results/decision-tree/original
2026-09-29 14:52:40,973 INFO methods_in_ai_research.classification.workflows: Test tokens: 12762
2026-09-29 14:52:40,973 INFO methods_in_ai_research.classification.workflows: OOV tokens: 48
2026-09-29 14:52:40,973 INFO methods_in_ai_research.classification.workflows: OOV token rate: 0.38%
2026-09-29 14:52:40,973 INFO methods_in_ai_research.classification.workflows: All-OOV utterances: 4
2026-09-29 14:52:40,974 INFO methods_in_ai_research.classification.workflows: 
2026-09-29 14:52:40,974 INFO methods_in_ai_research.classification.workflows: === rule-based | grouped ===
2026-09-29 14:52:40,974 INFO methods_in_ai_research.classification.workflows: Training examples: 20153
2026-09-29 14:52:40,974 INFO methods_in_ai_research.classification.workflows: Testing examples: 3845
2026-09-29 14:52:40,974 INFO methods_in_ai_research.classification.workflows: Preparing classifier...
2026-09-29 14:52:40,974 INFO methods_in_ai_research.classification.workflows: Evaluating...
2026-09-29 14:52:41,201 INFO methods_in_ai_research.classification.workflows: Accuracy: 0.8497 | Balanced accuracy: 0.6846 | Macro F1: 0.6397
2026-09-29 14:52:41,202 INFO methods_in_ai_research.classification.workflows: Results saved to results/rule-based/grouped
2026-09-29 14:52:41,202 INFO methods_in_ai_research.classification.workflows: 
2026-09-29 14:52:41,202 INFO methods_in_ai_research.classification.workflows: === bow-logistic-regression | grouped ===
2026-09-29 14:52:41,202 INFO methods_in_ai_research.classification.workflows: Training examples: 20153
2026-09-29 14:52:41,202 INFO methods_in_ai_research.classification.workflows: Testing examples: 3845
2026-09-29 14:52:41,202 INFO methods_in_ai_research.classification.workflows: Preparing classifier...
2026-09-29 14:52:41,637 INFO methods_in_ai_research.classification.workflows: Evaluating...
2026-09-29 14:52:41,743 INFO methods_in_ai_research.classification.workflows: Accuracy: 0.9238 | Balanced accuracy: 0.4714 | Macro F1: 0.4882
2026-09-29 14:52:41,744 INFO methods_in_ai_research.classification.workflows: Results saved to results/bow-logistic-regression/grouped
2026-09-29 14:52:41,764 INFO methods_in_ai_research.classification.workflows: Test tokens: 17218
2026-09-29 14:52:41,764 INFO methods_in_ai_research.classification.workflows: OOV tokens: 91
2026-09-29 14:52:41,765 INFO methods_in_ai_research.classification.workflows: OOV token rate: 0.53%
2026-09-29 14:52:41,765 INFO methods_in_ai_research.classification.workflows: All-OOV utterances: 33
2026-09-29 14:52:41,765 INFO methods_in_ai_research.classification.workflows: 
2026-09-29 14:52:41,765 INFO methods_in_ai_research.classification.workflows: === bow-linear-svm | grouped ===
2026-09-29 14:52:41,765 INFO methods_in_ai_research.classification.workflows: Training examples: 20153
2026-09-29 14:52:41,765 INFO methods_in_ai_research.classification.workflows: Testing examples: 3845
2026-09-29 14:52:41,765 INFO methods_in_ai_research.classification.workflows: Preparing classifier...
2026-09-29 14:52:43,375 INFO methods_in_ai_research.classification.workflows: Evaluating...
2026-09-29 14:52:43,477 INFO methods_in_ai_research.classification.workflows: Accuracy: 0.9319 | Balanced accuracy: 0.7400 | Macro F1: 0.7550
2026-09-29 14:52:43,477 INFO methods_in_ai_research.classification.workflows: Results saved to results/bow-linear-svm/grouped
2026-09-29 14:52:43,498 INFO methods_in_ai_research.classification.workflows: Test tokens: 17218
2026-09-29 14:52:43,498 INFO methods_in_ai_research.classification.workflows: OOV tokens: 91
2026-09-29 14:52:43,498 INFO methods_in_ai_research.classification.workflows: OOV token rate: 0.53%
2026-09-29 14:52:43,498 INFO methods_in_ai_research.classification.workflows: All-OOV utterances: 33
2026-09-29 14:52:43,498 INFO methods_in_ai_research.classification.workflows: 
2026-09-29 14:52:43,498 INFO methods_in_ai_research.classification.workflows: === embedding-logistic-regression | grouped ===
2026-09-29 14:52:43,498 INFO methods_in_ai_research.classification.workflows: Training examples: 20153
2026-09-29 14:52:43,498 INFO methods_in_ai_research.classification.workflows: Testing examples: 3845
2026-09-29 14:52:44,156 INFO methods_in_ai_research.classification.workflows: Preparing classifier...
2026-09-29 14:53:18,753 INFO methods_in_ai_research.classification.workflows: Evaluating...
2026-09-29 14:53:25,796 INFO methods_in_ai_research.classification.workflows: Accuracy: 0.9355 | Balanced accuracy: 0.6237 | Macro F1: 0.6337
2026-09-29 14:53:25,796 INFO methods_in_ai_research.classification.workflows: Results saved to results/embedding-logistic-regression/grouped
2026-09-29 14:53:25,799 INFO methods_in_ai_research.classification.workflows: 
2026-09-29 14:53:25,800 INFO methods_in_ai_research.classification.workflows: === embedding-linear-svm | grouped ===
2026-09-29 14:53:25,800 INFO methods_in_ai_research.classification.workflows: Training examples: 20153
2026-09-29 14:53:25,800 INFO methods_in_ai_research.classification.workflows: Testing examples: 3845
2026-09-29 14:53:26,449 INFO methods_in_ai_research.classification.workflows: Preparing classifier...
2026-09-29 14:56:05,015 INFO methods_in_ai_research.classification.workflows: Evaluating...
2026-09-29 14:56:11,576 INFO methods_in_ai_research.classification.workflows: Accuracy: 0.9417 | Balanced accuracy: 0.7615 | Macro F1: 0.7587
2026-09-29 14:56:11,576 INFO methods_in_ai_research.classification.workflows: Results saved to results/embedding-linear-svm/grouped
2026-09-29 14:56:11,580 INFO methods_in_ai_research.classification.workflows: 
2026-09-29 14:56:11,580 INFO methods_in_ai_research.classification.workflows: === naive-bayes | grouped ===
2026-09-29 14:56:11,580 INFO methods_in_ai_research.classification.workflows: Training examples: 20153
2026-09-29 14:56:11,580 INFO methods_in_ai_research.classification.workflows: Testing examples: 3845
2026-09-29 14:56:11,580 INFO methods_in_ai_research.classification.workflows: Preparing classifier...
2026-09-29 14:56:11,662 INFO methods_in_ai_research.classification.workflows: Evaluating...
2026-09-29 14:56:11,763 INFO methods_in_ai_research.classification.workflows: Accuracy: 0.8967 | Balanced accuracy: 0.2989 | Macro F1: 0.2966
2026-09-29 14:56:11,763 INFO methods_in_ai_research.classification.workflows: Results saved to results/naive-bayes/grouped
2026-09-29 14:56:11,783 INFO methods_in_ai_research.classification.workflows: Test tokens: 17218
2026-09-29 14:56:11,783 INFO methods_in_ai_research.classification.workflows: OOV tokens: 91
2026-09-29 14:56:11,784 INFO methods_in_ai_research.classification.workflows: OOV token rate: 0.53%
2026-09-29 14:56:11,784 INFO methods_in_ai_research.classification.workflows: All-OOV utterances: 33
2026-09-29 14:56:11,784 INFO methods_in_ai_research.classification.workflows: 
2026-09-29 14:56:11,784 INFO methods_in_ai_research.classification.workflows: === decision-tree | grouped ===
2026-09-29 14:56:11,784 INFO methods_in_ai_research.classification.workflows: Training examples: 20153
2026-09-29 14:56:11,784 INFO methods_in_ai_research.classification.workflows: Testing examples: 3845
2026-09-29 14:56:11,784 INFO methods_in_ai_research.classification.workflows: Preparing classifier...
2026-09-29 14:56:12,432 INFO methods_in_ai_research.classification.workflows: Evaluating...
2026-09-29 14:56:12,533 INFO methods_in_ai_research.classification.workflows: Accuracy: 0.8749 | Balanced accuracy: 0.6633 | Macro F1: 0.6788
2026-09-29 14:56:12,533 INFO methods_in_ai_research.classification.workflows: Results saved to results/decision-tree/grouped
2026-09-29 14:56:12,554 INFO methods_in_ai_research.classification.workflows: Test tokens: 17218
2026-09-29 14:56:12,554 INFO methods_in_ai_research.classification.workflows: OOV tokens: 91
2026-09-29 14:56:12,554 INFO methods_in_ai_research.classification.workflows: OOV token rate: 0.53%
2026-09-29 14:56:12,554 INFO methods_in_ai_research.classification.workflows: All-OOV utterances: 33
2026-09-29 14:56:12,554 INFO methods_in_ai_research.classification.workflows: 
Experiment summary
Classifier                     Split     Accuracy  Balanced accuracy  Macro F1  Weighted F1  Macro Precision  Weighted Precision  Macro Recall  Weighted Recall
-----------------------------  --------  --------  -----------------  --------  -----------  ---------------  ------------------  ------------  ---------------
rule-based                     original    0.8453             0.7309    0.6176       0.8679           0.6728              0.9019        0.7309           0.8453
bow-logistic-regression        original    0.9697             0.6565    0.7029       0.9680           0.7832              0.9685        0.6565           0.9697
bow-linear-svm                 original    0.9844             0.9406    0.9440       0.9843           0.9518              0.9844        0.9406           0.9844
embedding-logistic-regression  original    0.9819             0.8699    0.8593       0.9818           0.8530              0.9819        0.8699           0.9819
embedding-linear-svm           original    0.9836             0.9484    0.9266       0.9837           0.9100              0.9839        0.9484           0.9836
naive-bayes                    original    0.9419             0.4358    0.4595       0.9333           0.5797              0.9357        0.4358           0.9419
decision-tree                  original    0.9822             0.8974    0.8508       0.9823           0.8201              0.9827        0.8974           0.9822
2026-09-29 14:59:14,026 INFO methods_in_ai_research.classification.splitting: ===[SPLIT SUMMARY]===
2026-09-29 14:59:14,026 INFO methods_in_ai_research.classification.splitting: Original split:
2026-09-29 14:59:14,026 INFO methods_in_ai_research.classification.splitting: Training 20398 records 84.99874989582466
2026-09-29 14:59:14,027 INFO methods_in_ai_research.classification.splitting: Testing 3600 records 15.001250104175348
2026-09-29 14:59:14,028 INFO methods_in_ai_research.classification.splitting: Training labels: 15
2026-09-29 14:59:14,028 INFO methods_in_ai_research.classification.splitting: Testing labels: 15
2026-09-29 14:59:14,547 INFO methods_in_ai_research.classification.splitting: ===[SPLIT SUMMARY]===
2026-09-29 14:59:14,548 INFO methods_in_ai_research.classification.splitting: Grouped split:
2026-09-29 14:59:14,555 INFO methods_in_ai_research.classification.splitting: Training 20153 records 83.97783148595717
2026-09-29 14:59:14,555 INFO methods_in_ai_research.classification.splitting: Testing 3845 records 16.022168514042836
2026-09-29 14:59:14,556 INFO methods_in_ai_research.classification.splitting: Training labels: 15
2026-09-29 14:59:14,557 INFO methods_in_ai_research.classification.splitting: Testing labels: 14
2026-09-29 14:59:14,578 INFO methods_in_ai_research.classification.workflows: 
2026-09-29 14:59:14,578 INFO methods_in_ai_research.classification.workflows: === rule-based | original ===
2026-09-29 14:59:14,578 INFO methods_in_ai_research.classification.workflows: Training examples: 20398
2026-09-29 14:59:14,579 INFO methods_in_ai_research.classification.workflows: Testing examples: 3600
2026-09-29 14:59:14,579 INFO methods_in_ai_research.classification.workflows: Preparing classifier...
2026-09-29 14:59:14,579 INFO methods_in_ai_research.classification.workflows: Evaluating...
2026-09-29 14:59:14,773 INFO methods_in_ai_research.classification.workflows: Accuracy: 0.8453 | Balanced accuracy: 0.7309 | Macro F1: 0.6176
2026-09-29 14:59:14,773 INFO methods_in_ai_research.classification.workflows: Results saved to results/rule-based/original
2026-09-29 14:59:14,773 INFO methods_in_ai_research.classification.workflows: 
2026-09-29 14:59:14,773 INFO methods_in_ai_research.classification.workflows: === bow-logistic-regression | original ===
2026-09-29 14:59:14,773 INFO methods_in_ai_research.classification.workflows: Training examples: 20398
2026-09-29 14:59:14,773 INFO methods_in_ai_research.classification.workflows: Testing examples: 3600
2026-09-29 14:59:14,773 INFO methods_in_ai_research.classification.workflows: Preparing classifier...
2026-09-29 14:59:15,287 INFO methods_in_ai_research.classification.workflows: Evaluating...
2026-09-29 14:59:15,383 INFO methods_in_ai_research.classification.workflows: Accuracy: 0.9697 | Balanced accuracy: 0.6565 | Macro F1: 0.7029
2026-09-29 14:59:15,383 INFO methods_in_ai_research.classification.workflows: Results saved to results/bow-logistic-regression/original
2026-09-29 14:59:15,399 INFO methods_in_ai_research.classification.workflows: Test tokens: 12762
2026-09-29 14:59:15,400 INFO methods_in_ai_research.classification.workflows: OOV tokens: 48
2026-09-29 14:59:15,400 INFO methods_in_ai_research.classification.workflows: OOV token rate: 0.38%
2026-09-29 14:59:15,400 INFO methods_in_ai_research.classification.workflows: All-OOV utterances: 4
2026-09-29 14:59:15,400 INFO methods_in_ai_research.classification.workflows: 
2026-09-29 14:59:15,400 INFO methods_in_ai_research.classification.workflows: === bow-linear-svm | original ===
2026-09-29 14:59:15,400 INFO methods_in_ai_research.classification.workflows: Training examples: 20398
2026-09-29 14:59:15,400 INFO methods_in_ai_research.classification.workflows: Testing examples: 3600
2026-09-29 14:59:15,400 INFO methods_in_ai_research.classification.workflows: Preparing classifier...
2026-09-29 14:59:16,992 INFO methods_in_ai_research.classification.workflows: Evaluating...
2026-09-29 14:59:17,088 INFO methods_in_ai_research.classification.workflows: Accuracy: 0.9844 | Balanced accuracy: 0.9406 | Macro F1: 0.9440
2026-09-29 14:59:17,088 INFO methods_in_ai_research.classification.workflows: Results saved to results/bow-linear-svm/original
2026-09-29 14:59:17,104 INFO methods_in_ai_research.classification.workflows: Test tokens: 12762
2026-09-29 14:59:17,104 INFO methods_in_ai_research.classification.workflows: OOV tokens: 48
2026-09-29 14:59:17,104 INFO methods_in_ai_research.classification.workflows: OOV token rate: 0.38%
2026-09-29 14:59:17,104 INFO methods_in_ai_research.classification.workflows: All-OOV utterances: 4
2026-09-29 14:59:17,104 INFO methods_in_ai_research.classification.workflows: 
2026-09-29 14:59:17,104 INFO methods_in_ai_research.classification.workflows: === embedding-logistic-regression | original ===
2026-09-29 14:59:17,104 INFO methods_in_ai_research.classification.workflows: Training examples: 20398
2026-09-29 14:59:17,104 INFO methods_in_ai_research.classification.workflows: Testing examples: 3600
2026-09-29 14:59:17,955 INFO methods_in_ai_research.classification.workflows: Preparing classifier...
2026-09-29 14:59:54,626 INFO methods_in_ai_research.classification.workflows: Evaluating...
2026-09-29 15:00:00,863 INFO methods_in_ai_research.classification.workflows: Accuracy: 0.9819 | Balanced accuracy: 0.8699 | Macro F1: 0.8593
2026-09-29 15:00:00,863 INFO methods_in_ai_research.classification.workflows: Results saved to results/embedding-logistic-regression/original
2026-09-29 15:00:00,867 INFO methods_in_ai_research.classification.workflows: 
2026-09-29 15:00:00,867 INFO methods_in_ai_research.classification.workflows: === embedding-linear-svm | original ===
2026-09-29 15:00:00,867 INFO methods_in_ai_research.classification.workflows: Training examples: 20398
2026-09-29 15:00:00,867 INFO methods_in_ai_research.classification.workflows: Testing examples: 3600
2026-09-29 15:00:01,526 INFO methods_in_ai_research.classification.workflows: Preparing classifier...
2026-09-29 15:02:28,986 INFO methods_in_ai_research.classification.workflows: Evaluating...
2026-09-29 15:02:35,915 INFO methods_in_ai_research.classification.workflows: Accuracy: 0.9836 | Balanced accuracy: 0.9484 | Macro F1: 0.9266
2026-09-29 15:02:35,916 INFO methods_in_ai_research.classification.workflows: Results saved to results/embedding-linear-svm/original
2026-09-29 15:02:35,920 INFO methods_in_ai_research.classification.workflows: 
2026-09-29 15:02:35,920 INFO methods_in_ai_research.classification.workflows: === naive-bayes | original ===
2026-09-29 15:02:35,920 INFO methods_in_ai_research.classification.workflows: Training examples: 20398
2026-09-29 15:02:35,920 INFO methods_in_ai_research.classification.workflows: Testing examples: 3600
2026-09-29 15:02:35,920 INFO methods_in_ai_research.classification.workflows: Preparing classifier...
2026-09-29 15:02:36,009 INFO methods_in_ai_research.classification.workflows: Evaluating...
2026-09-29 15:02:36,104 INFO methods_in_ai_research.classification.workflows: Accuracy: 0.9419 | Balanced accuracy: 0.4358 | Macro F1: 0.4595
2026-09-29 15:02:36,105 INFO methods_in_ai_research.classification.workflows: Results saved to results/naive-bayes/original
2026-09-29 15:02:36,121 INFO methods_in_ai_research.classification.workflows: Test tokens: 12762
2026-09-29 15:02:36,121 INFO methods_in_ai_research.classification.workflows: OOV tokens: 48
2026-09-29 15:02:36,121 INFO methods_in_ai_research.classification.workflows: OOV token rate: 0.38%
2026-09-29 15:02:36,121 INFO methods_in_ai_research.classification.workflows: All-OOV utterances: 4
2026-09-29 15:02:36,121 INFO methods_in_ai_research.classification.workflows: 
2026-09-29 15:02:36,121 INFO methods_in_ai_research.classification.workflows: === decision-tree | original ===
2026-09-29 15:02:36,121 INFO methods_in_ai_research.classification.workflows: Training examples: 20398
2026-09-29 15:02:36,121 INFO methods_in_ai_research.classification.workflows: Testing examples: 3600
2026-09-29 15:02:36,121 INFO methods_in_ai_research.classification.workflows: Preparing classifier...
2026-09-29 15:02:36,919 INFO methods_in_ai_research.classification.workflows: Evaluating...
2026-09-29 15:02:37,017 INFO methods_in_ai_research.classification.workflows: Accuracy: 0.9822 | Balanced accuracy: 0.8974 | Macro F1: 0.8508
2026-09-29 15:02:37,017 INFO methods_in_ai_research.classification.workflows: Results saved to results/decision-tree/original
2026-09-29 15:02:37,034 INFO methods_in_ai_research.classification.workflows: Test tokens: 12762
2026-09-29 15:02:37,034 INFO methods_in_ai_research.classification.workflows: OOV tokens: 48
2026-09-29 15:02:37,034 INFO methods_in_ai_research.classification.workflows: OOV token rate: 0.38%
2026-09-29 15:02:37,034 INFO methods_in_ai_research.classification.workflows: All-OOV utterances: 4
2026-09-29 15:02:37,034 INFO methods_in_ai_research.classification.workflows: 
2026-09-29 15:02:37,034 INFO methods_in_ai_research.classification.workflows: === rule-based | grouped ===
2026-09-29 15:02:37,034 INFO methods_in_ai_research.classification.workflows: Training examples: 20153
2026-09-29 15:02:37,034 INFO methods_in_ai_research.classification.workflows: Testing examples: 3845
2026-09-29 15:02:37,035 INFO methods_in_ai_research.classification.workflows: Preparing classifier...
2026-09-29 15:02:37,035 INFO methods_in_ai_research.classification.workflows: Evaluating...
2026-09-29 15:02:37,320 INFO methods_in_ai_research.classification.workflows: Accuracy: 0.8497 | Balanced accuracy: 0.6846 | Macro F1: 0.6397
2026-09-29 15:02:37,320 INFO methods_in_ai_research.classification.workflows: Results saved to results/rule-based/grouped
2026-09-29 15:02:37,320 INFO methods_in_ai_research.classification.workflows: 
2026-09-29 15:02:37,320 INFO methods_in_ai_research.classification.workflows: === bow-logistic-regression | grouped ===
2026-09-29 15:02:37,320 INFO methods_in_ai_research.classification.workflows: Training examples: 20153
2026-09-29 15:02:37,320 INFO methods_in_ai_research.classification.workflows: Testing examples: 3845
2026-09-29 15:02:37,320 INFO methods_in_ai_research.classification.workflows: Preparing classifier...
2026-09-29 15:02:37,822 INFO methods_in_ai_research.classification.workflows: Evaluating...
2026-09-29 15:02:37,931 INFO methods_in_ai_research.classification.workflows: Accuracy: 0.9238 | Balanced accuracy: 0.4714 | Macro F1: 0.4882
2026-09-29 15:02:37,931 INFO methods_in_ai_research.classification.workflows: Results saved to results/bow-logistic-regression/grouped
2026-09-29 15:02:37,954 INFO methods_in_ai_research.classification.workflows: Test tokens: 17218
2026-09-29 15:02:37,955 INFO methods_in_ai_research.classification.workflows: OOV tokens: 91
2026-09-29 15:02:37,955 INFO methods_in_ai_research.classification.workflows: OOV token rate: 0.53%
2026-09-29 15:02:37,955 INFO methods_in_ai_research.classification.workflows: All-OOV utterances: 33
2026-09-29 15:02:37,955 INFO methods_in_ai_research.classification.workflows: 
2026-09-29 15:02:37,955 INFO methods_in_ai_research.classification.workflows: === bow-linear-svm | grouped ===
2026-09-29 15:02:37,955 INFO methods_in_ai_research.classification.workflows: Training examples: 20153
2026-09-29 15:02:37,955 INFO methods_in_ai_research.classification.workflows: Testing examples: 3845
2026-09-29 15:02:37,955 INFO methods_in_ai_research.classification.workflows: Preparing classifier...
2026-09-29 15:02:39,588 INFO methods_in_ai_research.classification.workflows: Evaluating...
2026-09-29 15:02:39,688 INFO methods_in_ai_research.classification.workflows: Accuracy: 0.9319 | Balanced accuracy: 0.7400 | Macro F1: 0.7550
2026-09-29 15:02:39,688 INFO methods_in_ai_research.classification.workflows: Results saved to results/bow-linear-svm/grouped
2026-09-29 15:02:39,708 INFO methods_in_ai_research.classification.workflows: Test tokens: 17218
2026-09-29 15:02:39,708 INFO methods_in_ai_research.classification.workflows: OOV tokens: 91
2026-09-29 15:02:39,708 INFO methods_in_ai_research.classification.workflows: OOV token rate: 0.53%
2026-09-29 15:02:39,708 INFO methods_in_ai_research.classification.workflows: All-OOV utterances: 33
2026-09-29 15:02:39,708 INFO methods_in_ai_research.classification.workflows: 
2026-09-29 15:02:39,708 INFO methods_in_ai_research.classification.workflows: === embedding-logistic-regression | grouped ===
2026-09-29 15:02:39,708 INFO methods_in_ai_research.classification.workflows: Training examples: 20153
2026-09-29 15:02:39,708 INFO methods_in_ai_research.classification.workflows: Testing examples: 3845
2026-09-29 15:02:40,362 INFO methods_in_ai_research.classification.workflows: Preparing classifier...
2026-09-29 15:03:24,609 INFO methods_in_ai_research.classification.workflows: Evaluating...
2026-09-29 15:03:33,136 INFO methods_in_ai_research.classification.workflows: Accuracy: 0.9355 | Balanced accuracy: 0.6237 | Macro F1: 0.6337
2026-09-29 15:03:33,136 INFO methods_in_ai_research.classification.workflows: Results saved to results/embedding-logistic-regression/grouped
2026-09-29 15:03:33,140 INFO methods_in_ai_research.classification.workflows: 
2026-09-29 15:03:33,140 INFO methods_in_ai_research.classification.workflows: === embedding-linear-svm | grouped ===
2026-09-29 15:03:33,140 INFO methods_in_ai_research.classification.workflows: Training examples: 20153
2026-09-29 15:03:33,140 INFO methods_in_ai_research.classification.workflows: Testing examples: 3845
2026-09-29 15:03:33,834 INFO methods_in_ai_research.classification.workflows: Preparing classifier...
2026-09-29 15:06:12,767 INFO methods_in_ai_research.classification.workflows: Evaluating...
2026-09-29 15:06:20,126 INFO methods_in_ai_research.classification.workflows: Accuracy: 0.9417 | Balanced accuracy: 0.7615 | Macro F1: 0.7587
2026-09-29 15:06:20,126 INFO methods_in_ai_research.classification.workflows: Results saved to results/embedding-linear-svm/grouped
2026-09-29 15:06:20,129 INFO methods_in_ai_research.classification.workflows: 
2026-09-29 15:06:20,130 INFO methods_in_ai_research.classification.workflows: === naive-bayes | grouped ===
2026-09-29 15:06:20,130 INFO methods_in_ai_research.classification.workflows: Training examples: 20153
2026-09-29 15:06:20,130 INFO methods_in_ai_research.classification.workflows: Testing examples: 3845
2026-09-29 15:06:20,130 INFO methods_in_ai_research.classification.workflows: Preparing classifier...
2026-09-29 15:06:20,209 INFO methods_in_ai_research.classification.workflows: Evaluating...
2026-09-29 15:06:20,308 INFO methods_in_ai_research.classification.workflows: Accuracy: 0.8967 | Balanced accuracy: 0.2989 | Macro F1: 0.2966
2026-09-29 15:06:20,308 INFO methods_in_ai_research.classification.workflows: Results saved to results/naive-bayes/grouped
2026-09-29 15:06:20,332 INFO methods_in_ai_research.classification.workflows: Test tokens: 17218
2026-09-29 15:06:20,332 INFO methods_in_ai_research.classification.workflows: OOV tokens: 91
2026-09-29 15:06:20,333 INFO methods_in_ai_research.classification.workflows: OOV token rate: 0.53%
2026-09-29 15:06:20,333 INFO methods_in_ai_research.classification.workflows: All-OOV utterances: 33
2026-09-29 15:06:20,333 INFO methods_in_ai_research.classification.workflows: 
2026-09-29 15:06:20,333 INFO methods_in_ai_research.classification.workflows: === decision-tree | grouped ===
2026-09-29 15:06:20,333 INFO methods_in_ai_research.classification.workflows: Training examples: 20153
2026-09-29 15:06:20,333 INFO methods_in_ai_research.classification.workflows: Testing examples: 3845
2026-09-29 15:06:20,333 INFO methods_in_ai_research.classification.workflows: Preparing classifier...
2026-09-29 15:06:20,994 INFO methods_in_ai_research.classification.workflows: Evaluating...
2026-09-29 15:06:21,104 INFO methods_in_ai_research.classification.workflows: Accuracy: 0.8749 | Balanced accuracy: 0.6633 | Macro F1: 0.6788
2026-09-29 15:06:21,104 INFO methods_in_ai_research.classification.workflows: Results saved to results/decision-tree/grouped
2026-09-29 15:06:21,126 INFO methods_in_ai_research.classification.workflows: Test tokens: 17218
2026-09-29 15:06:21,126 INFO methods_in_ai_research.classification.workflows: OOV tokens: 91
2026-09-29 15:06:21,126 INFO methods_in_ai_research.classification.workflows: OOV token rate: 0.53%
2026-09-29 15:06:21,126 INFO methods_in_ai_research.classification.workflows: All-OOV utterances: 33
2026-09-29 15:06:21,126 INFO methods_in_ai_research.classification.workflows: 
Experiment summary
Classifier                     Split     Accuracy  Balanced accuracy  Macro F1  Weighted F1  Macro Precision  Weighted Precision  Macro Recall  Weighted Recall
-----------------------------  --------  --------  -----------------  --------  -----------  ---------------  ------------------  ------------  ---------------
rule-based                     original    0.8453             0.7309    0.6176       0.8679           0.6728              0.9019        0.7309           0.8453
bow-logistic-regression        original    0.9697             0.6565    0.7029       0.9680           0.7832              0.9685        0.6565           0.9697
bow-linear-svm                 original    0.9844             0.9406    0.9440       0.9843           0.9518              0.9844        0.9406           0.9844
embedding-logistic-regression  original    0.9819             0.8699    0.8593       0.9818           0.8530              0.9819        0.8699           0.9819
embedding-linear-svm           original    0.9836             0.9484    0.9266       0.9837           0.9100              0.9839        0.9484           0.9836
naive-bayes                    original    0.9419             0.4358    0.4595       0.9333           0.5797              0.9357        0.4358           0.9419
decision-tree                  original    0.9822             0.8974    0.8508       0.9823           0.8201              0.9827        0.8974           0.9822
2026-09-29 15:06:21,127 INFO __main__: Saved original summary to results/original.csv
2026-09-29 15:06:21,127 INFO methods_in_ai_research.classification.workflows: 
Experiment summary
Classifier                     Split    Accuracy  Balanced accuracy  Macro F1  Weighted F1  Macro Precision  Weighted Precision  Macro Recall  Weighted Recall
-----------------------------  -------  --------  -----------------  --------  -----------  ---------------  ------------------  ------------  ---------------
rule-based                     grouped    0.8497             0.6846    0.6397       0.8505           0.6767              0.8675        0.6846           0.8497
bow-logistic-regression        grouped    0.9238             0.4714    0.4882       0.9073           0.5441              0.9019        0.4714           0.9238
bow-linear-svm                 grouped    0.9319             0.7400    0.7550       0.9265           0.8405              0.9297        0.7400           0.9319
embedding-logistic-regression  grouped    0.9355             0.6237    0.6337       0.9317           0.7154              0.9348        0.6237           0.9355
embedding-linear-svm           grouped    0.9417             0.7615    0.7587       0.9392           0.8262              0.9429        0.7615           0.9417
naive-bayes                    grouped    0.8967             0.2989    0.2966       0.8663           0.4033              0.8613        0.2989           0.8967
decision-tree                  grouped    0.8749             0.6633    0.6788       0.8938           0.8044              0.9284        0.6633           0.8749
2026-09-29 15:06:21,128 INFO __main__: Saved grouped summary to results/grouped.csv
2026-09-29 15:26:21,902 INFO methods_in_ai_research.classification.splitting: ===[SPLIT SUMMARY]===
2026-09-29 15:26:21,902 INFO methods_in_ai_research.classification.splitting: Original split:
2026-09-29 15:26:21,902 INFO methods_in_ai_research.classification.splitting: Training 20398 records 84.99874989582466
2026-09-29 15:26:21,902 INFO methods_in_ai_research.classification.splitting: Testing 3600 records 15.001250104175348
2026-09-29 15:26:21,903 INFO methods_in_ai_research.classification.splitting: Training labels: 15
2026-09-29 15:26:21,904 INFO methods_in_ai_research.classification.splitting: Testing labels: 15
2026-09-29 15:26:22,419 INFO methods_in_ai_research.classification.splitting: ===[SPLIT SUMMARY]===
2026-09-29 15:26:22,419 INFO methods_in_ai_research.classification.splitting: Grouped split:
2026-09-29 15:26:22,419 INFO methods_in_ai_research.classification.splitting: Training 20153 records 83.97783148595717
2026-09-29 15:26:22,419 INFO methods_in_ai_research.classification.splitting: Testing 3845 records 16.022168514042836
2026-09-29 15:26:22,420 INFO methods_in_ai_research.classification.splitting: Training labels: 15
2026-09-29 15:26:22,420 INFO methods_in_ai_research.classification.splitting: Testing labels: 14
2026-09-29 15:26:22,439 INFO methods_in_ai_research.classification.workflows: 
2026-09-29 15:26:22,439 INFO methods_in_ai_research.classification.workflows: === rule-based | original ===
2026-09-29 15:26:22,439 INFO methods_in_ai_research.classification.workflows: Training examples: 20398
2026-09-29 15:26:22,439 INFO methods_in_ai_research.classification.workflows: Testing examples: 3600
2026-09-29 15:26:22,439 INFO methods_in_ai_research.classification.workflows: Preparing classifier...
2026-09-29 15:26:22,439 INFO methods_in_ai_research.classification.workflows: Evaluating...
2026-09-29 15:26:22,635 INFO methods_in_ai_research.classification.workflows: Accuracy: 0.8453 | Balanced accuracy: 0.7309 | Macro F1: 0.6176
2026-09-29 15:26:22,635 INFO methods_in_ai_research.classification.workflows: Results saved to results/rule-based/original
2026-09-29 15:26:22,635 INFO methods_in_ai_research.classification.workflows: 
2026-09-29 15:26:22,635 INFO methods_in_ai_research.classification.workflows: === bow-logistic-regression | original ===
2026-09-29 15:26:22,635 INFO methods_in_ai_research.classification.workflows: Training examples: 20398
2026-09-29 15:26:22,635 INFO methods_in_ai_research.classification.workflows: Testing examples: 3600
2026-09-29 15:26:22,635 INFO methods_in_ai_research.classification.workflows: Preparing classifier...
2026-09-29 15:26:23,159 INFO methods_in_ai_research.classification.workflows: Evaluating...
2026-09-29 15:26:23,262 INFO methods_in_ai_research.classification.workflows: Accuracy: 0.9697 | Balanced accuracy: 0.6565 | Macro F1: 0.7029
2026-09-29 15:26:23,262 INFO methods_in_ai_research.classification.workflows: Results saved to results/bow-logistic-regression/original
2026-09-29 15:26:23,279 INFO methods_in_ai_research.classification.workflows: Test tokens: 12762
2026-09-29 15:26:23,279 INFO methods_in_ai_research.classification.workflows: OOV tokens: 48
2026-09-29 15:26:23,279 INFO methods_in_ai_research.classification.workflows: OOV token rate: 0.38%
2026-09-29 15:26:23,279 INFO methods_in_ai_research.classification.workflows: All-OOV utterances: 4
2026-09-29 15:26:23,279 INFO methods_in_ai_research.classification.workflows: 
2026-09-29 15:26:23,279 INFO methods_in_ai_research.classification.workflows: === bow-linear-svm | original ===
2026-09-29 15:26:23,279 INFO methods_in_ai_research.classification.workflows: Training examples: 20398
2026-09-29 15:26:23,279 INFO methods_in_ai_research.classification.workflows: Testing examples: 3600
2026-09-29 15:26:23,279 INFO methods_in_ai_research.classification.workflows: Preparing classifier...
2026-09-29 15:26:24,933 INFO methods_in_ai_research.classification.workflows: Evaluating...
2026-09-29 15:26:25,036 INFO methods_in_ai_research.classification.workflows: Accuracy: 0.9844 | Balanced accuracy: 0.9406 | Macro F1: 0.9440
2026-09-29 15:26:25,036 INFO methods_in_ai_research.classification.workflows: Results saved to results/bow-linear-svm/original
2026-09-29 15:26:25,052 INFO methods_in_ai_research.classification.workflows: Test tokens: 12762
2026-09-29 15:26:25,053 INFO methods_in_ai_research.classification.workflows: OOV tokens: 48
2026-09-29 15:26:25,053 INFO methods_in_ai_research.classification.workflows: OOV token rate: 0.38%
2026-09-29 15:26:25,053 INFO methods_in_ai_research.classification.workflows: All-OOV utterances: 4
2026-09-29 15:26:25,053 INFO methods_in_ai_research.classification.workflows: 
2026-09-29 15:26:25,053 INFO methods_in_ai_research.classification.workflows: === embedding-logistic-regression | original ===
2026-09-29 15:26:25,053 INFO methods_in_ai_research.classification.workflows: Training examples: 20398
2026-09-29 15:26:25,053 INFO methods_in_ai_research.classification.workflows: Testing examples: 3600
2026-09-29 15:26:25,949 INFO methods_in_ai_research.classification.workflows: Preparing classifier...
2026-09-29 15:27:03,103 INFO methods_in_ai_research.classification.workflows: Evaluating...
2026-09-29 15:27:09,627 INFO methods_in_ai_research.classification.workflows: Accuracy: 0.9819 | Balanced accuracy: 0.8699 | Macro F1: 0.8593
2026-09-29 15:27:09,628 INFO methods_in_ai_research.classification.workflows: Results saved to results/embedding-logistic-regression/original
2026-09-29 15:27:09,631 INFO methods_in_ai_research.classification.workflows: 
2026-09-29 15:27:09,631 INFO methods_in_ai_research.classification.workflows: === embedding-linear-svm | original ===
2026-09-29 15:27:09,631 INFO methods_in_ai_research.classification.workflows: Training examples: 20398
2026-09-29 15:27:09,631 INFO methods_in_ai_research.classification.workflows: Testing examples: 3600
2026-09-29 15:27:10,320 INFO methods_in_ai_research.classification.workflows: Preparing classifier...
2026-09-29 15:29:39,598 INFO methods_in_ai_research.classification.workflows: Evaluating...
2026-09-29 15:29:46,121 INFO methods_in_ai_research.classification.workflows: Accuracy: 0.9836 | Balanced accuracy: 0.9484 | Macro F1: 0.9266
2026-09-29 15:29:46,121 INFO methods_in_ai_research.classification.workflows: Results saved to results/embedding-linear-svm/original
2026-09-29 15:29:46,124 INFO methods_in_ai_research.classification.workflows: 
2026-09-29 15:29:46,124 INFO methods_in_ai_research.classification.workflows: === naive-bayes | original ===
2026-09-29 15:29:46,124 INFO methods_in_ai_research.classification.workflows: Training examples: 20398
2026-09-29 15:29:46,124 INFO methods_in_ai_research.classification.workflows: Testing examples: 3600
2026-09-29 15:29:46,124 INFO methods_in_ai_research.classification.workflows: Preparing classifier...
2026-09-29 15:29:46,213 INFO methods_in_ai_research.classification.workflows: Evaluating...
2026-09-29 15:29:46,310 INFO methods_in_ai_research.classification.workflows: Accuracy: 0.9419 | Balanced accuracy: 0.4358 | Macro F1: 0.4595
2026-09-29 15:29:46,311 INFO methods_in_ai_research.classification.workflows: Results saved to results/naive-bayes/original
2026-09-29 15:29:46,327 INFO methods_in_ai_research.classification.workflows: Test tokens: 12762
2026-09-29 15:29:46,327 INFO methods_in_ai_research.classification.workflows: OOV tokens: 48
2026-09-29 15:29:46,327 INFO methods_in_ai_research.classification.workflows: OOV token rate: 0.38%
2026-09-29 15:29:46,327 INFO methods_in_ai_research.classification.workflows: All-OOV utterances: 4
2026-09-29 15:29:46,327 INFO methods_in_ai_research.classification.workflows: 
2026-09-29 15:29:46,327 INFO methods_in_ai_research.classification.workflows: === decision-tree | original ===
2026-09-29 15:29:46,327 INFO methods_in_ai_research.classification.workflows: Training examples: 20398
2026-09-29 15:29:46,327 INFO methods_in_ai_research.classification.workflows: Testing examples: 3600
2026-09-29 15:29:46,327 INFO methods_in_ai_research.classification.workflows: Preparing classifier...
2026-09-29 15:29:47,123 INFO methods_in_ai_research.classification.workflows: Evaluating...
2026-09-29 15:29:47,224 INFO methods_in_ai_research.classification.workflows: Accuracy: 0.9822 | Balanced accuracy: 0.8974 | Macro F1: 0.8508
2026-09-29 15:29:47,224 INFO methods_in_ai_research.classification.workflows: Results saved to results/decision-tree/original
2026-09-29 15:29:47,241 INFO methods_in_ai_research.classification.workflows: Test tokens: 12762
2026-09-29 15:29:47,241 INFO methods_in_ai_research.classification.workflows: OOV tokens: 48
2026-09-29 15:29:47,241 INFO methods_in_ai_research.classification.workflows: OOV token rate: 0.38%
2026-09-29 15:29:47,241 INFO methods_in_ai_research.classification.workflows: All-OOV utterances: 4
2026-09-29 15:29:47,241 INFO methods_in_ai_research.classification.workflows: 
2026-09-29 15:29:47,241 INFO methods_in_ai_research.classification.workflows: === rule-based | grouped ===
2026-09-29 15:29:47,241 INFO methods_in_ai_research.classification.workflows: Training examples: 20153
2026-09-29 15:29:47,241 INFO methods_in_ai_research.classification.workflows: Testing examples: 3845
2026-09-29 15:29:47,241 INFO methods_in_ai_research.classification.workflows: Preparing classifier...
2026-09-29 15:29:47,242 INFO methods_in_ai_research.classification.workflows: Evaluating...
2026-09-29 15:29:47,475 INFO methods_in_ai_research.classification.workflows: Accuracy: 0.8497 | Balanced accuracy: 0.6846 | Macro F1: 0.6397
2026-09-29 15:29:47,475 INFO methods_in_ai_research.classification.workflows: Results saved to results/rule-based/grouped
2026-09-29 15:29:47,475 INFO methods_in_ai_research.classification.workflows: 
2026-09-29 15:29:47,475 INFO methods_in_ai_research.classification.workflows: === bow-logistic-regression | grouped ===
2026-09-29 15:29:47,475 INFO methods_in_ai_research.classification.workflows: Training examples: 20153
2026-09-29 15:29:47,475 INFO methods_in_ai_research.classification.workflows: Testing examples: 3845
2026-09-29 15:29:47,475 INFO methods_in_ai_research.classification.workflows: Preparing classifier...
2026-09-29 15:29:47,930 INFO methods_in_ai_research.classification.workflows: Evaluating...
2026-09-29 15:29:48,034 INFO methods_in_ai_research.classification.workflows: Accuracy: 0.9238 | Balanced accuracy: 0.4714 | Macro F1: 0.4882
2026-09-29 15:29:48,034 INFO methods_in_ai_research.classification.workflows: Results saved to results/bow-logistic-regression/grouped
2026-09-29 15:29:48,055 INFO methods_in_ai_research.classification.workflows: Test tokens: 17218
2026-09-29 15:29:48,055 INFO methods_in_ai_research.classification.workflows: OOV tokens: 91
2026-09-29 15:29:48,056 INFO methods_in_ai_research.classification.workflows: OOV token rate: 0.53%
2026-09-29 15:29:48,056 INFO methods_in_ai_research.classification.workflows: All-OOV utterances: 33
2026-09-29 15:29:48,056 INFO methods_in_ai_research.classification.workflows: 
2026-09-29 15:29:48,056 INFO methods_in_ai_research.classification.workflows: === bow-linear-svm | grouped ===
2026-09-29 15:29:48,056 INFO methods_in_ai_research.classification.workflows: Training examples: 20153
2026-09-29 15:29:48,056 INFO methods_in_ai_research.classification.workflows: Testing examples: 3845
2026-09-29 15:29:48,056 INFO methods_in_ai_research.classification.workflows: Preparing classifier...
2026-09-29 15:29:49,681 INFO methods_in_ai_research.classification.workflows: Evaluating...
2026-09-29 15:29:49,787 INFO methods_in_ai_research.classification.workflows: Accuracy: 0.9319 | Balanced accuracy: 0.7400 | Macro F1: 0.7550
2026-09-29 15:29:49,787 INFO methods_in_ai_research.classification.workflows: Results saved to results/bow-linear-svm/grouped
2026-09-29 15:29:49,808 INFO methods_in_ai_research.classification.workflows: Test tokens: 17218
2026-09-29 15:29:49,808 INFO methods_in_ai_research.classification.workflows: OOV tokens: 91
2026-09-29 15:29:49,808 INFO methods_in_ai_research.classification.workflows: OOV token rate: 0.53%
2026-09-29 15:29:49,808 INFO methods_in_ai_research.classification.workflows: All-OOV utterances: 33
2026-09-29 15:29:49,808 INFO methods_in_ai_research.classification.workflows: 
2026-09-29 15:29:49,808 INFO methods_in_ai_research.classification.workflows: === embedding-logistic-regression | grouped ===
2026-09-29 15:29:49,808 INFO methods_in_ai_research.classification.workflows: Training examples: 20153
2026-09-29 15:29:49,808 INFO methods_in_ai_research.classification.workflows: Testing examples: 3845
2026-09-29 15:29:50,477 INFO methods_in_ai_research.classification.workflows: Preparing classifier...
2026-09-29 15:30:27,501 INFO methods_in_ai_research.classification.workflows: Evaluating...
2026-09-29 15:30:34,430 INFO methods_in_ai_research.classification.workflows: Accuracy: 0.9355 | Balanced accuracy: 0.6237 | Macro F1: 0.6337
2026-09-29 15:30:34,431 INFO methods_in_ai_research.classification.workflows: Results saved to results/embedding-logistic-regression/grouped
2026-09-29 15:30:34,434 INFO methods_in_ai_research.classification.workflows: 
2026-09-29 15:30:34,434 INFO methods_in_ai_research.classification.workflows: === embedding-linear-svm | grouped ===
2026-09-29 15:30:34,434 INFO methods_in_ai_research.classification.workflows: Training examples: 20153
2026-09-29 15:30:34,434 INFO methods_in_ai_research.classification.workflows: Testing examples: 3845
2026-09-29 15:30:35,143 INFO methods_in_ai_research.classification.workflows: Preparing classifier...
2026-09-29 15:33:12,701 INFO methods_in_ai_research.classification.workflows: Evaluating...
2026-09-29 15:33:20,164 INFO methods_in_ai_research.classification.workflows: Accuracy: 0.9417 | Balanced accuracy: 0.7615 | Macro F1: 0.7587
2026-09-29 15:33:20,164 INFO methods_in_ai_research.classification.workflows: Results saved to results/embedding-linear-svm/grouped
2026-09-29 15:33:20,168 INFO methods_in_ai_research.classification.workflows: 
2026-09-29 15:33:20,168 INFO methods_in_ai_research.classification.workflows: === naive-bayes | grouped ===
2026-09-29 15:33:20,168 INFO methods_in_ai_research.classification.workflows: Training examples: 20153
2026-09-29 15:33:20,168 INFO methods_in_ai_research.classification.workflows: Testing examples: 3845
2026-09-29 15:33:20,168 INFO methods_in_ai_research.classification.workflows: Preparing classifier...
2026-09-29 15:33:20,257 INFO methods_in_ai_research.classification.workflows: Evaluating...
2026-09-29 15:33:20,369 INFO methods_in_ai_research.classification.workflows: Accuracy: 0.8967 | Balanced accuracy: 0.2989 | Macro F1: 0.2966
2026-09-29 15:33:20,369 INFO methods_in_ai_research.classification.workflows: Results saved to results/naive-bayes/grouped
2026-09-29 15:33:20,390 INFO methods_in_ai_research.classification.workflows: Test tokens: 17218
2026-09-29 15:33:20,391 INFO methods_in_ai_research.classification.workflows: OOV tokens: 91
2026-09-29 15:33:20,391 INFO methods_in_ai_research.classification.workflows: OOV token rate: 0.53%
2026-09-29 15:33:20,391 INFO methods_in_ai_research.classification.workflows: All-OOV utterances: 33
2026-09-29 15:33:20,391 INFO methods_in_ai_research.classification.workflows: 
2026-09-29 15:33:20,391 INFO methods_in_ai_research.classification.workflows: === decision-tree | grouped ===
2026-09-29 15:33:20,391 INFO methods_in_ai_research.classification.workflows: Training examples: 20153
2026-09-29 15:33:20,391 INFO methods_in_ai_research.classification.workflows: Testing examples: 3845
2026-09-29 15:33:20,391 INFO methods_in_ai_research.classification.workflows: Preparing classifier...
2026-09-29 15:33:21,074 INFO methods_in_ai_research.classification.workflows: Evaluating...
2026-09-29 15:33:21,189 INFO methods_in_ai_research.classification.workflows: Accuracy: 0.8749 | Balanced accuracy: 0.6633 | Macro F1: 0.6788
2026-09-29 15:33:21,189 INFO methods_in_ai_research.classification.workflows: Results saved to results/decision-tree/grouped
2026-09-29 15:33:21,213 INFO methods_in_ai_research.classification.workflows: Test tokens: 17218
2026-09-29 15:33:21,213 INFO methods_in_ai_research.classification.workflows: OOV tokens: 91
2026-09-29 15:33:21,213 INFO methods_in_ai_research.classification.workflows: OOV token rate: 0.53%
2026-09-29 15:33:21,213 INFO methods_in_ai_research.classification.workflows: All-OOV utterances: 33
2026-09-29 15:33:21,214 INFO methods_in_ai_research.classification.workflows: 
Experiment summary
Classifier                     Split     Accuracy  Balanced accuracy  Macro F1  Weighted F1  Macro Precision  Weighted Precision  Macro Recall  Weighted Recall
-----------------------------  --------  --------  -----------------  --------  -----------  ---------------  ------------------  ------------  ---------------
rule-based                     original    0.8453             0.7309    0.6176       0.8679           0.6728              0.9019        0.7309           0.8453
bow-logistic-regression        original    0.9697             0.6565    0.7029       0.9680           0.7832              0.9685        0.6565           0.9697
bow-linear-svm                 original    0.9844             0.9406    0.9440       0.9843           0.9518              0.9844        0.9406           0.9844
embedding-logistic-regression  original    0.9819             0.8699    0.8593       0.9818           0.8530              0.9819        0.8699           0.9819
embedding-linear-svm           original    0.9836             0.9484    0.9266       0.9837           0.9100              0.9839        0.9484           0.9836
naive-bayes                    original    0.9419             0.4358    0.4595       0.9333           0.5797              0.9357        0.4358           0.9419
decision-tree                  original    0.9822             0.8974    0.8508       0.9823           0.8201              0.9827        0.8974           0.9822
2026-09-29 15:33:21,216 INFO __main__: Saved original summary to results/original.csv
2026-09-29 15:33:21,216 INFO methods_in_ai_research.classification.workflows: 
Experiment summary
Classifier                     Split    Accuracy  Balanced accuracy  Macro F1  Weighted F1  Macro Precision  Weighted Precision  Macro Recall  Weighted Recall
-----------------------------  -------  --------  -----------------  --------  -----------  ---------------  ------------------  ------------  ---------------
rule-based                     grouped    0.8497             0.6846    0.6397       0.8505           0.6767              0.8675        0.6846           0.8497
bow-logistic-regression        grouped    0.9238             0.4714    0.4882       0.9073           0.5441              0.9019        0.4714           0.9238
bow-linear-svm                 grouped    0.9319             0.7400    0.7550       0.9265           0.8405              0.9297        0.7400           0.9319
embedding-logistic-regression  grouped    0.9355             0.6237    0.6337       0.9317           0.7154              0.9348        0.6237           0.9355
embedding-linear-svm           grouped    0.9417             0.7615    0.7587       0.9392           0.8262              0.9429        0.7615           0.9417
naive-bayes                    grouped    0.8967             0.2989    0.2966       0.8663           0.4033              0.8613        0.2989           0.8967
decision-tree                  grouped    0.8749             0.6633    0.6788       0.8938           0.8044              0.9284        0.6633           0.8749
2026-09-29 15:33:21,217 INFO __main__: Saved grouped summary to results/grouped.csv
2026-10-07 16:05:50,341 DEBUG methods_in_ai_research.dialog.cli: Dialog configuration: classifier=bow-linear-svm matcher=levenshtein restaurants=data/restaurant_info.csv
2026-10-07 16:05:50,352 DEBUG methods_in_ai_research.dialog.runner: Turn: 'i want a cheap restaurant in the north' classified as inform; DialogState(node=1, food=None, area=None, price=None, pending=(), last_requested_slot=None, requirements=(), requirements_asked=False, last_response='Hello, welcome to the Cambridge restaurant system. You can ask for restaurants by area, price range or food type. How may I help you?', current_restaurant_id=None, alternative_ids=()) -> DialogState(node=3, food=None, area='north', price='cheap', pending=(), last_requested_slot=<Slot.FOOD: 'food'>, requirements=(), requirements_asked=False, last_response='What kind of food would you like?', current_restaurant_id=None, alternative_ids=())
2026-10-07 16:05:50,352 DEBUG methods_in_ai_research.dialog.runner: Turn: 'chinese food' classified as inform; DialogState(node=3, food=None, area='north', price='cheap', pending=(), last_requested_slot=<Slot.FOOD: 'food'>, requirements=(), requirements_asked=False, last_response='What kind of food would you like?', current_restaurant_id=None, alternative_ids=()) -> DialogState(node=6, food='chinese', area='north', price='cheap', pending=(), last_requested_slot=None, requirements=(), requirements_asked=True, last_response='Do you have any additional requirements, for example romantic or touristic?', current_restaurant_id=None, alternative_ids=())
2026-10-07 16:05:50,355 DEBUG methods_in_ai_research.dialog.runner: Turn: 'no' classified as negate; DialogState(node=6, food='chinese', area='north', price='cheap', pending=(), last_requested_slot=None, requirements=(), requirements_asked=True, last_response='Do you have any additional requirements, for example romantic or touristic?', current_restaurant_id=None, alternative_ids=()) -> DialogState(node=7, food='chinese', area='north', price='cheap', pending=(), last_requested_slot=None, requirements=(), requirements_asked=True, last_response="I'm sorry, but no restaurant matches your preferences.", current_restaurant_id=None, alternative_ids=())
2026-10-07 16:05:50,356 DEBUG methods_in_ai_research.dialog.runner: Turn: 'something else' classified as reqalts; DialogState(node=7, food='chinese', area='north', price='cheap', pending=(), last_requested_slot=None, requirements=(), requirements_asked=True, last_response="I'm sorry, but no restaurant matches your preferences.", current_restaurant_id=None, alternative_ids=()) -> DialogState(node=8, food='chinese', area='north', price='cheap', pending=(), last_requested_slot=None, requirements=(), requirements_asked=True, last_response="I'm sorry but there are no other restaurants matching your preferences.", current_restaurant_id=None, alternative_ids=())
2026-10-07 16:05:50,357 DEBUG methods_in_ai_research.dialog.runner: Turn: 'i want a spenish restaurant' classified as inform; DialogState(node=8, food='chinese', area='north', price='cheap', pending=(), last_requested_slot=None, requirements=(), requirements_asked=True, last_response="I'm sorry but there are no other restaurants matching your preferences.", current_restaurant_id=None, alternative_ids=()) -> DialogState(node=8, food='chinese', area='north', price='cheap', pending=(SlotProposal(slot=<Slot.FOOD: 'food'>, value='spanish', needs_confirmation=True, given='spenish'),), last_requested_slot=None, requirements=(), requirements_asked=True, last_response='I did not recognise spenish. Did you mean spanish?', current_restaurant_id=None, alternative_ids=())
2026-10-07 16:05:50,358 DEBUG methods_in_ai_research.dialog.runner: Turn: 'yes' classified as affirm; DialogState(node=8, food='chinese', area='north', price='cheap', pending=(SlotProposal(slot=<Slot.FOOD: 'food'>, value='spanish', needs_confirmation=True, given='spenish'),), last_requested_slot=None, requirements=(), requirements_asked=True, last_response='I did not recognise spenish. Did you mean spanish?', current_restaurant_id=None, alternative_ids=()) -> DialogState(node=7, food='spanish', area='north', price='cheap', pending=(), last_requested_slot=None, requirements=(), requirements_asked=True, last_response="I'm sorry, but no restaurant matches your preferences.", current_restaurant_id=None, alternative_ids=())
2026-10-07 16:05:50,359 DEBUG methods_in_ai_research.dialog.runner: Turn: 'goodbye' classified as bye; DialogState(node=7, food='spanish', area='north', price='cheap', pending=(), last_requested_slot=None, requirements=(), requirements_asked=True, last_response="I'm sorry, but no restaurant matches your preferences.", current_restaurant_id=None, alternative_ids=()) -> DialogState(node=9, food='spanish', area='north', price='cheap', pending=(), last_requested_slot=None, requirements=(), requirements_asked=True, last_response='Thank you for using our system. Goodbye!', current_restaurant_id=None, alternative_ids=())
2026-10-07 16:05:59,682 DEBUG methods_in_ai_research.dialog.cli: Dialog configuration: classifier=bow-linear-svm matcher=levenshtein restaurants=data/restaurant_info.csv
2026-10-07 16:05:59,688 DEBUG methods_in_ai_research.dialog.runner: Turn: 'i want a cheap restaurant in the centre' classified as inform; DialogState(node=1, food=None, area=None, price=None, pending=(), last_requested_slot=None, requirements=(), requirements_asked=False, last_response='Hello, welcome to the Cambridge restaurant system. You can ask for restaurants by area, price range or food type. How may I help you?', current_restaurant_id=None, alternative_ids=()) -> DialogState(node=3, food=None, area='centre', price='cheap', pending=(), last_requested_slot=<Slot.FOOD: 'food'>, requirements=(), requirements_asked=False, last_response='What kind of food would you like?', current_restaurant_id=None, alternative_ids=())
2026-10-07 16:05:59,689 DEBUG methods_in_ai_research.dialog.runner: Turn: 'any kind of food' classified as inform; DialogState(node=3, food=None, area='centre', price='cheap', pending=(), last_requested_slot=<Slot.FOOD: 'food'>, requirements=(), requirements_asked=False, last_response='What kind of food would you like?', current_restaurant_id=None, alternative_ids=()) -> DialogState(node=6, food=<AnyValue.ANY: 'any'>, area='centre', price='cheap', pending=(), last_requested_slot=None, requirements=(), requirements_asked=True, last_response='Do you have any additional requirements, for example romantic or touristic?', current_restaurant_id=None, alternative_ids=())
2026-10-07 16:06:08,777 DEBUG methods_in_ai_research.dialog.cli: Dialog configuration: classifier=bow-linear-svm matcher=levenshtein restaurants=data/restaurant_info_extended.csv
2026-10-07 16:06:08,783 DEBUG methods_in_ai_research.dialog.runner: Turn: 'i want a cheap restaurant in the centre' classified as inform; DialogState(node=1, food=None, area=None, price=None, pending=(), last_requested_slot=None, requirements=(), requirements_asked=False, last_response='Hello, welcome to the Cambridge restaurant system. You can ask for restaurants by area, price range or food type. How may I help you?', current_restaurant_id=None, alternative_ids=()) -> DialogState(node=3, food=None, area='centre', price='cheap', pending=(), last_requested_slot=<Slot.FOOD: 'food'>, requirements=(), requirements_asked=False, last_response='What kind of food would you like?', current_restaurant_id=None, alternative_ids=())
2026-10-07 16:06:08,784 DEBUG methods_in_ai_research.dialog.runner: Turn: 'any kind of food' classified as inform; DialogState(node=3, food=None, area='centre', price='cheap', pending=(), last_requested_slot=<Slot.FOOD: 'food'>, requirements=(), requirements_asked=False, last_response='What kind of food would you like?', current_restaurant_id=None, alternative_ids=()) -> DialogState(node=6, food=<AnyValue.ANY: 'any'>, area='centre', price='cheap', pending=(), last_requested_slot=None, requirements=(), requirements_asked=True, last_response='Do you have any additional requirements, for example romantic or touristic?', current_restaurant_id=None, alternative_ids=())
2026-10-07 16:06:08,786 DEBUG methods_in_ai_research.dialog.runner: Turn: 'no' classified as negate; DialogState(node=6, food=<AnyValue.ANY: 'any'>, area='centre', price='cheap', pending=(), last_requested_slot=None, requirements=(), requirements_asked=True, last_response='Do you have any additional requirements, for example romantic or touristic?', current_restaurant_id=None, alternative_ids=()) -> DialogState(node=7, food=<AnyValue.ANY: 'any'>, area='centre', price='cheap', pending=(), last_requested_slot=None, requirements=(), requirements_asked=True, last_response='ask is a nice place in the centre of town and the prices are cheap.', current_restaurant_id='ask', alternative_ids=('mahal of cambridge', 'j restaurant', 'la raza', 'pizza hut city centre', 'nandos city centre', 'the gandhi', 'golden house', 'pizza express', 'the cambridge chop house', 'charlie chan', 'the river bar steakhouse and grill'))
2026-10-07 16:06:08,787 DEBUG methods_in_ai_research.dialog.runner: Turn: 'anything else' classified as reqalts; DialogState(node=7, food=<AnyValue.ANY: 'any'>, area='centre', price='cheap', pending=(), last_requested_slot=None, requirements=(), requirements_asked=True, last_response='ask is a nice place in the centre of town and the prices are cheap.', current_restaurant_id='ask', alternative_ids=('mahal of cambridge', 'j restaurant', 'la raza', 'pizza hut city centre', 'nandos city centre', 'the gandhi', 'golden house', 'pizza express', 'the cambridge chop house', 'charlie chan', 'the river bar steakhouse and grill')) -> DialogState(node=8, food=<AnyValue.ANY: 'any'>, area='centre', price='cheap', pending=(), last_requested_slot=None, requirements=(), requirements_asked=True, last_response='mahal of cambridge is a nice place in the centre of town and the prices are cheap.', current_restaurant_id='mahal of cambridge', alternative_ids=('j restaurant', 'la raza', 'pizza hut city centre', 'nandos city centre', 'the gandhi', 'golden house', 'pizza express', 'the cambridge chop house', 'charlie chan', 'the river bar steakhouse and grill'))
2026-10-07 16:06:08,788 DEBUG methods_in_ai_research.dialog.runner: Turn: 'how about another one' classified as reqalts; DialogState(node=8, food=<AnyValue.ANY: 'any'>, area='centre', price='cheap', pending=(), last_requested_slot=None, requirements=(), requirements_asked=True, last_response='mahal of cambridge is a nice place in the centre of town and the prices are cheap.', current_restaurant_id='mahal of cambridge', alternative_ids=('j restaurant', 'la raza', 'pizza hut city centre', 'nandos city centre', 'the gandhi', 'golden house', 'pizza express', 'the cambridge chop house', 'charlie chan', 'the river bar steakhouse and grill')) -> DialogState(node=8, food=<AnyValue.ANY: 'any'>, area='centre', price='cheap', pending=(), last_requested_slot=None, requirements=(), requirements_asked=True, last_response='j restaurant is a nice place in the centre of town and the prices are cheap.', current_restaurant_id='j restaurant', alternative_ids=('la raza', 'pizza hut city centre', 'nandos city centre', 'the gandhi', 'golden house', 'pizza express', 'the cambridge chop house', 'charlie chan', 'the river bar steakhouse and grill'))
2026-10-07 16:06:08,788 DEBUG methods_in_ai_research.dialog.runner: Turn: 'start over' classified as restart; DialogState(node=8, food=<AnyValue.ANY: 'any'>, area='centre', price='cheap', pending=(), last_requested_slot=None, requirements=(), requirements_asked=True, last_response='j restaurant is a nice place in the centre of town and the prices are cheap.', current_restaurant_id='j restaurant', alternative_ids=('la raza', 'pizza hut city centre', 'nandos city centre', 'the gandhi', 'golden house', 'pizza express', 'the cambridge chop house', 'charlie chan', 'the river bar steakhouse and grill')) -> DialogState(node=1, food=None, area=None, price=None, pending=(), last_requested_slot=None, requirements=(), requirements_asked=False, last_response='Hello, welcome to the Cambridge restaurant system. You can ask for restaurants by area, price range or food type. How may I help you?', current_restaurant_id=None, alternative_ids=())
2026-10-07 16:06:08,788 DEBUG methods_in_ai_research.dialog.runner: Turn: 'italian food in the west' classified as inform; DialogState(node=1, food=None, area=None, price=None, pending=(), last_requested_slot=None, requirements=(), requirements_asked=False, last_response='Hello, welcome to the Cambridge restaurant system. You can ask for restaurants by area, price range or food type. How may I help you?', current_restaurant_id=None, alternative_ids=()) -> DialogState(node=5, food='italian', area='west', price=None, pending=(), last_requested_slot=<Slot.PRICE: 'price'>, requirements=(), requirements_asked=False, last_response='Would you like something in the cheap, moderate, or expensive price range?', current_restaurant_id=None, alternative_ids=())
2026-10-07 16:06:08,789 DEBUG methods_in_ai_research.dialog.runner: Turn: 'expensive' classified as inform; DialogState(node=5, food='italian', area='west', price=None, pending=(), last_requested_slot=<Slot.PRICE: 'price'>, requirements=(), requirements_asked=False, last_response='Would you like something in the cheap, moderate, or expensive price range?', current_restaurant_id=None, alternative_ids=()) -> DialogState(node=6, food='italian', area='west', price='expensive', pending=(), last_requested_slot=None, requirements=(), requirements_asked=True, last_response='Do you have any additional requirements, for example romantic or touristic?', current_restaurant_id=None, alternative_ids=())
2026-10-07 16:06:08,790 DEBUG methods_in_ai_research.dialog.runner: Turn: 'no thanks' classified as negate; DialogState(node=6, food='italian', area='west', price='expensive', pending=(), last_requested_slot=None, requirements=(), requirements_asked=True, last_response='Do you have any additional requirements, for example romantic or touristic?', current_restaurant_id=None, alternative_ids=()) -> DialogState(node=7, food='italian', area='west', price='expensive', pending=(), last_requested_slot=None, requirements=(), requirements_asked=True, last_response="I'm sorry, but no restaurant matches your preferences.", current_restaurant_id=None, alternative_ids=())
2026-10-07 16:06:08,790 DEBUG methods_in_ai_research.dialog.runner: Turn: 'thank you bye' classified as thankyou; DialogState(node=7, food='italian', area='west', price='expensive', pending=(), last_requested_slot=None, requirements=(), requirements_asked=True, last_response="I'm sorry, but no restaurant matches your preferences.", current_restaurant_id=None, alternative_ids=()) -> DialogState(node=9, food='italian', area='west', price='expensive', pending=(), last_requested_slot=None, requirements=(), requirements_asked=True, last_response='Thank you for using our system. Goodbye!', current_restaurant_id=None, alternative_ids=())
