row_id,label,utterance
0,inform,im looking for a moderately priced restaurant that serves
1,inform,any part of town
3,affirm,yes
4,request,could i get their phone number
5,thankyou,thank you good bye
6,inform,moderately priced restaurant in the south part of town
7,inform,any
8,request,address
9,null,code
10,thankyou,thank you goodbye
11,inform,cheap
12,inform,any
13,inform,mediterranean
14,request,phone number
15,request,phone
16,request,address
17,request,phone number
18,bye,goodbye
19,inform,im looking for a restaurant that serves seafood
20,inform,any
21,inform,seafood
23,thankyou,thank you goodbye
25,inform,expensive
29,thankyou,thank you good bye
30,inform,expensive restaurant
31,inform,north
32,affirm,yes
33,inform,fusion food
34,inform,asian oriental
36,thankyou,thank you good bye
37,inform,restaurant in the north part of town serv
38,inform,scottish
39,inform,scottish
41,request,phone number
42,request,phone number
43,thankyou,thank you good bye
44,inform,i need a restaurant in the north
45,inform,part of town that serves chinese food
46,null,um
47,inform,cheap price range
48,inform,i need one in the cheap price range
49,request,well can i get the address and the post code
50,null,okay
51,thankyou,okay thank you good bye
53,inform,uh it doesnt matter
54,inform,hindi food is okay
55,inform,doesnt matter
56,negate,no im sorry it should be expensive
57,reqalts,is the anything else
60,request,can i have the address and phone number
61,request,what is the post code
62,thankyou,thank you good bye
63,null,noise
64,null,im looking
65,null,im looking
66,inform,looking for a moderately priced restaurant in the east part of town
67,inform,it doesnt matter
69,request,phone number
70,thankyou,thank you good bye
71,null,sil
72,inform,im looking for a cheap restaurant in the east part of town
73,request,what type of food
74,request,what is the address
75,thankyou,thank you good bye
76,inform,expensive
77,inform,any
80,request,address
81,request,phone number
82,request,type of food served
84,inform,a cheap mexican restaurant
85,reqalts,how about a cheap asian oriental restaurant
86,inform,asian oriental
87,request,uh whats the phone number and address please
88,thankyou,thank you good bye
90,inform,in the east part of town
91,request,phone number
92,request,phone number
93,request,address
94,thankyou,thank you good bye
95,inform,i need a restaurant in the west part of town that serves europ
96,request,could i have the phone number please
97,thankyou,thank you good bye
98,inform,i need a restaurant serving crossover food in the west part of town
99,reqalts,how about vietnamese
101,affirm,yes
103,thankyou,thank you good bye
105,confirm,is it serving french food
106,request,what is the price range
107,request,what is the address and phone number
109,thankyou,thank you good bye
111,inform,south
112,inform,i dont care
113,request,do you have the address
114,request,phone number
116,thankyou,thank you good bye
117,inform,english food center part of town
118,affirm,yes
119,inform,british food
120,inform,dont care
121,request,what is the address and phone number
122,thankyou,thank you good bye
124,inform,any
125,inform,thai
126,request,address
127,thankyou,thank you goodbye
128,inform,uh expensive restaurant in the south
129,affirm,yes
130,inform,i dont care
131,inform,dont care
132,inform,expensive
133,request,what is the address and phone number
134,request,address
135,thankyou,thank you good bye
136,inform,im looking for corsica food
137,inform,im looking for gastropub food
138,inform,i am looking for gastropub food
140,inform,i am looking for gastropub food
141,inform,gastropub food
142,null,care
143,inform,dont care
144,inform,dont care
145,request,what is the address and phone number
146,request,what is the post code
147,thankyou,thank you good bye
148,inform,european restaurant
149,inform,any part
150,inform,any
151,affirm,yes
152,reqalts,any more
153,request,address
154,request,phone number
155,thankyou,thank you good bye
156,null,cough
157,inform,christmas food
158,null,cough
159,inform,indian food
160,null,cough
161,inform,cheap
162,inform,cheap
163,null,cough
164,inform,cheap price range
165,request,address
166,thankyou,thank you goodbye
167,inform,moderate price in south
168,inform,south
169,inform,the south
170,inform,south
171,inform,any
172,reqalts,anything else
173,inform,south
174,inform,west
175,inform,west
176,inform,dont care
177,inform,south
179,reqalts,anything else
180,request,address
181,request,phone number
182,thankyou,thank you goodbye
183,inform,expensive restaurant
184,inform,any
185,request,address
186,request,phone number
187,thankyou,thank you good bye
188,inform,im looking for a moderately priced restaurant that serves turkish food
189,request,can i get the address
190,thankyou,thank you good bye
191,inform,mexican food
192,request,whats the address
194,thankyou,thank you good bye
196,inform,polynesian food
197,reqalts,how about portuguese food
198,request,may i have the phone number and address
199,thankyou,thank you good bye
200,null,unintelligible
201,null,unintelligible
202,null,unintelligible
203,inform,im looking for venison food cross talk
204,affirm,yes
205,reqalts,how about gastro pub
206,inform,how about gastro pub type of food
207,request,whats the address
208,request,and the phone number
209,request,and the post code
210,request,what type of food is this
211,thankyou,thank you good bye
212,inform,im looking for a japanese restaurant in the east part
213,inform,im looking for an indian restaurant in the
214,affirm,yes
215,inform,i dont care
216,request,what is the address and phone number
217,thankyou,thank you good bye
219,inform,serve kosher food
220,affirm,yes
221,reqalts,how about italian food
222,inform,im looking for a restaurant serving
224,affirm,yes
225,affirm,yes
226,inform,any price range
228,thankyou,thank you good bye
230,inform,asian oriental
231,inform,any area
233,null,cough
234,request,may i have the phone number and address
235,thankyou,thank you good bye
236,inform,i want to find moderately priced restaurant it should be
237,inform,i dont care
239,thankyou,thank you goodbye
240,null,noise
241,inform,the west part of town id like a cheap restaurant
242,inform,any kind of food
243,reqalts,are there any other cheap restaurants in the west part of town
244,reqalts,is there another restaurant in the west of town
246,request,and what kind of food do they have
247,thankyou,thank you good bye
248,null,unintelligible
249,null,unintelligible
250,inform,tv_noise im looking for an expensive restaurant and it should serve tuscan food
251,inform,tv_noise any
252,inform,tv_noise any
253,inform,i dont care
254,inform,can i get tuscan foo
255,null,sil
256,inform,i dont care tv_noise
258,inform,tuscan food
259,negate,tv_noise no
260,inform,i dont care
261,negate,no dont care
262,inform,dont care
263,inform,tuscan food
264,inform,noise how bout thai
267,request,can i get the address tv_noise
269,request,phone number tv_noise
272,request,phone number tv_noise
274,thankyou,tv_noise thank you goodbye
275,reqalts,how about korean food
276,inform,korean
277,confirm,is it in the center
278,request,what is the address
280,null,noise
281,inform,im looking for a cheap restaurant in the west part of
282,inform,doesnt matter
283,request,phone number
284,thankyou,thank you good bye
285,inform,restaurant
286,inform,center
287,inform,spanish food
288,inform,cheap
289,reqalts,anything else
290,request,address
291,request,phone number
292,thankyou,thank you good bye
293,inform,im moderate priced restaurant in the north part of town
294,inform,any
295,reqalts,anything else
296,request,address and phone number
297,inform,portuguese food
298,inform,portuguese food
299,affirm,yes
301,reqalts,anything else
302,request,phone number
303,request,area
304,request,phone number
305,thankyou,thank you good bye
306,inform,i want an expensive restaurant in the east part of town
307,inform,it doesnt matter
308,request,and what type of whats the phone number
310,thankyou,thank you good bye
311,inform,im looking for a restaurant in the north
312,inform,any kind of food
313,thankyou,thank you good bye
314,inform,breath id like to find a moderately priced restaurant in the west part of
315,inform,i dont care
316,request,what is the address
317,request,what type of food
318,thankyou,thank you goodbye
319,inform,im looking for a moderately priced restaurant in the south
320,inform,i dont care
322,request,what is the type of food
323,thankyou,thank you good bye
324,inform,im looking for an moderately restaurant and it should be in the south part of town
325,inform,any
326,request,whats the address
327,thankyou,thank you good bye
328,inform,danish food in the south part of town
329,request,may i have a phone number and postcode
330,request,may i have the postcode
331,thankyou,thank you goodbye
332,inform,im looking for a restaurant that serves european food
333,inform,i dont care
334,inform,i dont care
336,request,whats the address phone number and area
337,request,and what area
338,thankyou,thank you good bye
339,null,sil
340,null,sil
341,null,sil
342,inform,cheap restaurant north part of town
343,inform,cheap
344,null,sil
345,null,sil
346,null,sil
350,inform,any type is fine
351,request,what is the phone number and address
352,request,what is the address
353,thankyou,thank you good bye
354,inform,im looking for a restaurant that serves world food
355,reqalts,how about thai food
358,inform,i dont care
359,request,what is the address
361,thankyou,thank you good bye
362,reqalts,is there anything serving international food
363,inform,the south part
364,reqalts,how about in the center
366,request,what part of town is it located
367,request,whats its price range
368,request,could i have its phone number
369,thankyou,thank you very much good bye
370,inform,im looking for an expensive restaurant in the south part of town
371,inform,i dont care
373,request,can i have the phone number
374,request,address
375,request,post code
376,thankyou,thank you good bye
377,inform,im looking for vegetarian food on the east part of town
380,inform,im looking for indian food
381,inform,it doesnt matter
382,affirm,right
383,request,whats the address
384,request,and the phone number
385,thankyou,thank you good bye
386,inform,moderately priced
387,inform,doesnt matter
388,affirm,yes
390,request,address
391,request,phone number
392,thankyou,thank you good bye
394,inform,what about international type food
395,reqalts,um how about a restaurant in the center with int
396,reqalts,anything else
397,request,the phone number
398,request,the phone number for bloomsbury
399,request,and the price range
400,thankyou,thank you good bye
401,inform,looking for a restaurant in west part of town serving cantonese
402,affirm,yes
403,inform,italian food
404,inform,moderate
405,request,phone number
407,thankyou,thank you good bye
408,inform,i want a polynesian restaurant in the north part of town
409,affirm,yes
411,request,can i have their address please
412,request,and the phone number
414,thankyou,thank you good bye
415,null,can i have an
416,inform,restaurant serving english food
417,inform,uh what about modern european
419,reqalts,okay what about modern european food
420,affirm,right
421,request,can i have the phone number
422,thankyou,thank you good bye
424,inform,north
425,inform,christmas food
426,reqalts,how about asian oriental type of food
427,reqalts,is there a restaurant
428,inform,im looking for a restaurant
429,inform,in the north part of town
430,inform,asian oriental
431,request,what is the address
433,thankyou,thank you good bye
434,inform,im looking for an expensive restaurant that serves european
435,inform,any part of town
436,request,phone number
439,thankyou,thank you good bye
440,affirm,uh yes i want to find a restaurant in the north part of town that serves
441,inform,uh the north
442,inform,mediterranean food
443,reqalts,okay how about any area
444,reqalts,okay how about any part of town
445,request,okay and uh can i get the address
446,request,okay and whats the post code
447,request,okay and uh the phone number
449,inform,im looking for a cheap restaurant in the south part of town
450,request,the address
451,request,and the post code
452,thankyou,thank you good bye
453,inform,im looking for an expensive restaurant in the south part of town
454,inform,it doesnt matter
455,request,whats the address
457,thankyou,thank you good bye
458,inform,looking for something moderately priced on the north side of town
459,affirm,yes
460,inform,i dont care
461,request,what about the phone number
462,thankyou,thank you good bye
463,affirm,yes hi im looking for a restaurant in the north
464,inform,cantonese food
466,request,and the phone number
467,thankyou,thank you good bye
468,inform,im looking for a restaurant in the south part of town that
469,inform,mexican food
470,request,whats the address
471,request,the phone number
472,request,and the post code
473,thankyou,thank you good bye
474,inform,i want chinese food
476,inform,cheap
478,null,unintelligible
479,thankyou,thank you good bye
481,inform,i dont care
483,inform,pan asian
484,request,may i have the address
485,thankyou,thank you good bye
487,inform,any part
488,affirm,yes
489,inform,french
490,affirm,yes
491,request,address
492,request,price range
493,inform,so i dont care whats the address
495,bye,alright thank you good bye
496,null,noise
497,inform,south part of town
498,affirm,yes
499,affirm,yes expensive
501,request,phone number
502,request,post code
503,thankyou,thank you good bye
504,inform,id like a restaurant in the north part of town that serves tur
505,inform,turkish
506,reqalts,how about in any area
507,reqalts,how about rest of town
508,request,could i have the area please
509,thankyou,thank you good bye
511,inform,i dont care
512,request,what type of food
513,request,whats the address
514,thankyou,thank you good bye
515,inform,south
516,inform,south
517,inform,south
518,affirm,yes
519,inform,basque food
520,inform,indian food
521,request,phone number
522,request,phone number
523,thankyou,thank you good bye
524,inform,restaurant in the north part of town that serves
525,inform,british food
527,affirm,yes
528,null,um hm
529,inform,north
530,inform,dont care
531,request,address phone number and price range
532,request,address
533,request,phone number
534,request,price range
535,thankyou,thank you good bye
536,inform,south
537,inform,south
538,affirm,yes
539,inform,traditional
540,inform,italian
541,inform,italian
542,affirm,yes
543,inform,dont care
544,inform,dont care
545,request,phone number
546,request,phone number
547,request,post code
548,thankyou,thank you goodbye
550,inform,any part of town
552,reqalts,what about gastropub type of foo
553,reqalts,what about gasper gastropub type o
554,request,kay can i have the address phone number and the area
555,thankyou,thank you goodbye
556,inform,im looking for international food
557,inform,it doesnt matter
558,inform,i dont care about the price range
559,request,what is the address
560,thankyou,thank you good bye
562,inform,any
563,request,what type of food
564,request,what is the address
565,thankyou,thank you good bye
567,inform,i dont care
569,request,what area is it in
570,thankyou,thank you good bye
571,inform,north part of town serving canapes food
572,affirm,yes
573,inform,indian food
574,inform,i dont care
575,request,what is the address
577,request,what is the price range
578,thankyou,thank you good bye
579,null,sil
580,inform,im looking for an expensive restaurant that serves basque food
581,affirm,yes
582,reqalts,how about korean food
583,inform,korean food
584,request,what is the address
586,thankyou,thank you good bye
587,inform,i want a restaurant in the north part of town that serves kosher
588,confirm,does it serve kosher food
589,request,what is the address
591,request,what is the price range
592,thankyou,thank you good bye
593,inform,restaurant in the west part of town serving moroccan food
594,inform,moroccan
595,request,what type of food
596,reqalts,how about moroccan food
597,reqalts,how about moroccan food
598,reqalts,how about moroccan food
599,inform,moroccan food
602,request,what is the address and phone number
603,thankyou,thank you good bye
605,inform,im looking for a restaurant that serves romanian food
606,null,okay how about
607,inform,place that serves portuguese food
609,affirm,yes
610,request,whats the address to that please
611,thankyou,thank you good bye
612,inform,im looking for a restaurant in the south
614,inform,greek food
615,reqalts,how about chinese food
616,affirm,yes
617,affirm,yes
618,inform,is doesnt matter
619,thankyou,thank you good bye
620,inform,can i have a cheap restaurant in the south part of town
621,inform,any kind of food
622,request,what is the address
623,thankyou,thank you good bye
624,reqalts,what about indian
626,affirm,correct
627,inform,the west
628,request,okay whats the phone number
629,request,whats the address
630,thankyou,thank you good bye
631,inform,can i get a restaurant in the east part of town that serves italian food
632,request,can i get the address
634,request,and the post code
635,thankyou,thank you good bye
636,inform,moderate restaurant seafood
637,affirm,yes
638,null,noise
640,affirm,yes
641,request,phone number
642,request,phone number
643,thankyou,thank you good bye
644,null,sil
645,inform,the east
646,inform,moderately priced
648,request,what type of food
649,request,phone number
650,request,phone number
652,thankyou,thank you good bye
654,inform,any type of food
655,reqalts,are there any other restaurants
656,request,can i get the address and phone number please
657,thankyou,thank you good bye
659,inform,west
660,null,noise
661,inform,chinese
663,request,and the postal code
664,request,what about the address
665,request,can you give me the phone number
666,thankyou,thank you good bye
667,inform,i want to find an expensive restaurant that serves hungarian food
668,inform,i dont care
669,inform,hungarian
670,negate,no
671,inform,im looking for
672,inform,im looking for
673,confirm,does it serve hungarian food
674,inform,im looking for an expensive restaurant that serves hungarian
675,confirm,does it serve hungarian food
677,inform,i want to find an expensive restaurant that
678,inform,british food
679,request,what is the pri what is the telephone number
680,thankyou,thank you good bye
681,inform,mediterranean food
682,request,could i have the address and phone number
683,request,could i have the phone number
684,thankyou,thank you good bye
685,inform,moderate restaurant in the south part of town
686,inform,any
687,affirm,yes
688,request,uh price range
690,request,okay phone number
691,request,can i get the address
692,null,unintelligible
693,inform,i dont care
695,thankyou,thank you goodbye
696,null,can i get
697,inform,i dont care
698,inform,vegetarian
700,inform,i dont care
701,request,can i get the address
702,request,and the phone number
703,thankyou,thank you good bye
704,inform,cheap
706,request,address
707,request,address
708,request,phone number
709,thankyou,thank you good bye
710,inform,expensive restaurant
711,inform,anywhere
712,affirm,yes
714,inform,asian oriental
715,inform,asian oriental
716,affirm,yes
717,request,phone number
719,request,what is the area
720,thankyou,thank you goodbye
721,inform,im looking for a cheap restaurant serving kosher food
723,reqalts,how about chinese food
724,request,what is the address and phone number
725,thankyou,thank you goodbye
726,inform,i want to find a moderately priced restaurant and it should serve
727,inform,any
728,inform,turkish food
729,request,whats the address
730,request,and the post code
731,thankyou,thank you good bye
732,inform,id like a austrian restaurant in the south part of town
736,thankyou,thank you good bye
737,inform,moderately priced
738,inform,south
739,affirm,yes
740,request,phone number
741,request,address
742,inform,can i find a restaurant in the south that is moderately priced
743,inform,any food
744,request,can i have the phone number
745,thankyou,thank you good bye
747,inform,mediterranean
748,inform,american
749,inform,italian
750,request,address
751,request,address
752,thankyou,thank you good bye
753,inform,itailian
754,inform,italian
755,inform,north
756,negate,no
759,inform,i dont care
760,affirm,yes
761,negate,no
762,inform,dont care
763,inform,italian food
764,inform,dont care
766,inform,i dont care
767,null,worthless system
768,affirm,yes
769,negate,no
770,inform,i do not care
771,inform,dont care
772,thankyou,thank you good bye
773,inform,moderately priced restaurant halal food
774,inform,doesnt matter
775,affirm,yes
776,inform,halal
777,repeat,again please
778,request,may i have the address and post code
779,repeat,again please
780,request,address
782,request,post code
783,thankyou,thank
784,repeat,again
786,null,re
787,request,address
789,request,address
790,request,address
791,request,post code
792,thankyou,thank
793,request,address
794,request,address
795,request,post code
796,thankyou,thank you good bye
797,thankyou,thank you good bye
798,inform,im looking for a restaurant in the north part of town that serves
799,inform,greek
800,reqalts,how about indians
801,request,whats the price range again
802,thankyou,thank you good bye
803,inform,looking for a moderately priced restaurant in the east part of town
804,inform,i dont care
805,request,whats the address
806,request,and the phone number
807,request,what type of food does it serve
809,inform,im looking for a cheap restaurant in the north part of town
810,inform,any
811,request,kind i have the address
812,request,phone number
813,thankyou,thank you good bye
814,inform,im looking for a moderately priced restaurant
818,thankyou,thank you good bye
820,inform,greek food
821,inform,uh indian
822,inform,doesnt matter
823,request,uh whats the address and the phone number
824,thankyou,thank you good bye
825,inform,african food
826,inform,any area
827,inform,african food
828,request,what is the address
829,thankyou,thank you good bye
830,inform,im looking for a moderately priced restaurant in the
831,inform,north
832,inform,i dont care
834,thankyou,thank you good bye
836,request,address
837,thankyou,thank you good bye
838,inform,i want a cheap restaurant in the east part of town
840,thankyou,thank you good bye
841,inform,moderate price
842,inform,i dont care
843,request,may i have the address
844,thankyou,thank you good bye
845,inform,um i want a restaurant in the north side of town and i want to eat christmas food
847,inform,north
848,inform,i dont care
850,request,how about the address
852,thankyou,thank you good bye
853,inform,im looking for a restaurant in the south part of town that serves
854,inform,austrian
855,inform,austrian
856,affirm,yes
857,reqalts,is there a restaurant in the south part of town that serves indian food
858,inform,indian food
859,request,could i get their phone number
860,thankyou,thank you good bye
861,inform,cheap restaurant east of town
862,request,whats the address
864,request,what type of food
865,thankyou,thank you good bye
866,inform,in the center
867,inform,cross over food
868,reqalts,anything else
869,request,what is the price range
870,request,do you have the address
871,request,and the phone number
872,thankyou,thank you good bye
873,inform,im looking for unintelligible food
874,inform,in the east part of town
875,null,unintelligible
876,null,unintelligible
878,request,can i have the address and phone number
879,thankyou,thank you good bye
881,inform,it doesnt matter
882,inform,australian food
883,reqalts,what about european food
884,inform,what european food
886,confirm,does it serve european type food
887,request,whats the address
888,request,whats the address
889,request,and whats the phone number
890,thankyou,thank you good bye
891,null,unintelligible
892,inform,moderately priced restaurants
893,inform,dont care
895,request,what is the address
896,thankyou,thank you good bye
897,inform,cheap restaurant north part of town
898,inform,any
901,request,address and phone number
903,thankyou,thank you good bye
904,inform,moderately priced restaurant japanese food
906,inform,breath i dont care
908,thankyou,thank you goodbye
909,inform,moderately
910,inform,west
911,inform,west
912,inform,west part of town
913,inform,doesnt matter
914,null,what is the
915,request,what is the address
917,thankyou,thank you good bye
919,inform,i dont care
920,request,what is the address
921,thankyou,thank you good bye
922,inform,im looking for a moderately priced restaurant
923,inform,i dont care
926,request,uh can i have the address
927,request,and phone number
928,request,and whats the address
929,thankyou,thank you good bye
930,inform,expensive
931,inform,south
932,inform,doesnt matter
934,request,phone number
935,thankyou,thank you good bye
936,inform,im looking for a restaurant in the west part of town that serves
937,inform,international
938,reqalts,how about the center area
939,request,can you give me the phone number
940,request,and whats the price range
941,thankyou,thank you good bye
942,null,unintelligible
943,inform,im looking for a restaurant in the west part of town and it sh
945,request,and the phone number
946,request,and the post code
948,inform,im looking for an expensive restaurant in the east
949,inform,it doesnt matter
950,affirm,yes
951,reqalts,anything else
952,request,address
953,request,phone number
954,thankyou,thank you goodbye
955,inform,want to find a restaurant in the west part of town that serves german food
958,thankyou,thank you good bye
959,inform,id like a restaurant in the south part of town that serves cuban
960,inform,cuban
961,request,could i have the phone number
962,request,what about the address
963,thankyou,thank you good bye
964,inform,id like a cheap restaurant that serves steakhouse
965,inform,it doesnt matter
966,inform,steakhouse
967,affirm,yes
968,confirm,does it serve steakhouse food
969,inform,i would like steakhouse food
971,inform,i would like vietnamese food
973,thankyou,thank you good bye
974,inform,im looking for a cheap
975,inform,um in north
976,inform,north part of town
978,request,may i have the post code please
979,thankyou,thank you good bye
981,inform,i dont care
982,request,what is the address
983,request,what is the address
984,thankyou,thank you good bye
985,inform,moderate restaurant catalan food
986,inform,spanish food
987,request,address
988,request,phone number
989,request,post code
990,thankyou,thank you good bye
991,inform,im looking for a restaurant in the west part of town that serves italian food
992,inform,west
993,negate,no
994,inform,i dont care
995,request,may i have the phone number and address
996,thankyou,thank you good bye
997,inform,im looking for gastropub food
998,inform,any area
999,inform,gastropub
1000,inform,any
1002,request,post code
1003,thankyou,thank you good bye
1004,inform,im looking for a cheap spanish restaurant
1007,request,the postcode
1008,thankyou,thank you goodbye
1009,confirm,does it serve caribbean food
1010,reqalts,how about caribbean food
1012,request,what is the address
1013,thankyou,thank you good bye
1015,inform,i dont care
1016,inform,i dont care
1018,thankyou,thank you good bye
1019,inform,can i have an expensive restaurant
1020,inform,the south
1021,inform,it doesnt matter
1023,thankyou,thank you good bye
1024,inform,dont care
1025,inform,expensive
1026,request,phone number
1027,thankyou,thank you good bye
1028,inform,south part of town
1029,inform,any
1030,inform,moderate
1031,reqalts,anything else
1032,request,address
1033,thankyou,thank you good bye
1034,inform,im looking for a moderately priced restaurant in the north part of town
1035,inform,i dont care
1037,request,and their address
1038,thankyou,thank you goodbye
1039,inform,im looking for scandinavian food
1040,inform,any part of town
1041,affirm,yes
1042,inform,cheap
1044,thankyou,im done thank you
1045,null,okay
1047,inform,can i have the venusian food
1048,inform,italian food in the south part of town
1049,inform,italian food in the south part of town
1050,inform,dont care
1051,request,phone number
1052,request,the phone number
1053,request,the post code
1055,inform,im looking for a restaurant in the west part of town that serves caribbean
1059,thankyou,thank you good bye
1061,request,phone number
1062,request,address
1063,thankyou,thank you good bye
1064,inform,south
1065,inform,any
1066,affirm,yes
1068,request,whats the address
1070,thankyou,thank you good bye
1071,null,unintelligible
1072,inform,cheap restaurant in the west part of town
1073,inform,any type of food
1075,thankyou,thank you goodbye
1077,inform,west
1080,request,and the phone number
1081,request,and the address
1082,thankyou,thank you good bye
1083,inform,cheap restaurant in he north part of town
1084,inform,any
1085,request,address
1086,request,phone number
1087,request,what type of venue
1088,thankyou,thank you good bye
1089,null,unintelligible
1090,null,unintelligible
1091,inform,doesnt matter
1092,inform,does not matter
1093,null,unintelligible
1094,null,unintelligible
1095,null,unintelligible
1096,null,unintelligible
1097,inform,i dont care
1100,reqalts,how about moderately priced
1101,thankyou,thank you good bye
1102,null,noise
1103,inform,looking for a moderately priced restaurant
1106,inform,north
1107,inform,the south
1108,null,cough
1109,null,cough
1110,inform,british
1111,affirm,yes
1112,request,where is it
1113,request,what is the address
1115,thankyou,thank you good bye
1117,inform,what about mediterranean food
1118,inform,what about mediterranean food
1120,thankyou,thank you good bye
1121,inform,im looking for a spanish restaurant
1122,negate,no spanish
1123,inform,im looking for a spanish food restaurant
1124,affirm,yes
1125,inform,any
1126,negate,no
1127,negate,no any area
1128,negate,no
1129,inform,what about other areas
1130,request,what area
1131,request,what area
1132,request,what is the address
1133,request,what is the price range
1134,thankyou,thank you good bye
1136,inform,i would like a cheap restaurant it should serve ger
1138,null,noise
1139,reqalts,how about european food
1140,request,what type of food
1141,reqalts,how about european food
1142,null,okay
1143,affirm,yes
1144,affirm,yeah
1145,null,okay
1146,reqalts,how about portuguese food
1149,request,may i have the phone number
1150,affirm,perfect
1152,inform,gastropub
1153,inform,any
1154,affirm,yes
1155,inform,gastropub
1156,inform,i dont care
1157,request,address
1158,request,post code
1159,thankyou,thank you good bye
1160,inform,moderately priced
1161,inform,west
1163,request,and the address
1164,thankyou,thank you good bye
1165,inform,i need a restaurant in the east part of town
1166,inform,traditional food
1169,request,can i get the address
1171,thankyou,thank you good bye
1172,inform,restaurant indian restaurant
1173,null,unintelligible
1174,inform,polynesian food
1175,inform,mediterranean food
1176,negate,no in any area
1177,negate,no
1178,inform,a restaurant in
1179,inform,any area
1180,inform,i dont care
1181,inform,i dont care
1182,request,whats the address
1184,request,whats the postcode
1185,thankyou,thank you goodbye
1186,inform,i want to find a moderately priced restaurant and it should be in the
1187,inform,south
1188,inform,south part of town south
1189,inform,any
1190,request,whats the address
1191,request,and the post code
1192,thankyou,thank you good bye
1193,inform,breath im looking for a moderately priced restaurant in the east p
1194,inform,any
1195,affirm,yes
1196,reqalts,anything else
1198,thankyou,thank you goodbye
1199,inform,im looking for a cheap restaurant in the south part of town
1200,inform,south
1201,inform,south
1202,inform,south part
1203,inform,south
1204,inform,south
1205,affirm,yes
1206,inform,i dont care
1207,request,can i have the phone number
1208,request,can i have the post code
1209,thankyou,thank you good bye
1211,inform,any area
1212,inform,seafood
1213,request,whats the phone number and price range
1214,request,price range
1215,request,phone number
1216,thankyou,thank you goodbye
1217,null,noise
1218,null,looking for a place that serves whole worl
1219,inform,is there any serving vietnamese
1220,reqalts,what about vietnamese food
1221,thankyou,thank you goodbye
1222,inform,im looking for world food
1224,request,what are the address
1225,thankyou,thank you good bye
1226,inform,im looking for a restaurant in any area that serves austrian food
1227,inform,austrian food
1228,reqalts,how about mediterranean food
1229,reqalts,how about mediterranean food
1230,affirm,yes
1231,affirm,yes
1232,request,can i get a post code
1233,thankyou,thank you good bye
1235,inform,ah scottish food
1236,inform,okay uh how bout british food
1237,negate,uh no im loo ah change it to british
1238,request,kay can i get their phone number please
1240,inform,i need a moderately priced restaurant in the part of town
1241,inform,i dont care
1242,request,whats the address
1243,request,whats the type of food
1244,thankyou,thank you good bye
1245,inform,mexican food
1246,inform,cheap
1247,inform,vietnamese
1248,request,phone number
1249,request,phone number
1250,thankyou,thank you good bye
1251,inform,i want to find a moderately priced restaurant that serves fusion food
1252,reqalts,how about chinese food
1254,confirm,does it serve chinese type of food
1255,inform,chinese chinese
1256,thankyou,thank you good bye
1257,affirm,ah yes can i get a restaurant that serves french food
1258,inform,ah centre
1259,affirm,ah yes that serves french food
1260,affirm,yes
1262,request,ah whats the price ran
1263,request,okay and ah whats the price range
1264,ack,okay and ah
1266,null,and ah
1268,request,whats his addre
1269,ack,kay um
1270,thankyou,thank you and goodbye
1271,inform,expensive restaurant east part of town
1272,inform,any type of food
1273,inform,expensive
1274,request,price range
1275,inform,expensive
1276,inform,expensive restaurant east part of town
1277,inform,expensive
1278,request,phone number
1279,request,phone number
1281,thankyou,thank you good bye
1282,inform,i want an expensive restaurant serving european food
1283,inform,it doesnt matter
1286,thankyou,thank you good bye
1288,inform,any food
1289,reqalts,anything house
1290,request,may i have the phone number and post code
1291,request,can i have the post code
1292,thankyou,thank you good bye
1293,inform,cheap
1294,inform,restaurant
1295,inform,dont care
1296,null,unintelligible
1297,request,phone number
1298,request,post code
1299,thankyou,thank you good bye
1300,inform,looking for an expensive restaurant that serves
1301,inform,any where
1302,repeat,repeat that
1303,inform,cantonese food
1305,request,i need the phone number and post code
1306,thankyou,thank you good bye
1307,inform,moderately priced restaurant
1308,inform,north
1309,inform,dont care
1310,request,phone number
1311,request,phone number
1312,thankyou,thank you good bye
1313,inform,spanish restaurant
1314,inform,i dont care
1315,inform,i dont care
1317,request,what is the address
1318,request,what is the address
1319,null,uh
1320,thankyou,thank you good bye
1321,inform,im looking for a cheap restaurant serving russian food
1322,reqalts,uh what about chinese food
1323,confirm,does it serve chinese food
1324,inform,im looking for a cheap restaurant that serves
1328,inform,im looking for a cheap restaurant that serves
1329,inform,chinese
1330,inform,dont care
1331,request,whats the address
1333,thankyou,thank you good bye
1334,request,i need a special restaurant serving christmas food
1335,reqalts,what about british food
1336,inform,i need an expensive restaurant serving british food
1337,negate,no
1338,inform,i need an expensive restaurant serving british food
1340,thankyou,thank you good bye
1341,null,sil
1342,inform,west
1343,inform,traditional
1344,inform,british
1345,affirm,yes
1346,inform,moderate
1347,request,address
1348,request,phone number
1350,null,unintelligible
1351,inform,doesnt matter
1352,inform,it doesnt matter
1354,inform,north american
1355,affirm,yes
1356,affirm,yes
1357,request,whats the address
1358,request,and whats the phone number
1359,request,and whats the post code
1360,thankyou,thank you good bye
1361,inform,i want a basque food restaurant
1362,inform,i dont care
1363,inform,basque food
1364,null,how about
1365,inform,spanish food
1366,inform,i dont care
1367,request,what is the address
1368,request,what is the area
1369,thankyou,thank you good bye
1370,inform,hi im looking for moderately priced
1371,affirm,yes
1372,inform,dont care
1374,reqalts,how about asian oriental
1375,inform,i would like asian oriental
1376,affirm,yes
1377,request,whats the address
1379,thankyou,thank you good bye
1381,inform,it doesnt matter
1382,thankyou,thank you good bye
1383,reqalts,can you tell me a restaurant in the south part of town
1384,inform,uh it doesnt matter
1386,inform,um i need a cheap restaurant
1387,request,whats the address
1388,request,and whats the post code
1390,thankyou,thank you good bye
1391,inform,moderate
1392,reqalts,anything else
1393,request,address
1394,request,phone number
1395,request,post code
1396,thankyou,thank you good bye
1397,null,noise
1399,inform,venetian
1400,inform,mediterranean
1401,inform,expensive
1402,request,whats the address
1404,thankyou,thank you goodbye
1405,inform,im looking for an expensive restaurant in the east
1406,inform,i dont care
1408,thankyou,thank you good bye
1409,inform,id like a restaurant that serves turkish food
1410,inform,it doesnt matter
1411,inform,doesnt matter
1412,affirm,yes
1413,inform,any price range
1415,request,what is the address and post code
1416,null,sil
1417,hello,hello hello oh your on the phone yea
1419,inform,find restaurant in north part of town serving asian
1420,inform,find restaurant in north part of town
1421,negate,no
1422,inform,find restaurant serving asian
1423,inform,find restaurant serving asian oriental
1424,affirm,yes
1425,negate,no
1426,null,find
1427,inform,restaurant
1428,inform,find restaurant
1431,thankyou,thank you good bye
1432,null,sil
1433,inform,doesnt matter
1434,inform,expensive
1435,affirm,yes danish food
1437,inform,danish
1438,inform,danish
1439,request,what type of food
1440,inform,do you have any asian oriental food
1442,request,what area
1443,thankyou,thank you good bye
1444,null,noise
1445,inform,north
1446,inform,christmas
1448,request,address
1449,request,phone number
1450,request,price range
1451,thankyou,thank you good bye
1452,inform,im looking for a restaurant
1453,negate,not
1454,inform,north part of town
1455,null,unintelligible
1457,request,can i have the phone number and the price range
1458,thankyou,thank you good bye
1459,inform,im looking for a moderately priced restaurant
1460,inform,ah i dont care
1461,inform,indian food
1462,request,the address
1463,request,phone number
1464,request,the area
1465,request,the area
1466,request,what area of town
1468,inform,im looking for a restaurant in the east part of town that serves belgium food
1471,request,can i have the address and phone number please
1472,thankyou,thank you good bye
1473,inform,restaurant
1476,inform,italian food
1477,inform,doesnt matter
1478,inform,dont care
1479,request,phone number
1480,request,phone number
1481,thankyou,thank you good bye
1482,inform,expensive
1483,inform,any
1484,inform,italian
1485,affirm,yes
1486,inform,italian
1487,inform,italian
1489,inform,italian
1490,inform,italian
1491,request,phone number
1492,request,phone number
1493,request,address
1494,thankyou,thank you goodbye
1495,inform,i need a restaurant in the east part of town that serves creative
1496,reqalts,how about chinese food
1497,request,the address
1498,request,phone number
1499,request,the post code
1500,thankyou,thank you goodbye
1502,reqalts,how about asian oriental
1504,request,can i get the phone number and area
1505,request,what is the area
1506,thankyou,thank you good bye
1507,inform,im looking for a restaurant that serves african food
1508,request,and the phone number
1509,request,and what is the post code
1510,thankyou,thank you good bye
1511,inform,i need an expensive restaurant that serves afghan food
1512,reqalts,how about korean food
1513,request,whats the address
1515,thankyou,thank you good bye
1516,inform,need a restaurant serving brazilian food
1517,inform,doesnt matter
1518,affirm,yes
1521,inform,find me a turkish restaurant
1522,inform,any price range
1523,affirm,yes
1524,inform,doesnt matter
1525,inform,dont care
1526,affirm,yes
1527,affirm,yes
1528,request,address
1529,request,what is the address
1530,request,what is the post code
1531,thankyou,thank you good bye
1532,inform,im looking for an expensive restaurant that serves european food
1533,inform,any
1534,reqalts,anything else
1535,request,whats the address
1536,request,what area is it in
1537,thankyou,thank you good bye
1538,null,noise
1539,inform,im looking for a restaurant that serves
1540,inform,i dont care
1543,affirm,yes
1545,request,may i have the address and post code
1546,request,what is their post code
1547,thankyou,great thank you good bye
1551,thankyou,thank you good bye
1552,inform,cheap spanish restaurant
1553,request,address
1554,request,phone number
1555,thankyou,thank you good bye
1556,inform,i would like malaysian food in the center part of
1557,reqalts,how about korean food
1559,affirm,yes
1560,request,what is the address and phone number
1561,thankyou,thank you good bye
1562,hello,hello im looking for a cheap restaurant in the west part of town
1563,inform,i dont care
1566,thankyou,thank you good bye
1568,inform,i want a modern european
1569,inform,i want a restaurant serving
1570,negate,no
1572,inform,modern european
1573,affirm,yes
1574,request,what is the address
1575,request,what is the post code
1576,thankyou,thank you good bye
1577,inform,moderately priced restaurant
1578,inform,any
1579,inform,halo food
1580,inform,gastropub
1581,inform,gastropub
1582,thankyou,thank you good bye
1583,inform,i dont care
1584,inform,i dont care about the price range
1585,request,the phone number
1586,null,unintelligible
1587,request,post code
1588,request,post code
1589,request,post code
1590,thankyou,thank you good bye
1592,request,what kind of food does it serve
1593,reqalts,how about a turkish restaurant
1594,request,whats the address
1595,thankyou,thank you good bye
1596,null,noise
1597,inform,dont care
1598,negate,no i want belgium food
1599,inform,dont care
1600,inform,dont care
1601,inform,belgium food
1602,inform,korean food
1603,request,what is the address
1604,request,address
1605,request,what is the address
1606,request,price range
1607,thankyou,thank you good bye
1608,inform,find a restaurant serving cannabis food
1609,inform,dont care
1611,inform,turkish
1612,inform,turkish
1613,inform,moderate
1614,affirm,yes
1615,null,unintelligible
1616,request,where are they located
1618,thankyou,thank you good bye
1619,inform,looking for a restaurant in the south part of town that serves persian
1620,inform,are there any that serves portuguese food
1621,inform,are there any that serves portuguese food
1622,request,can i have the phone number and the address please
1623,thankyou,thank you good bye
1624,inform,im looking for vietnamese food in the north part of town
1625,reqalts,how about the west area
1626,affirm,yes
1627,affirm,yes
1628,request,can i have the phone number please
1629,thankyou,thank you good bye
1630,inform,im looking for a cheap restaurant that serves cuban food
1631,inform,is there on serving chineese
1634,affirm,yes do you have one with chinese
1635,inform,it doesnt matter
1637,request,and the phone number
1638,thankyou,thank you goodbye
1640,inform,the north
1642,request,and whats the phone number
1643,thankyou,thank you good bye
1645,request,phone number
1646,request,phone number
1647,request,post code
1648,thankyou,thank you good bye
1649,inform,ah it doesnt matter
1650,request,kay can i get the phone number
1651,request,kay and ah where is it located
1652,request,okay and ah wheres it located
1653,request,okay and whats the addre
1654,inform,barbecue food west part of town
1655,affirm,yes
1656,inform,vietnamese
1657,request,phone number
1658,request,phone number
1663,request,whats the address
1665,thankyou,thank you good bye
1667,inform,west part of town
1668,inform,dont care
1669,request,address
1670,thankyou,thank you good bye
1671,inform,im looking for a barbecue restaurant in the east part of town
1672,reqalts,how about an indian restaurant
1673,reqalts,how about an indian type food restaurant
1675,thankyou,thank you good bye
1676,negate,no
1679,reqalts,how about italian
1680,request,what is the address
1683,thankyou,thank you good bye
1684,inform,i dont care
1686,request,alright whats the address
1687,thankyou,thank you good bye
1689,inform,turkish food
1690,inform,any area
1691,reqalts,what about any area
1692,request,whats their address
1693,thankyou,thank you good bye
1696,inform,i need a restaurant in the
1697,null,i need
1699,inform,i need a restaurant that
1700,reqalts,how about a chinese restaurant
1701,request,the address
1702,request,phone number
1703,request,post code
1704,thankyou,thank you good bye
1705,inform,restaurant in the east part of town japanese
1706,inform,chinese
1707,request,what is the address
1708,request,phone number
1709,request,post code
1710,thankyou,thank you good bye
1712,inform,i dont care
1714,request,okay whats the phone number
1715,null,and
1716,request,the address
1717,request,what is the address
1718,thankyou,thank you good bye
1720,inform,any price range
1721,inform,korean food
1722,inform,korean food expensive
1723,inform,expensive
1724,inform,it doesnt matter
1725,inform,expensive
1726,inform,korean food expensive
1727,request,phone number
1728,request,phone number
1729,thankyou,thank you good bye
1731,inform,doesnt matter
1732,request,what type of food is it
1733,request,may i have the address
1734,thankyou,thank you good bye
1735,null,sil
1736,inform,the west part of town i want
1737,inform,bistro
1738,reqalts,how about italian
1739,inform,i want italian food
1740,inform,it doesnt matter
1741,affirm,yes
1743,inform,im looking for a cheap restaurant that serves belgian food
1746,inform,north
1747,inform,south
1748,request,what is the address and phone number
1749,thankyou,thank you good bye
1750,inform,greek
1751,inform,turkish
1752,inform,moderately priced
1753,request,address
1754,thankyou,thank you good bye
1755,inform,any
1756,request,phone number
1758,inform,expensive mexican
1759,request,phone number
1760,request,phone number
1761,thankyou,thank you good bye
1762,inform,i need a cheap restaurant that serves international food
1763,request,whats the address
1764,request,phone number
1765,thankyou,thank you good bye
1767,inform,im looking for a restaurant in the center that serves international
1769,request,price range
1770,thankyou,thank you good bye
1771,inform,european now
1772,inform,dont care
1773,inform,dont care
1774,request,phone number
1775,request,phone number
1776,thankyou,thank you good bye
1780,inform,gastropub
1781,inform,gastropub
1782,affirm,yes
1783,negate,no
1784,null,noise
1785,inform,gastropub
1787,affirm,yes
1788,inform,gastropub
1789,thankyou,thank you goodbye
1790,inform,persian
1791,reqalts,how about portuguese food
1792,confirm,is that portuguese
1793,request,and the address
1794,thankyou,thank you good bye
1795,inform,im looking for a cheap restaurant in the south part of town
1796,inform,i dont care
1797,request,what is the address
1798,request,and the post code
1799,thankyou,thank you good bye
1800,inform,um expensive restaurant
1801,inform,east part
1803,inform,dont care
1804,request,can i have the address and post code
1806,thankyou,thank you good bye
1807,inform,im looking for a moderately priced restaurant in the west part of town
1808,inform,i dont care
1809,request,whats the address
1810,thankyou,thank you goodbye
1812,inform,i dont care
1814,request,what type of food does it serve
1815,thankyou,thank you good bye
1818,inform,italian
1819,affirm,yes west part of town
1820,inform,any
1821,request,phone number
1822,thankyou,thank you good bye
1823,inform,looking for a moderately priced restaurant in the east part of town
1824,inform,i dont care
1825,request,whats the address
1827,request,whats the post code
1828,thankyou,thank you good bye
1831,inform,i dont care
1832,null,unintelligible
1833,confirm,do they serve unintelligible food
1834,request,what kind of food do they serve
1835,null,how about unintelligible
1836,confirm,do they serve unintelligible food
1837,request,what do they serve
1838,inform,what does rice house
1839,null,serve
1840,request,what kind of food do they serve
1841,request,okay what is their address
1842,request,what is their phone number
1843,request,and what kind of food do they serve
1844,thankyou,thank you good bye
1845,inform,indian food
1846,inform,cheap
1847,thankyou,thank you good bye
1848,inform,i need a moderately priced restaurant serving world food
1849,inform,british food
1851,thankyou,thank you good bye
1852,null,noise
1853,inform,im looking for a restaurant in the north part of town
1854,inform,moroccan food
1855,inform,moroccan
1856,inform,moroccan
1858,affirm,yes
1859,request,can i have the address of the phone number of the venue
1860,thankyou,thank you good bye
1861,inform,im looking for an expensive restaurant with venetian food
1863,reqalts,how about one with thai food
1864,negate,no
1865,affirm,yes
1866,inform,im looking for a restaurant with thai type
1867,request,can i have the phone number
1868,thankyou,thank you good bye
1869,inform,looking for an expensive restaurant in the east of town
1870,inform,i dont care
1871,request,whats the address and the phone number
1872,thankyou,thank you good bye
1873,affirm,ah yes im looking for persian food and i dont care about the pri
1874,inform,um it doesnt matter
1875,affirm,ah yes im looking for persian food though
1876,inform,okay ah how bout portuguese food
1877,inform,okay um well how bout portuguese
1878,negate,no portuguese
1879,affirm,yes
1880,request,okay and ah can i get their phone number please
1881,request,and their address
1882,thankyou,okay uh thank you and goodbye
1883,inform,moderately priced restaurant that serves fusion food
1884,inform,turkish food
1885,request,address
1886,thankyou,thank you good bye
1887,inform,id like a moderately priced restaurant in the east part of town
1888,inform,any food
1889,negate,no moderately priced
1890,inform,in the east part of town
1892,request,address and phone number please
1893,request,phone number please
1894,thankyou,thank you good bye
1895,affirm,yes
1896,null,how about
1897,inform,an expensive italian restaurant
1898,inform,dont care
1899,request,whats the address phone number and area
1901,thankyou,thank you good bye
1903,inform,barbecue
1904,inform,french food
1906,thankyou,thank you good bye
1908,inform,the south part
1909,inform,i dont care
1911,thankyou,thank you good bye
1912,inform,im looking for a moderately priced restaurant that serves japanese food
1914,reqalts,how about somewhere serving modern european
1915,inform,moderate european food
1916,affirm,yes
1917,request,what kind of food does it serve
1918,inform,modern european food
1919,inform,doesnt matter
1920,request,what kind of food does it serve
1921,inform,im looking for a moderately
1923,confirm,is it moderately priced
1924,inform,i dont care
1925,request,what is a phone number
1926,thankyou,thank you good bye
1927,inform,id like a restaurant in any area
1928,inform,cheap
1929,request,address
1930,request,phone number
1931,thankyou,thank you good bye
1932,inform,belgium food
1933,inform,british
1934,inform,center
1935,inform,dont care
1936,request,what is the address and phone number
1937,thankyou,thank you good bye
1939,inform,serving catalan food
1940,inform,indian food
1941,inform,indian food
1942,affirm,yes
1943,inform,indian food
1944,inform,restaurant in north part of town
1945,request,address phone number price range
1946,request,phone number
1947,request,price range
1948,thankyou,thank you goodbye
1949,inform,that serves romanian food
1950,inform,romanian
1951,reqalts,how about thai food
1953,affirm,right
1955,request,and the phone number
1956,thankyou,thank you good bye
1957,inform,expensive restaurant
1958,inform,south
1959,inform,any
1960,reqalts,anything else
1961,reqalts,anything else
1962,reqalts,anything else
1963,request,address
1964,request,phone number
1965,request,post code
1966,thankyou,thank you good bye
1967,inform,expensive
1968,inform,dont care
1969,inform,malaysian
1970,inform,korean
1972,request,what is the address
1973,thankyou,thank you good bye
1974,inform,moderately
1975,inform,north
1976,inform,north
1977,inform,any
1978,inform,moderate
1979,request,the phone number
1980,thankyou,thank you good bye
1981,inform,im looking for a cheap restaurant in the east part of town
1983,thankyou,thank you good bye
1984,inform,expensive restaurant
1985,inform,south
1987,inform,any time
1989,request,whats the post code
1990,thankyou,thank you good bye
1991,inform,i want to find a cheap restaurant in the south part of town
1992,inform,south
1994,ack,okay and what about the address
1996,inform,restaurant south part of town
1997,affirm,yes
1999,negate,no
2000,inform,portuguese food
2001,request,phone number
2002,request,phone number
2003,request,address
2004,thankyou,thank you good bye
2005,inform,expensive restaurant in the south part of town
2006,inform,i dont care
2007,request,address
2008,request,phone number
2010,thankyou,thank you good bye
2011,inform,im looking for a restaurant in the west part of town that serves scottish
2013,inform,scottish
2014,reqalts,what about indian type of food
2015,confirm,does it serve indian food
2016,inform,im looking for a restaurant that serves indian food
2017,request,what is the address
2019,thankyou,thank you goodbye
2020,null,sil
2021,null,unintelligible
2022,null,unintelligible
2023,inform,anything
2024,inform,cheap
2025,request,address
2026,request,phone number
2029,thankyou,thank you goodbye
2030,reqalts,are there any restaurant serving corsica food
2034,request,may i have the address
2035,request,may i have its address
2037,request,may i have its number
2038,thankyou,thank you good bye
2039,inform,european european
2040,inform,west part of town
2041,request,price range
2042,request,phone number
2043,request,price range
2044,thankyou,thank you good bye
2046,inform,south
2047,inform,i dont care
2050,thankyou,thank you good bye
2052,inform,dont care
2054,thankyou,thank you good bye
2055,inform,an expensive restaurant in the south part of town
2056,request,address
2057,request,phone number
2058,request,the post code
2059,null,sil
2060,null,sil
2061,inform,south
2062,negate,no
2063,negate,no
2064,inform,south of town
2065,inform,i dont care
2066,inform,moderate
2067,reqalts,anything else
2068,request,and whats the phone number
2069,thankyou,thank you good bye
2070,inform,expensive
2071,inform,dont care
2072,inform,basque
2073,request,what kind of food
2074,inform,basque
2075,request,what type of food
2076,inform,basque
2077,inform,korean
2078,request,address
2079,request,what area of town
2080,thankyou,thank you good bye
2081,inform,moderately priced restaurant in the east
2082,inform,i dont care
2084,request,whats the phone number there
2085,thankyou,okay thank you good bye
2087,inform,any
2088,reqalts,anything else
2089,thankyou,thank you good bye
2090,inform,im looking for a restaurant in the center serving african food
2091,request,can i have the address of the venue
2092,thankyou,thank you good bye
2093,inform,expensive
2094,null,none
2095,negate,no
2096,inform,portuguese food
2098,inform,mediterranean
2099,affirm,yes
2100,inform,mediterranean
2101,inform,expensive
2102,null,okay
2103,null,okay
2104,request,what type of food
2105,reqalts,how about mediterranean
2106,request,phone number
2107,thankyou,thank you good bye
2108,inform,im looking for a portuguese restaurant
2109,inform,i dont care
2112,thankyou,thank you good bye
2113,inform,looking for a moderately priced restaurant that serves cancun
2114,inform,test food
2115,negate,no
2116,negate,no
2117,negate,no
2118,inform,canapes
2119,null,are there any
2120,request,can i have the address and phone number please
2121,thankyou,thank you good bye
2122,inform,i need a moderately priced restaurant in the south part of town
2123,inform,it doesnt matter
2124,request,whats the address
2125,thankyou,thank you good bye
2126,inform,im looking for a cheap restaurant in the east part of town
2127,request,what is the address and telephone number
2128,request,and the telephone number
2129,thankyou,thank you good bye
2131,inform,dont care
2132,inform,dont care
2133,thankyou,thank you good bye
2134,inform,need one in the west part of town
2135,null,i need
2136,inform,any
2137,request,address
2138,request,the address
2139,request,price range
2140,thankyou,thank you goodbye
2141,inform,im looking for a cheap restaurant in the north part of town
2142,request,what food is available
2143,request,may i have the address
2144,request,may i have the phone number please
2145,thankyou,thank you good bye
2146,inform,im looking for a cheap restaurant in the
2147,request,whats the address
2148,request,phone number
2149,thankyou,thank you good bye
2150,inform,french
2151,null,now
2152,null,now
2153,null,now
2154,inform,french
2155,null,now
2156,null,now
2157,inform,dont care
2158,inform,french food
2159,request,address
2160,request,phone number
2161,thankyou,thank you good bye
2162,inform,im looking for spanish food
2163,inform,i dont care
2164,inform,i dont care
2166,reqalts,i dont want that one whats another one
2167,reqalts,i dont want that give me another spanish choice
2168,request,okay good whats the address for that one
2170,thankyou,okay thank you good bye
2171,inform,im looking for a restaurant in any area that
2172,inform,gastropub
2173,inform,any
2174,inform,it doesnt matter to me
2175,request,whats the address
2176,thankyou,thank you good bye
2177,inform,im looking for a moderately priced restaurant and it should be in the west part of town
2178,inform,any
2179,reqalts,anything else
2180,request,whats the address
2182,request,whats the post code
2183,thankyou,thank you good bye
2185,inform,south
2186,inform,south part of town
2187,inform,south
2188,inform,south
2189,affirm,yes
2191,inform,doesnt matter
2193,inform,expensive
2194,request,address
2195,request,phone number
2198,thankyou,thank you good bye
2199,inform,i want a restaurant that serves basque food
2200,inform,uh i want a restaurant that serves international food
2201,inform,a restaurant thats serving international food
2202,request,whats the address
2203,thankyou,thank you good bye
2204,inform,uh find a restaurant in the west part of town and
2206,inform,thai
2207,inform,thai
2209,request,and phone number
2210,repeat,cant repeat
2211,request,uh phone number
2212,inform,prezzo
2215,affirm,yes
2216,inform,do you have prezzo
2217,request,okay what was the name
2218,null,on the rest and the
2219,request,and the phone number
2220,request,phone number
2221,request,phone number again
2222,request,and price range
2223,ack,okay um
2226,inform,im looking for gastropub food
2227,inform,i dont care
2229,inform,gastropub
2230,inform,gastropub
2231,inform,i dont care
2232,request,what is the price range
2233,request,what is the price range
2234,thankyou,thank you good bye
2235,inform,i want to find a restaurant in any area
2236,negate,no
2237,inform,any area
2238,inform,i dont care
2239,null,noise
2240,request,where is one
2242,thankyou,thank you good bye
2244,inform,gastropub
2245,request,the phone number
2246,thankyou,thank you good bye
2247,inform,im looking for european food
2248,inform,i dont care
2249,inform,cheap
2250,inform,portuguese food
2251,request,whats the address
2252,thankyou,thank you good bye
2253,inform,center
2254,reqalts,anything else
2255,request,phone number
2256,request,phone number
2257,request,post code
2258,thankyou,thank you good bye
2259,inform,moderately priced restaurant
2260,inform,dont care
2261,inform,vegetarian
2262,inform,turkish
2263,request,address
2264,thankyou,thank you good bye
2265,inform,north
2266,inform,north
2267,inform,north
2268,inform,north
2269,thankyou,thank you good bye
2270,inform,im looking for a cheap restaurant in the north part of town
2271,inform,i dont care
2274,thankyou,thank you goodbye
2275,affirm,yes
2276,inform,dont care
2277,inform,cheap
2278,request,telephone number
2279,request,address
2280,request,phone number
2282,thankyou,thank you good bye
2283,inform,restaurant north part of town
2284,affirm,yes
2285,inform,british food
2286,inform,british food
2287,negate,no
2288,inform,british food north part of town
2289,thankyou,thank you good bye
2291,inform,korean food
2292,inform,korean
2293,request,address
2294,request,phone number
2295,thankyou,thank you good bye
2296,inform,im looking for a moderately priced restaurant that serves uh
2297,inform,i dont care
2298,inform,persian
2300,reqalts,what about persian food
2301,request,what type of food
2302,request,phone number
2303,request,phone number
2304,thankyou,thank you good bye
2307,inform,french
2308,inform,doesnt matter
2309,inform,dont care
2310,request,phone number
2311,request,phone number
2312,thankyou,thank you good bye
2314,affirm,yes
2315,inform,seafood
2316,inform,italian food
2317,negate,no
2318,inform,italian
2319,null,okay ital
2320,null,unintelligible
2321,null,unintelligible
2322,null,unintelligible
2323,request,address
2324,null,unintelligible
2326,null,unintelligible
2327,null,unintelligible
2328,negate,no unintelligible
2329,null,unintelligible
2330,thankyou,thank you good
2331,bye,goodbye
2333,inform,it doesnt matter
2335,request,phone number
2336,request,phone number
2337,request,price range
2338,thankyou,thank you good bye
2339,inform,im looking for a restaurant that serves british food
2340,inform,the south
2341,request,whats the address
2343,thankyou,thank you good bye
2344,inform,looking for a singaporean restaurant in the center
2345,inform,im looking for singaporean food
2346,inform,singaporean food
2347,thankyou,thank you good bye
2348,null,unintelligible
2349,inform,south part of town
2354,thankyou,thank you good bye
2355,inform,i am looking for a moderately priced restaurant in the south
2356,inform,it doesnt matter
2357,request,can i have the phone number and post code
2358,request,post code
2359,thankyou,thank you good bye
2361,inform,east part
2362,request,address
2363,request,phone number
2364,thankyou,thank you good bye
2365,inform,restaurant the serves english food
2366,inform,i want a restaurant that serves british food
2367,inform,british food
2368,inform,i want a restaurant that serves british food in the center
2369,affirm,correct
2370,inform,british food
2371,inform,doesnt matter
2373,request,what is the address and phone number
2374,thankyou,thank you goodbye
2375,affirm,yes
2376,inform,asian
2377,inform,asian
2378,inform,can i have asian food
2379,negate,no
2381,null,noise
2382,request,the address
2383,request,the phone number
2384,thankyou,thank you good bye
2385,null,the
2386,inform,dont care
2387,inform,korean
2388,inform,expensive
2389,request,phone number
2390,request,phone number
2391,request,post code
2392,thankyou,thank you good bye
2393,inform,im looking for a moderately priced restaurant in the west part
2394,inform,chinese
2395,inform,british
2397,thankyou,thank you good bye
2398,inform,im looking for a restaurant in the west part of town that serves danish food
2402,thankyou,thank you good bye
2403,inform,im looking for a moderately priced restaurant in the west part of town
2404,inform,i dont care
2406,request,whats the address
2407,thankyou,thank you good bye
2408,inform,center
2409,inform,expensive
2410,request,address
2411,request,post code
2412,inform,i need a restaurant in the center of town
2413,affirm,yeah
2414,inform,kosher food
2415,inform,kosher food
2416,reqalts,uh how about italian
2417,reqalts,how about italian food
2418,inform,italian food
2419,affirm,yes
2420,inform,doesnt matter
2421,affirm,right
2422,request,okay whats the phone number
2424,thankyou,okay thank you good bye
2425,inform,afghan
2426,inform,afghan
2427,inform,afghan food
2429,negate,no
2430,affirm,yes
2431,inform,vietnamese anywhere
2432,confirm,is it cheap
2433,request,price range
2434,request,phone number
2437,null,sil
2438,inform,moderately priced
2439,inform,doesnt matter
2440,affirm,yes
2441,inform,swiss food
2442,inform,swiss food
2443,inform,british food
2444,inform,british food
2445,null,sil
2446,request,phone number
2447,request,phone number
2448,thankyou,thank you good bye
2449,inform,i want a cheap restaurant in the east part of town
2450,request,whats their address
2451,request,and the phone number
2452,request,and their address
2453,thankyou,thank you good bye
2454,inform,signapore
2455,reqalts,how about india
2456,inform,indian food
2457,request,address
2458,request,address
2459,request,phone number
2461,inform,in the east part of town
2462,inform,doesnt matter
2463,inform,moderately priced restaurant
2465,thankyou,thank you goodbye
2466,null,system
2467,inform,any part
2471,request,and whats the address
2473,thankyou,thank you good bye
2474,inform,indian food
2475,inform,south town
2477,reqalts,anything else
2478,request,what is the address
2479,thankyou,thank you good bye
2480,inform,cheap restaurant serving scandinavian food
2481,affirm,yes
2483,request,what is the address
2484,thankyou,thank you good bye
2485,null,noise
2486,inform,north part of town
2488,inform,it doesnt matter
2489,request,whats the address
2490,thankyou,thank you goodbye
2491,inform,im looking for cheap food in the north of town
2492,inform,i dont care
2494,request,phone number
2495,request,the phone number
2496,thankyou,thank you good bye
2497,inform,i want indonesian food
2499,affirm,yes
2500,inform,i dont care
2501,request,what is the address
2503,bye,goodbye
2504,inform,im looking for something in the south part of town that serves creative
2505,affirm,right in the south part of town
2506,confirm,is it chinese food though
2507,inform,i want chinese food
2508,inform,i dont care
2511,bye,okay well thank you good bye
2512,inform,expensive
2513,inform,anything
2514,inform,expensive
2515,request,address
2517,thankyou,thank you good bye
2518,inform,restaurant south
2519,inform,south
2520,inform,south
2521,affirm,yes
2524,inform,any
2525,request,address
2526,request,price range
2527,thankyou,thank you good bye
2528,null,noise
2529,inform,i dont care
2530,inform,moderate
2531,request,the address
2532,request,phone number
2533,thankyou,thank you good bye
2534,inform,can i have an expensive restaurant
2535,request,and whats the phone number
2536,thankyou,thank you good bye
2537,affirm,yes
2538,inform,moderately
2539,affirm,yes
2540,inform,it doesnt matter
2541,thankyou,thank you good bye
2542,inform,im looking for a moderately priced restaurant that serves
2543,inform,any part
2544,inform,lebanese food
2545,request,what is the address and phone number
2546,null,cough
2547,thankyou,thank you good bye
2549,affirm,yes
2550,inform,i dont care about the price range
2551,null,how about
2552,inform,asian oriental
2553,null,unintelligible
2555,request,may i have the address and post code
2556,request,what is the post code
2558,hello,hi i am looking for a moderately priced restaurant in the east part of town
2560,request,what kind of food do they have there
2562,request,and the address
2563,thankyou,thank you goodbye
2564,inform,im looking for moderate priced restaurant in the west
2565,inform,i dont care
2566,request,what is the address
2567,thankyou,thank you good bye
2568,inform,im looking for
2572,thankyou,thank you good bye
2573,inform,id like a moderately priced restaurant that serves halal food
2574,reqalts,how about gastropub
2576,inform,id like a restaurant that serves gastropub food
2577,request,what is what area is it in
2578,request,what is the address and phone number
2579,thankyou,thank you good bye
2580,inform,im looking for a moderately priced restaurant in the west part of town
2581,inform,i dont care
2583,request,what is the address
2584,thankyou,thank you goodbye
2585,inform,im looking for a cheap restaurant that sells welsh
2586,affirm,yes in the cheap price range
2587,affirm,yes
2588,inform,im looking for a cheap restaurant that serves mediterranean food
2589,affirm,yes
2590,request,whats the phone number and post code
2591,thankyou,thank you good bye
2592,inform,can i get an expensive
2593,inform,expensive restaurant
2594,inform,cantonese food
2595,inform,north american
2596,negate,no
2597,negate,no
2598,affirm,yes
2599,negate,no
2600,negate,no
2601,affirm,yes
2602,null,can
2603,inform,cantonese food
2604,inform,north american food
2605,inform,north american food
2606,inform,north american food
2607,inform,north american
2609,inform,north american
2610,affirm,yes
2612,thankyou,thank you good bye
2614,inform,catalan
2616,request,whats the address
2617,request,and phone number
2619,thankyou,thank you goodbye
2621,inform,any area
2622,inform,singaporean food
2623,inform,im looking for singaporean food
2625,request,what is the phone number of that venue
2626,thankyou,okay thank you
2627,thankyou,thank you good bye
2629,inform,doesnt matter
2630,null,unintelligible
2631,affirm,yes
2633,inform,turkish
2634,inform,it doesnt matter
2635,affirm,right
2637,request,whats the post code
2638,thankyou,thank you good bye
2639,inform,for an expensive restaurant in the east part of town
2640,inform,i dont care
2641,request,the address
2642,thankyou,thank you good bye
2643,inform,i need a cheap restaurant in the south part of town
2644,inform,i dont care
2646,request,whats the address
2647,thankyou,thank you good bye
2648,affirm,yeah can i um
2650,reqalts,um how about italian food
2651,reqalts,is there a restaurant serving italian food
2652,affirm,yes
2653,inform,doesnt matter
2654,inform,i dont care
2656,thankyou,thank you good bye
2657,inform,restaurant in west part of town
2658,inform,shit served swiss food
2660,inform,vietnamese
2661,null,viet
2662,request,address and
2663,request,post code
2664,request,phone number
2665,thankyou,thank you good bye
2666,inform,i want to find a cheap restaurant that serves
2667,inform,any
2668,inform,kosher
2670,thankyou,thank you good bye
2671,inform,i want to find a cheap restaurant in the south part of town
2672,inform,it doesnt matter
2674,thankyou,thank you good bye
2675,inform,any
2676,affirm,yes
2677,inform,cheap
2678,request,address
2679,request,phone number
2680,thankyou,thank you good bye
2681,inform,moderately priced restaurant
2682,inform,north
2683,negate,no north
2684,inform,any
2685,inform,american
2687,request,phone number
2689,request,the address
2690,null,who is it by
2691,null,unintelligible
2692,inform,west
2693,inform,australian
2695,request,the address
2696,request,and the phone number
2697,thankyou,thank you good bye
2698,inform,im looking for a moderately priced restaurant in the south
2700,inform,any type of food
2702,request,may i have the phone number and address please
2703,thankyou,thank you good bye
2704,inform,im looking for a moderately priced restaurant in the west part
2705,inform,i dont care
2707,thankyou,thank you good bye
2708,inform,expensive restaurant
2709,inform,any
2710,reqalts,anything else
2713,request,phone number
2714,request,phone number
2716,thankyou,thank you goodbye
2717,inform,im looking for a moderately priced restaurant in the west part of town
2718,request,i can have the address the phone number and the post code of the
2720,thankyou,thank you good bye
2721,inform,south south
2722,inform,south
2723,inform,south
2724,affirm,yeah
2725,request,phone number
2726,request,post code
2727,thankyou,thank you good bye
2729,inform,it doesnt matter
2731,thankyou,thank you good bye
2733,reqalts,how about chinese food
2735,bye,you good bye
2736,inform,i want to find a moderately priced restaurant in the east part of town
2737,inform,i dont care
2739,request,and the post code
2740,thankyou,uh thank you good bye
2741,inform,id like a barbecue restaurant
2742,reqalts,how about vietnamese
2744,affirm,yes
2745,request,what the address
2746,thankyou,thank you good bye
2747,inform,im looking for expensive spanish food
2748,reqalts,how about modern european
2749,request,what type of food is it
2750,inform,im looking for meditteranian
2751,null,modern europene
2752,request,what is the address and phone number
2753,thankyou,thank you good bye
2754,null,im
2755,inform,moderately priced restaurant in the west part of town
2756,inform,dont care
2758,request,what is the address and phone number
2759,thankyou,thank you goodbye
2760,inform,im looking for a moderately priced restaurant in the north part of town
2761,inform,it doesnt matter
2763,request,address phone number and post code
2764,request,address
2765,thankyou,thank you good bye
2766,inform,dont care
2767,inform,moderate
2768,request,address
2769,request,phone number
2771,thankyou,thank you good bye
2772,inform,im looking for a restaurant that serves
2773,inform,catalan food
2774,inform,i dont care
2775,inform,catalan
2776,null,can i
2777,inform,gastropub food
2778,reqalts,okay what about another restaurant
2779,affirm,yes
2780,negate,no
2781,reqalts,how about gastropub food
2782,inform,can i find a restaurant with gastropub food
2783,inform,i dont care
2784,request,address
2785,request,post code
2786,request,phone number
2787,thankyou,thank you good bye
2788,inform,danish food
2790,request,address
2791,thankyou,thank you good bye
2792,inform,north town
2793,negate,no north part of town
2797,thankyou,thank you good bye
2798,inform,im looking for an expensive restaurant
2799,inform,east part
2800,inform,dont care
2803,thankyou,thank you good bye
2804,inform,im looking for a cheap restaurant in the east part of town
2805,request,what is the address
2808,thankyou,thank you good bye
2809,inform,in the center that serves unintelligible asian
2810,reqalts,how about european food
2811,inform,i dont care
2813,thankyou,thank you good bye
2814,inform,im looking for a moderately priced restaurant in the north part of town
2815,inform,i dont care
2816,request,alright whats the address
2817,request,and phone number
2818,request,what type of food is there
2819,thankyou,thank you good bye
2820,inform,mexican food
2821,request,and the address
2822,thankyou,thank you good bye
2823,inform,yea im looking for some spanish food
2824,negate,no spanish
2825,inform,spanish food
2826,request,great whats its address
2827,request,and whats the phone number
2828,thankyou,thank you good bye
2829,inform,cheap restaurant in the west part of town
2830,request,phone number
2831,request,phone number
2832,null,sil
2833,inform,im looking for a cheap restaurant in the north part of town
2834,inform,it doesnt matter
2836,thankyou,thank you good bye
2838,inform,spanish food
2839,request,uh whats the phone number and post code
2840,thankyou,thank you good bye
2841,inform,i need to find a moderately priced restaurant
2842,inform,dont care
2843,inform,mexican food
2844,inform,international type food
2845,request,address
2846,request,post code
2847,thankyou,thank you good bye
2848,inform,uh i dont care
2849,request,alright whats the address
2850,request,okay and whats the post code
2851,thankyou,thank you good bye
2852,inform,i want a restaurant in the west part of town that serves jamaican
2853,inform,jamaican
2855,inform,what about a restaurant that serves vietnamese
2856,inform,type food
2857,negate,no
2858,inform,vietnamese
2860,affirm,yeah
2861,null,that serves viet
2862,request,phone number
2864,thankyou,thank you good bye
2866,inform,korean
2867,request,whats the address
2869,thankyou,thank you good bye
2872,request,price range
2873,thankyou,thank you goodbye
2875,request,okay can i have the address and the phone number please
2876,request,and can i have the phone number
2877,thankyou,thank you good bye
2878,inform,west
2879,inform,west
2880,affirm,yes
2881,inform,dont care
2882,inform,cheap
2883,request,address
2884,request,phone number
2885,thankyou,thank you good bye
2886,inform,id like to find an expensive restaurant in the east side of town
2887,inform,i dont care
2888,request,what is the phone number and address
2889,thankyou,thank you good bye
2890,inform,im looking for a moderately priced restaurant
2891,inform,the north part of town
2892,inform,i dont care
2896,thankyou,thank you good bye
2900,request,thank you what is the address and phone number
2903,thankyou,thank you goodb
2904,inform,im looking for something serving vegetarian food
2905,inform,are there any turkish restaurants
2906,inform,turkish
2907,inform,doesnt matter
2908,affirm,yes
2911,thankyou,thank you good bye
2913,affirm,yes
2914,affirm,yes
2917,thankyou,thank you good bye
2918,request,what is the address and phone number
2919,thankyou,thank you good bye
2920,inform,chinese in the south part of town
2921,inform,chinese
2922,inform,i do not care
2923,request,may i have the phone number
2924,thankyou,thank you good bye
2925,inform,im looking for a restaurant in the north part of town that serves french
2926,request,what is the address phone number price range
2927,request,what is the price range
2928,thankyou,thank you good bye
2929,null,system
2930,inform,spanish
2931,inform,it doesnt matter
2933,request,could you give the address phone number and post code
2934,thankyou,thank you good bye
2936,inform,doesnt matter
2937,affirm,yes
2938,thankyou,thank you good bye
2940,inform,american
2941,request,can i have an address
2942,request,what type of food is that
2943,thankyou,thank you good bye
2944,inform,im looking for a moderately priced restaurant in the north part of town
2945,inform,i dont care
2946,null,can i get a
2948,request,can i have the phone number
2949,thankyou,thank you good bye
2950,inform,im looking for a cheap restaurant in the south part of town
2951,inform,i dont care
2953,request,whats the address
2954,thankyou,thank you good bye
2955,inform,south
2956,inform,expensive
2957,request,address
2958,request,phone number
2959,thankyou,thank you good bye
2960,inform,an expensive restaurant in the east part of town
2961,inform,expensive food
2962,reqalts,how about a different restaurant
2964,request,what is their phone number
2965,thankyou,okay thank you good bye
2966,inform,im looking for moderately priced restaurant in the north part
2967,inform,i do not care
2969,request,what is their phone number
2970,request,what is their post code
2971,thankyou,thank you good bye
2972,null,sil
2974,request,whats the address
2976,thankyou,okay thank you good bye
2977,inform,cheap restaurant mediterranean food
2978,request,address and phone number
2980,thankyou,thank you good bye
2981,inform,cuban food
2982,inform,i dont care
2983,inform,cuban food cheap restaurant
2984,affirm,ye
2985,inform,cuban food
2986,inform,cuban food
2987,inform,cuban food
2988,confirm,does it serve cuban food
2990,inform,i want cuban food
2991,inform,modern european food
2992,inform,modern european foo
2993,null,the addre
2994,null,unintelligible
2995,request,what is the post code
2996,thankyou,thank you goodbye
2997,inform,spanish food west part of town
2998,inform,west
2999,inform,west
3000,affirm,yes
3001,inform,spanish
3002,inform,spanish
3003,inform,any area
3004,inform,any
3005,request,address
3006,request,address
3007,request,price
3008,request,price
3009,request,prices
3010,request,price
3012,ack,have a good
3013,thankyou,thank you good bye
3014,inform,can i have moderately priced restaurnt in the south part of town
3015,inform,any kind of food
3016,thankyou,thank you good bye
3018,inform,i dont care
3021,request,may i have the address
3022,thankyou,thank you good bye
3023,inform,i want a restaurant in the south part of town that serves moroccan food
3024,affirm,yes
3025,reqalts,how about modern european
3026,reqalts,how about modern european
3028,request,does it what kind of food does it serve
3029,reqalts,what about european food
3030,request,okay can i have the address
3031,request,and the phone number
3032,thankyou,thank you goodbye
3033,inform,im looking for an expensive restaurant in the south part of
3034,inform,it doesnt matter
3035,request,what is the address
3037,thankyou,thank you good bye
3038,null,noise
3040,reqalts,uh how about chinese food
3042,request,type of food does pizza hut serve
3043,inform,im looking for chinese food
3044,request,whats the address
3045,request,phone number
3046,request,post code
3047,thankyou,thank you good bye
3049,inform,any
3050,request,what is the address
3052,request,what type of food
3053,thankyou,thank you good bye
3054,inform,im looking for a restaurant that serves german food
3056,affirm,yes
3058,inform,a restaurant serving french food
3059,thankyou,thank you good bye
3060,null,i am
3062,inform,that serves chinese food
3063,request,may i have the address
3065,request,may i have the address
3066,thankyou,thank you good bye
3067,inform,traditional food
3068,inform,modern european
3069,inform,any part
3070,inform,moderate
3071,request,phone number
3072,request,phone number
3073,thankyou,thank you goodbye
3075,inform,chinese food im looking for sea food
3076,inform,i dont care
3077,inform,sea food
3078,inform,sea food
3079,inform,sea food
3080,request,whats the address
3081,thankyou,thank you good bye
3082,inform,restaurant
3083,negate,no cheap restaurant
3085,inform,south
3086,inform,cheap
3087,inform,any
3088,negate,no
3089,affirm,yes
3090,inform,south
3091,inform,south
3092,inform,south
3093,inform,south part of town
3094,reqalts,anything else
3095,inform,south
3096,request,phone number
3097,thankyou,thank you good bye
3098,inform,restaurant in the south part of town
3100,request,what is the address
3101,thankyou,thank you good bye
3102,inform,i would like to find a cheap restaurant in the west part of t
3103,inform,any kind of food
3104,reqalts,are there any other cheap restaurants in the west part of town
3105,reqalts,is there a different cheap restaurant in the west part of town
3106,request,can i have the address please
3107,thankyou,thank you good bye
3108,inform,im looking for a greek restaurant
3110,reqalts,what about turkish food
3111,inform,expensive
3112,request,whats the address
3113,thankyou,thank you good bye
3114,affirm,yes id like to find a cheap restaurant in the north part of town
3115,inform,anything
3117,request,whats the address
3119,request,and what type of food is it
3120,thankyou,okay thank you good bye
3121,null,unintelligible
3122,inform,i dont care
3123,null,unintelligible
3124,inform,spanish
3125,inform,spanish
3126,inform,moderate
3127,request,address
3128,request,phone number
3129,request,post code
3130,thankyou,thank you good bye
3131,inform,im looking for a restaurant in the center serving
3132,inform,air tran
3133,inform,cheap
3134,request,can i have the address phone number and price range
3135,thankyou,thank you good bye
3136,inform,i would like to find a moderately priced restaurant in the east part of
3137,inform,i dont care
3138,request,what is the address
3139,request,what is the phone number and type of food
3140,request,what is the type of food
3141,thankyou,thank you good bye
3142,null,unintelligible
3143,inform,im looking for a restaurant in the west part
3144,inform,west part of town
3145,affirm,yes
3146,reqalts,how about the center area
3147,affirm,yes
3148,request,can i have the phone number and price range
3149,thankyou,thank you good bye
3150,inform,west
3151,inform,cuban
3153,inform,west
3154,reqalts,anything else
3155,request,address
3156,request,address
3158,request,phone number
3159,thankyou,okay thank you good bye
3161,inform,umh i dont care noise
3162,inform,eritrean food noise
3164,inform,eritrean food
3165,deny,i dont want vietnamese food
3166,inform,noise i dont care about the price range
3167,reqalts,breath noise how about french food
3168,request,noise may i have its address
3169,request,noise breath whats their phone number
3170,thankyou,noise thank you goodbye
3172,request,whats the address
3173,request,post code
3174,request,whats the post code
3175,thankyou,thank you good bye
3176,inform,expensive east part of town
3177,inform,dont care
3179,request,what is the address and phone number
3180,thankyou,thank you good bye
3181,null,noise
3184,inform,sea food
3185,inform,sea food
3186,inform,portuguese food
3187,request,whats their address
3188,thankyou,thank you good bye
3189,null,noise
3190,inform,any area
3191,inform,caribbean food
3192,inform,is there mediterranean food
3193,inform,i want mediterranean food
3194,inform,i dont care
3195,request,id like to know the address phone number and post code
3196,request,and the address
3197,thankyou,thank you good bye
3198,inform,i am looking for a moderately priced restaurant and it should
3199,inform,it should serve moroccan food
3200,reqalts,how about turkish type of food
3201,request,may i have the address of the venue
3202,thankyou,thank you good bye
3203,inform,im looking for a restaurant in any area that serves
3205,inform,unusual food
3206,inform,um spanish food
3207,repeat,could you repeat that
3208,affirm,ok yeah
3209,request,whats the address
3211,thankyou,thank you good bye
3212,inform,restaurant south part of town international food
3213,affirm,yes
3214,null,modern europene
3215,request,address
3216,request,address
3217,request,phone number
3218,thankyou,thank you good bye
3219,null,sil
3220,inform,the north
3222,inform,uh i dont mind
3223,reqalts,okay is there another option
3224,request,okay what is the address
3226,thankyou,okay thank you good bye
3227,inform,canope food
3228,inform,modern european
3229,inform,any
3230,inform,any
3231,affirm,right
3232,request,phone number
3233,thankyou,thank you good bye
3234,inform,fusion food
3235,affirm,yes
3236,inform,vietnamese
3237,request,whats the address
3238,thankyou,thank you good bye
3240,inform,dont care
3241,inform,catalan
3242,inform,italian food
3243,request,can i get the address
3245,request,can i get the area
3246,thankyou,thank you good bye
3247,inform,im looking for an expensive restaurant that serves
3248,inform,i dont care
3249,inform,seafood
3250,request,whats the address
3251,thankyou,thank you good bye
3253,inform,any
3254,inform,moderately priced
3255,inform,british type
3256,affirm,yes
3257,request,phone number
3258,request,phone number
3259,thankyou,thank you good bye
3260,affirm,yes
3261,affirm,yes
3263,thankyou,thank you good bye
3264,inform,moderately priced restaurant
3265,inform,any
3266,reqalts,anything else
3267,request,address
3268,request,phone number
3269,thankyou,thank you good bye
3270,inform,for a cheap restaurant in the south part of town
3271,inform,any
3272,request,s the address
3273,request,the phone number
3277,request,what is the address
3279,request,and what is the post code
3280,thankyou,thank you good bye
3281,reqalts,how about spanish
3282,inform,spanish
3283,inform,dont care
3284,request,whats the address
3285,request,what area is that
3286,bye,okay cool thank you good bye
3287,inform,east part of town serving swedish food
3289,affirm,yes
3290,request,what is the post code
3291,thankyou,thank you good bye
3292,inform,im looking for a restaurant in the center of town that serves
3293,request,whats your phone number and post code
3294,thankyou,thank you goodbye
3295,inform,im looking for a cheap restaurant in the south part of town
3296,inform,i dont care
3298,request,whats the address
3299,thankyou,thank you good bye
3300,inform,west part of town
3301,inform,hungarian food
3304,affirm,yes
3305,request,phone number
3306,request,phone number
3310,inform,any
3311,deny,no not indian scandinavian food
3313,reqalts,how about asian oriental type of food
3314,affirm,yes
3315,request,whats the address
3316,request,and the phone number
3317,thankyou,thank you good bye
3318,inform,korean food
3319,request,address phone number area
3320,thankyou,thank you good bye
3321,inform,expensive restaurant
3322,inform,south noise
3323,null,expen
3324,inform,french
3325,inform,italian
3326,reqalts,anything else
3327,null,than
3328,thankyou,noise thank you goodbye
3329,inform,i would like a restaurant in the west part of town that serves cuban food
3330,reqalts,how bout indian food
3331,inform,indian food
3332,request,can i have the address and phone number please
3333,thankyou,thank you goodbye
3334,inform,can you tell me about an expensive restaurant in the south
3335,inform,it doesnt matter
3337,request,okay i need the phone number and address
3338,request,whats the address
3339,thankyou,thank you good bye
3340,inform,restaurant west part of town
3341,inform,international
3342,inform,international
3343,inform,center area
3344,affirm,yes
3345,thankyou,thank you and price range
3346,thankyou,thank you good bye
3347,inform,i would like traditional food in the south part of town
3348,reqalts,how about italian
3349,request,what is the phone number and post code
3350,thankyou,thank you good bye
3352,inform,in the north part
3353,inform,in the north part of town
3354,inform,i dont care
3355,request,okay might i have the address
3356,request,how about the post code
3357,thankyou,thank you good bye
3358,inform,expensive restaurant south part of town
3359,inform,i dont care
3361,request,could i have the phone number
3362,request,what is the post code
3363,thankyou,thank you good bye
3365,inform,dont care
3366,inform,barbecue
3368,inform,modern european food
3369,request,whats the address
3370,request,phone number
3371,thankyou,thank you good bye
3372,null,um
3373,null,unintelligible
3374,null,unintelligible
3375,inform,english please
3376,negate,no im looking for a unintelligible that serves english food
3378,inform,spanish food
3379,reqalts,what about spanish food
3380,inform,spanish food
3381,negate,no
3382,inform,any area
3383,negate,no any area
3384,inform,i dont care
3385,inform,i dont care
3386,request,price range
3387,request,price range
3388,thankyou,thank you goodbye
3389,inform,any
3390,request,may i get the address and phone number
3392,thankyou,thank you goodbye
3393,inform,whats a cheap restaurant on the east part of town
3394,request,whats the address
3395,request,and post code
3396,thankyou,thank you good bye
3397,request,and what is the price range
3398,inform,okay im looking for moderate price range
3399,inform,i dont know
3400,request,okay can i have the address
3401,request,and can i have the post code
3402,thankyou,okay thank you good bye
3403,affirm,yes
3404,reqalts,uh is there a restaurant that serves international food
3405,inform,any area
3407,request,what is the phone number an post code
3408,request,noise can you repeat the post code please
3409,thankyou,thank you good bye
3410,inform,turkish
3411,inform,dont care
3412,inform,turkish food
3413,inform,dont care
3414,request,address
3415,request,post code
3416,thankyou,thank you good bye
3417,null,im looking
3418,inform,for a restaurant
3419,inform,part of town that serves asian food
3422,negate,no im looking for pan asian food
3423,inform,uh doesnt matter
3424,null,im looking
3425,inform,im looking for a restaurant in the east part of town serving pan asian food
3426,inform,im looking for a restaurant that serves chinese food
3427,inform,im looking for a restaurant that serves chinese food
3429,request,what is the post code
3430,thankyou,thank you good bye
3431,inform,uh im looking for a moderately priced restaurant serving
3432,inform,it doesnt matter
3433,affirm,yes that serves corsica food
3436,request,what kind of food
3437,inform,im looking for indian food
3439,request,and the address
3440,thankyou,thank you good bye
3441,inform,looking for a cheap restaurant in the north part of town
3442,inform,it doesnt matter
3444,request,address phone number and type of food
3445,request,address and type of food
3447,thankyou,thank you good bye
3448,inform,im looking for a moderately priced restaurant in the north
3449,inform,i dont care
3450,request,whats the phone number and address
3451,request,whats the address
3452,thankyou,thank you good bye
3453,request,price range
3454,inform,any food
3455,inform,moderate
3456,request,address
3457,request,phone number
3458,inform,im looking for a cheap restaurant in the east part of town
3461,thankyou,thank you good bye
3462,affirm,yes im looking for an expensive restaurant and it should serve
3463,inform,i dont care
3464,inform,australian
3466,request,what is the telephone number
3467,thankyou,thank you good bye
3469,request,phone number and area
3471,request,what area is it in
3472,thankyou,thank you good bye
3473,inform,i would like a cheap restaurant in the north part of town
3474,inform,i dont care
3475,request,what is their phone number
3476,thankyou,thank you good bye
3479,request,phone number
3480,request,address
3481,thankyou,thank you good bye
3482,inform,im looking for a cheap restaurant in the north of
3483,inform,i dont care
3484,request,whats the address
3487,thankyou,thank you good bye
3488,inform,i dont care
3489,inform,moderate
3490,reqalts,do you have anything else
3491,request,can i have the phone number
3492,thankyou,thank you good bye
3493,inform,im looking for a restaurant cheap restaurant serving romanian food
3495,negate,no there is no such venue how about portuguese food
3497,request,may i have the address of the venue
3498,thankyou,thank you good bye
3500,inform,it doesnt matter
3502,request,what is the post code
3503,thankyou,thank you good bye
3504,inform,im looking for a cheap restaurant that serves international
3505,request,what is the address
3507,thankyou,thank you good bye
3508,inform,im looking for cheap german food
3509,reqalts,what about european food
3510,reqalts,how about european food
3511,inform,im looking for a restaurant that serves european food
3512,affirm,yes
3513,thankyou,thank you good bye
3514,inform,i want to find a moderately priced restaurant
3515,inform,north
3516,negate,uh no preference
3517,request,whats the address
3518,request,the phone number
3519,request,and what type of food
3521,thankyou,thank you good bye
3522,inform,south
3523,inform,dont care
3525,thankyou,thank you good bye
3526,inform,japanese food in the center of town
3527,inform,cantonese
3528,inform,cantonese
3529,inform,cantonese
3530,request,phone number
3531,request,price range
3532,thankyou,thank you good bye
3533,inform,im looking for a restaurant in any area that serves swedish food
3534,affirm,yes
3536,inform,north american
3537,affirm,yes
3538,affirm,yes
3539,request,can i get the address phone number and price range
3541,request,and the price range
3542,thankyou,thank you good bye
3544,inform,indonesian
3545,reqalts,how about chinese food
3547,reqalts,how about chinese food
3548,request,whats the address
3550,request,whats the post code
3551,thankyou,thank you good bye
3553,reqalts,how about vietnamese
3554,inform,vietnamese
3555,thankyou,can i okay thank you
3556,thankyou,thank you good bye
3558,inform,any area
3559,inform,jamaican
3560,inform,jamaican food
3561,reqalts,what about thai food
3562,reqalts,what about thai food
3563,affirm,yes
3565,request,what is the price range
3566,thankyou,thank you good bye
3567,request,what food does it serve
3568,inform,may i have a moderately priced restaurant serving english
3571,request,may i have the phone number
3572,thankyou,thank you good bye
3573,null,noise
3575,inform,i want spanish food
3576,negate,no
3577,reqalts,what about spanish food
3579,request,whats the address
3580,request,whats the signature dish
3581,request,what is the signature dish
3582,thankyou,thank you good bye
3583,hello,hi im looking for a place that serves scandinavian food
3584,inform,dont care
3585,inform,dont care
3586,negate,no
3587,inform,a restaurant that serves scandinavian food
3588,inform,restaurant with scandin
3589,negate,no
3591,inform,how bout thai
3592,inform,how bout thai food
3593,affirm,ye
3594,negate,no
3595,affirm,correct
3596,inform,how bout thai
3597,inform,how bout thai food
3598,affirm,yes
3599,null,noise
3600,null,noise
3602,inform,dont care
3605,thankyou,thank you goodbye
3606,inform,expensive
3607,inform,south
3608,inform,south
3609,inform,south
3610,inform,any
3611,inform,expensive
3613,request,whats the address
3614,thankyou,thank you good bye
3615,inform,moderately priced restaurant
3616,inform,that serves traditional food
3619,inform,spanish food
3620,affirm,yes
3621,inform,spanish food
3622,request,okay address phone number and post code please
3623,request,address
3624,thankyou,thank you good bye
3625,affirm,yes good afternoon im looking for a restaurant in the north
3626,inform,the north part of town
3629,request,can i have the address and phone number
3631,thankyou,thank you good bye
3632,inform,im looking for a turkish restaurant
3633,inform,it doesnt matter
3634,inform,i dont care
3635,request,address
3636,request,address
3637,thankyou,thank you good bye
3638,inform,im looking for a cheap restaurant that serves swedish food
3639,confirm,does it serve swedish serve
3641,reqalts,how about asian oriental
3642,confirm,does it serve asian oriental
3643,inform,asian oriental
3644,request,what is the phone number and address
3645,request,what is the address
3646,request,what is the address
3648,thankyou,thank you good bye
3649,inform,moderately priced vanessa restaurant
3650,inform,gastropub
3651,affirm,right
3652,request,address
3653,request,phone number
3654,request,what area is it in
3655,thankyou,thank you good bye
3656,null,noise
3657,inform,south
3658,inform,cheap
3659,inform,cheap
3660,inform,it doesnt matter
3662,thankyou,thank you good bye
3663,inform,im looking for a cheap restaurant on the north side of town
3664,null,unintelligible
3666,thankyou,thank you good bye
3668,inform,i dont care
3669,request,what the address
3671,request,what type of food does the venue serve
3672,thankyou,thank you good bye
3673,inform,im looking a cheap restaurant
3675,null,unintelligible
3676,request,okay show me the address
3677,request,address
3678,request,phone number
3679,request,and finally the post code
3680,thankyou,okay thank you good bye
3682,inform,any part
3683,inform,cheap
3684,request,address
3685,thankyou,thank you good bye
3686,inform,im looking for a moderate priced restaurant in the north part of town
3687,inform,any kind of food
3689,request,can i have the address phone number and the type of food
3690,request,can i have the type of food
3691,thankyou,thank you good bye
3692,inform,north
3695,inform,dont care
3696,request,address
3697,request,phone
3698,request,phone number
3699,request,address
3700,request,phone number
3701,request,address
3702,thankyou,thank you good bye
3705,reqalts,how about chinese food
3707,request,price range
3708,thankyou,thank you good bye
3709,inform,i need a restaurant that serves corsica food
3710,reqalts,how about vietnamese type of food
3712,request,whats the address
3714,thankyou,thank you good bye
3715,affirm,yes an expensive restaurant serving african food
3716,request,whats the address
3717,thankyou,thank you good bye
3719,inform,asian oriental
3721,confirm,is it asian oriental
3722,request,whats the address
3723,request,and the post code
3724,thankyou,thank you good bye
3725,inform,i am looking for an expensive restaurant in the east
3726,inform,any type of food
3727,request,whats its address
3728,request,what type of food is it
3729,thankyou,thank you good bye
3730,request,whats its address
3731,request,what type of food
3733,thankyou,thank you good bye
3734,inform,restaraunt serving fusion food
3735,reqalts,how about mediterranean
3740,inform,korean food
3741,thankyou,thank you good bye
3742,inform,expensive in the south
3743,inform,south
3744,inform,any
3745,inform,expensive
3746,inform,south
3747,null,sil
3748,inform,dont care
3749,inform,south
3750,reqalts,another place
3751,request,phone number
3752,null,breathing
3753,null,breathing
3754,inform,south
3755,inform,west
3756,inform,west part of town
3757,null,noise
3758,inform,west
3759,inform,south
3760,inform,south
3761,inform,dont care
3762,inform,west
3763,inform,west part of town
3764,inform,south part of town
3765,request,address
3766,request,phone number
3767,thankyou,thank you good bye
3768,null,i want to find
3769,inform,a restaurant
3770,inform,mexican food
3771,null,okay
3772,inform,noise taquita restaurant
3773,request,uh whats the address and phone number
3774,request,address
3776,thankyou,thank you good bye
3777,inform,im looking for a cheap restaurant in the east part of town
3778,request,whats the address
3780,thankyou,thank you good bye
3781,inform,im looking for a cheap restaurant that serves christmas food
3783,request,food do they serve
3785,inform,christmas food
3786,affirm,yes
3787,reqalts,what about asian oriental
3789,request,phone number and address
3790,thankyou,thank you good bye
3792,inform,any area
3793,inform,danish food
3794,inform,mediterranean
3795,inform,i dont care
3796,request,what is the address
3797,request,phone number
3798,request,and post code
3799,thankyou,thank you good bye
3800,inform,do you have an expensive restaurant
3801,inform,any any part of town
3802,inform,english food
3804,reqalts,how about turkish food
3805,confirm,do they serve turkish food
3807,affirm,yes
3808,request,alright what is the address
3809,bye,alright thank you good bye
3811,inform,center
3812,affirm,yes
3813,null,noise
3814,null,noise
3816,thankyou,thank you good bye
3817,inform,looking for a cheap restaurant
3818,null,unintelligible
3819,request,and the phone number
3820,thankyou,thank you good bye
3822,inform,im looking for north american food
3823,affirm,right
3825,thankyou,thank you good bye
3826,inform,can i get a cheap restaurant in the south part of town
3827,inform,any
3830,request,the address
3831,thankyou,thank you good bye
3832,inform,looking for a restaurant in the east part of town
3833,request,whats the address
3834,request,and the post code
3835,thankyou,thank you goodbye
3836,inform,im looking for a cheap restaurant that serves austrian food
3837,reqalts,how about portuguese food
3839,inform,i dont care
3840,request,whats their address
3841,thankyou,thank you good bye
3842,inform,im looking for a restaurant in the south part of town serving
3844,inform,it doesnt matter
3845,affirm,right
3846,request,price range
3847,thankyou,thank you goodbye
3849,request,perfect may i have the address
3850,thankyou,thank you good bye
3851,inform,moderate price
3852,inform,dont care
3853,inform,malaysian
3854,request,address
3855,request,and the telephone
3856,request,telephone number
3858,inform,im looking for a cheap restaurant in the north part of town
3859,inform,i dont care
3860,request,phone number
3862,request,whats the address
3863,thankyou,thank you good bye
3864,inform,yea id like a restaurant in the west part of town thats
3865,inform,british
3866,inform,it doesnt matter
3867,request,what is the address
3869,thankyou,thank you good bye
3870,inform,cheap
3871,inform,south
3872,inform,south
3873,inform,south bart
3874,affirm,yes
3875,inform,i dont care
3876,reqalts,next one
3877,reqalts,next one
3879,request,phone number
3880,request,address
3881,thankyou,okay thank you good bye
3882,inform,any
3883,null,any thing else
3884,request,phone number
3885,request,phone number
3886,thankyou,thank you good bye
3887,inform,im looking for a restaurant
3888,inform,in the north part of town
3890,reqalts,what about center area
3891,negate,no
3892,negate,no
3893,thankyou,thank you good bye
3894,inform,west
3895,affirm,yes
3897,inform,british
3898,inform,moderate
3899,request,address
3900,request,address
3901,request,phone number
3902,thankyou,thank you good bye
3906,inform,chinese
3907,request,phone number and address
3908,thankyou,thank you good bye
3909,inform,im looking for a moderately priced restaurant that serves tur
3910,inform,doesnt matter
3911,inform,doesnt matter
3912,inform,i dont care
3913,inform,turkish
3915,request,what is the address
3917,thankyou,thank you good bye
3918,inform,im looking for a moderate priced restaurant in south part of
3919,inform,i dont care
3920,request,whats their address
3921,thankyou,thank you good bye
3922,inform,im looking for a moderately priced restaurant
3923,inform,west
3924,affirm,yes
3925,inform,it doesnt matter
3926,reqalts,um is there anything else
3927,null,thats fine
3928,null,i want to know
3931,bye,great thank you goodbye
3932,inform,i want a polynesian restaurant in the west part of town
3933,reqalts,how about one that serves portuguese food
3934,request,whats the phone number and address
3935,request,whats the address
3936,thankyou,thank you good bye
3938,inform,it doesnt matter
3939,null,um
3940,request,can i get a phone number
3941,request,what kind of food do they serve
3942,request,what kind of food do they have
3943,request,what kind of food do they serve
3944,thankyou,thank you goodbye
3945,inform,a cheap restaurant in the east part of town
3946,request,phone number
3947,request,phone number
3948,request,address
3949,affirm,yes id like to find a cheap
3950,null,unintelligible
3951,inform,cheap restaurant north part of town
3952,request,address
3953,request,what type of food
3954,thankyou,okay thank you good bye
3955,null,unintelligible
3956,null,unintelligible
3957,null,unintelligible
3958,null,sil
3959,affirm,yes
3960,inform,north
3961,inform,moderately priced
3962,thankyou,thank you good bye
3964,inform,i dont care
3965,request,what is their address and telephone number
3966,request,phone number
3967,thankyou,thank you good bye
3968,inform,im looking for a cheap restaurant in the south part of town
3969,inform,i dont care
3970,request,what is the address
3972,thankyou,thank you good bye
3974,inform,mediterranean
3976,request,whats the address
3977,request,phone number
3978,thankyou,thank you good bye
3979,inform,i am looking for a moderately priced restaurant in the north
3980,inform,i do not care
3982,thankyou,thank you good bye
3983,confirm,does it serve kitalian food
3984,inform,talian food
3985,inform,ok talian food
3986,inform,kitalian food
3987,affirm,yes
3988,inform,i am looking for kitalian food
3989,inform,katalian food
3990,inform,catalen food
3991,inform,i am looking for italian
3992,negate,no
3993,affirm,yes
3994,inform,im looking for kitalian food in an expensive res
3995,confirm,does it serve kitalian food
3996,request,what type of food does it serve
3998,negate,wrong no
3999,null,bad
4000,affirm,yes
4001,inform,dont care
4002,request,what is its address phone number and area
4003,request,what area of town is it in
4004,thankyou,thank you goodbye
4005,inform,cheap
4007,inform,doesnt matter
4008,affirm,yes
4009,request,what type of food
4010,request,can i have the phone
4011,request,whats its address
4012,thankyou,thank you good bye
4013,null,sil
4015,inform,i dont care
4016,inform,lebanese
4017,inform,asian oriental
4018,request,can i have the phone number
4019,request,can i get the address
4020,thankyou,thank you good bye
4021,affirm,uh yes can i find an expensive restaurant that serves italian food
4022,inform,center
4023,request,okay and can i get their address
4024,request,and the phone number
4026,inform,west
4027,inform,west
4028,inform,cuban
4029,inform,cuban
4030,inform,cuban
4031,inform,cuban
4032,null,sil
4033,inform,dont care
4034,null,okay
4035,request,phone number
4036,request,phone number
4037,request,phone number
4038,thankyou,thank you good bye
4039,null,noise
4040,inform,basque food in the east part of town
4041,inform,basque
4042,affirm,yes
4045,request,what is the address and phone number
4046,thankyou,thank you good bye
4047,null,unintelligible
4048,inform,it doesnt matter
4049,inform,any
4052,null,noise
4053,inform,mediterranean food
4054,request,phone number
4055,request,phone number
4056,thankyou,thank you good bye
4057,inform,i would like to find a restaurant in the west part of town that serves
4058,inform,turkish food
4059,reqalts,how about in the center
4060,request,could i have the address and price range please
4062,request,and whats the price range
4063,thankyou,thank you good bye
4064,inform,im looking for a restaurant in the
4065,inform,south
4066,inform,south part of town
4067,inform,swedish
4069,inform,indian food
4070,inform,i dont care
4071,affirm,uh huh
4072,request,okay can i have the phone number
4073,thankyou,thank you good bye
4075,inform,turkish food
4076,inform,any area
4078,inform,expensive
4079,request,whats the address
4080,thankyou,thank you good bye
4081,inform,im looking for irish food in any price range
4082,negate,no
4089,negate,no thai food
4090,reqalts,how about thai food
4092,inform,i dont care
4093,inform,i dont care
4094,request,the address and phone number
4095,thankyou,thank you good bye
4096,inform,im looking for an expensive restaurant serving english food
4098,reqalts,okay what about turkish foo
4099,negate,no im looking for turkish
4100,null,the addre
4101,thankyou,thank you goodbye
4102,inform,cheap restaurant on the east part of town
4103,request,what is the address
4104,request,phone number
4105,request,what type of food
4106,thankyou,thank you good bye
4107,inform,im looking for a moderately priced restaurant and it should serve british
4108,affirm,yes
4109,inform,any
4110,request,whats the address
4111,request,and the phone number
4112,thankyou,thank you good bye
4114,inform,dont care
4115,inform,cheap
4116,request,address
4117,request,address
4118,request,address
4119,request,phone number
4121,thankyou,thank you good bye
4122,inform,i want a german restaurant in the west part of town
4123,reqalts,how about itailian
4125,affirm,yes
4126,inform,it doesnt matter
4127,inform,moderate
4128,request,what is its phone number
4129,thankyou,thank you good bye
4130,null,noise
4131,inform,dont care
4132,inform,expensive
4133,request,address
4134,thankyou,thank you good bye
4135,affirm,yes id like an expensive restaurant in the east part of town
4136,inform,i dont care
4137,request,can i have the phone number please
4138,thankyou,thank you good bye
4139,inform,north part of town
4140,inform,uh dont care
4141,inform,cheap
4142,inform,um anything else
4143,request,telephone number
4144,request,telephone number
4145,request,phone number
4146,thankyou,thank you good bye
4147,inform,im looking for a moderately priced restaurant that serves
4148,inform,french
4149,inform,change that to any price range
4150,inform,change that to any price range
4151,inform,uh any
4153,inform,i do not care
4155,request,whats the address
4157,thankyou,thank you good bye
4159,inform,british food
4160,inform,british food
4161,affirm,yes
4162,inform,i dont care
4163,request,what is the address and phone number
4164,thankyou,thank you good bye
4165,inform,im looking for a moderately priced restaurant in the
4166,inform,i dont care
4169,request,address
4170,request,and the phone number
4171,thankyou,thank you good bye
4173,affirm,ye
4174,request,whats the address
4176,request,price range
4177,thankyou,thank you goodbye
4179,inform,dont care
4181,thankyou,thank you good bye
4182,hello,hi i need a restaurant in any area
4183,inform,spanish
4184,inform,i dont care
4185,reqalts,anything else
4186,request,the address
4187,thankyou,thank you good bye
4188,inform,im looking for corsica food noise
4190,inform,gastropub type food
4191,inform,gastropub
4192,inform,gastropub
4194,inform,gastropub type food
4195,negate,no
4196,inform,gastropub type food
4197,inform,gastropub
4198,affirm,yes
4199,inform,i dont care
4200,inform,i dont care
4203,request,whats the post code noise
4204,thankyou,thank you goodbye
4205,inform,moderately priced spanish restaurant
4206,request,what is their phone number
4207,request,what area of town are they located
4208,thankyou,thank you good bye
4209,inform,austrian food
4210,inform,austrian
4213,inform,cheap
4214,request,whats the address
4215,thankyou,thank you good bye
4216,inform,im looking for a restaurant in the center of town serving jamaican food
4217,reqalts,what about a modern europene type of food
4218,inform,i am looking for modern european food
4219,affirm,yes
4220,affirm,yes
4221,inform,dont care
4222,request,what is the address
4223,thankyou,thank you good bye
4224,inform,i need a moderately priced restaurant in the west part of town
4225,inform,i dont care
4226,affirm,yes
4227,request,whats the address
4229,thankyou,thank you good bye
4230,inform,expensive restaurant in the east part of town
4231,inform,i dont care
4234,thankyou,thank you good bye
4235,inform,looking for a cheap restaurant
4236,inform,swedish food
4237,reqalts,how about mediterranean food
4238,null,incorrect
4241,request,phone number
4242,request,what is its phone number
4243,request,what is its post code
4244,thankyou,thank you good bye
4245,inform,an expensive restaurant serving cantonese food
4249,inform,any
4251,thankyou,thank you good bye
4252,inform,moderately priced
4253,inform,creative
4254,inform,any area
4255,request,address
4256,request,post code
4258,inform,im looking for a cheap restaurant in the north part of town
4259,inform,doesnt matter
4260,affirm,yes
4262,request,what is the address
4264,request,what is the type of food
4265,thankyou,thank you good bye
4266,null,sil
4267,inform,moderately priced
4269,affirm,yes
4270,affirm,right
4271,inform,west
4272,inform,west
4273,thankyou,thank you good bye
4274,inform,im looking for a moderately priced restaurant in the south part of
4275,inform,i dont care
4276,reqalts,what else
4277,request,what is the address and phone number
4278,thankyou,thank you good bye
4279,inform,i want to find a restaurant in the east part of town that serves canapes foo
4280,inform,canapes
4281,negate,no
4282,negate,no canapes
4283,negate,no canapes
4284,affirm,yes a restaurant in the east of town unintelligible serving canap
4285,inform,i dont care
4288,request,what is the post code
4289,thankyou,thank you goodbye
4291,request,could i have their phone number and address please
4292,thankyou,thank you good bye
4293,inform,a restaurant in the center that serves leban
4294,inform,lebanese
4295,request,the address
4296,request,and the phone number
4297,thankyou,okay thank you good bye
4298,inform,i would like to find a moderately priced restaurant and it should be in the east
4299,inform,i do not care
4301,request,could i have the address
4302,thankyou,thank you good bye
4303,inform,im looking for an expensive restaurant serving portuguese foo
4305,inform,french restaurant
4306,inform,it doesnt matter
4307,request,ah a phone number
4308,request,phone number
4309,thankyou,thank you goodbye
4310,affirm,right
4311,inform,i dont care
4312,request,could i have the address phone number and area
4313,request,could i have the area please
4314,thankyou,thank you good bye
4316,inform,uh id like a moderately priced restaurant in the north part
4317,inform,it doesnt matter
4318,reqalts,just give me one more
4319,reqalts,um do you have anything else
4321,thankyou,thank you good bye
4322,inform,im looking for a restaurant in any area that servess
4324,reqalts,how about european food
4325,affirm,yes
4326,inform,it doesnt matter
4327,inform,doesnt matter
4328,inform,doesnt matter
4329,inform,i dont care
4330,request,phone number
4331,request,phone number
4332,thankyou,thank you good bye
4333,inform,expensive restaurant
4334,inform,american
4335,affirm,yes
4336,inform,south
4337,inform,south
4338,request,whats the address
4340,thankyou,thank you good bye
4341,inform,belgium food
4342,inform,expensive restaurant
4343,inform,any
4344,request,whats the address
4346,request,what area
4347,thankyou,thank you good bye
4348,inform,im looking for a restaurant in the west part of town that serves
4349,null,sil
4350,reqalts,what about british
4351,reqalts,what about british
4353,affirm,yes
4354,affirm,yes
4355,inform,any price range is fine
4356,request,can i can i have the address the phone number
4359,thankyou,thank you goodbye
4361,inform,international
4362,inform,dont care
4363,request,what is the address phone number and post code
4364,null,unintelligible
4365,request,what is the address and phone number
4366,request,post code
4367,request,what is the post code
4368,thankyou,thank you good bye
4371,affirm,right
4373,request,can i get the address phone number and post code
4374,request,what is the post code
4375,thankyou,thank you good bye
4376,inform,im looking for a restaurant that serves thai food and i dont care about the price
4377,affirm,yes
4378,inform,doesnt matter
4379,inform,i dont care
4382,thankyou,thank you good bye
4383,inform,moderate price restaurant
4384,inform,dont care
4385,inform,west
4386,request,the address
4387,request,the phone number
4388,inform,the food
4391,bye,alright thank you good bye
4393,request,what is the address
4395,request,what is the address
4396,request,and the post code
4397,thankyou,thank you good bye
4398,inform,im looking for a cheap restaurant serving belgain food
4399,affirm,yes
4400,reqalts,how about italian type of food
4401,reqalts,how about italian type of food
4402,affirm,yes
4403,inform,north
4404,inform,north part of town
4405,request,can i have the address and phone number of the venue
4406,thankyou,thank you good bye
4407,inform,i need lebanese food in the east
4408,negate,no
4409,negate,no
4410,inform,i dont care
4411,affirm,yes
4414,request,what kind of food
4415,reqalts,how about chinese food
4416,request,what type of food is it
4417,request,the address
4418,request,whats the address
4420,request,the post code
4421,thankyou,thank you good bye
4424,null,unintelligible
4425,null,unintelligible
4426,null,unintelligible
4427,null,unintelligible
4428,null,unintelligible
4429,reqalts,how about european food
4430,affirm,yes
4433,inform,im looking for an expensive restaurant in a
4434,affirm,yes
4435,inform,the south part of town please
4436,null,how about
4437,affirm,yes
4438,affirm,yes
4439,request,may i have the address
4440,request,may i have the phone number
4442,bye,goodbye
4443,inform,austrian food
4444,inform,spanish food
4445,inform,spanish food
4446,inform,spanish food
4447,inform,spanish
4448,inform,restaurant serving spanish food
4449,affirm,yes
4450,inform,dont care
4451,inform,dont care
4452,request,address
4453,request,price range
4454,thankyou,thank you good bye
4455,request,what is the address and phone number
4456,thankyou,thank you good bye
4457,null,noise
4458,inform,cheap
4460,request,what is the address
4462,thankyou,thank you good bye
4463,inform,i dont care about the price range i need bask food
4465,reqalts,how about international food
4466,request,whats the address
4467,thankyou,thank you good bye
4468,inform,im looking for a moderately priced restaurant in the north
4469,inform,oh anything
4470,affirm,yes
4471,reqalts,anything else
4472,reqalts,anything else
4473,request,whats the address
4474,request,and whats the phone number
4476,inform,english food
4478,inform,any area
4479,inform,moderately priced
4480,request,phone number
4481,request,phone number
4482,thankyou,thank you good bye
4483,inform,im looking for an expensive restaurant in the south
4485,reqalts,anything else
4486,request,what is the address
4487,request,what is the type of food
4488,thankyou,thank you good bye
4489,inform,im looking for a restaurant that serves expensive food or expensive
4490,inform,portugese
4491,reqalts,how about mediterranean food
4492,inform,change that to mediterranean food
4493,inform,change that to mediterranean food
4494,request,whats the address
4495,inform,i dont care
4496,request,the address
4498,thankyou,thank you good bye
4499,inform,im looking for a moderately priced restaurant in the north part of town
4500,inform,any
4503,thankyou,thank you good bye
4505,inform,canapes
4507,affirm,right
4508,request,okay can i have the address phone number and the post code of the restaurant
4509,request,what is the address
4510,thankyou,thank you good bye
4511,affirm,yes
4512,reqalts,how about mediterranean
4515,request,phone number
4516,request,and the phone number
4517,thankyou,thank you good bye
4518,inform,im looking for a cheap restaurant in the east part of town
4519,request,what is the address
4521,thankyou,thank you good bye
4522,inform,a restaurant
4523,inform,christmas food
4524,inform,italian food
4525,inform,west
4526,inform,any
4527,request,phone number
4528,request,phone number
4529,thankyou,thank you goodbye
4530,inform,in the north part o
4531,inform,doesnt matter
4532,affirm,ye
4533,reqalts,is there another one
4534,reqalts,anything else
4536,request,and the post code
4537,thankyou,okay thank you
4538,bye,goodbye
4539,inform,expensive restaurant east part of town
4540,inform,any
4541,request,phone number
4542,request,phone number
4543,thankyou,thank you good bye
4544,inform,i want a moderately priced restaurant in the east
4545,inform,doesnt matter
4546,affirm,yes
4548,request,what is the address
4551,thankyou,thank you good bye
4552,inform,expensive restaurant
4553,inform,dont care
4554,inform,dont care
4555,inform,dont care
4556,inform,south
4557,inform,south
4558,inform,south
4559,affirm,yes
4560,request,address
4561,request,phone number
4562,thankyou,thank you good bye
4563,inform,i dont care
4564,request,what is the address
4565,thankyou,thank you goodbye
4566,inform,restaurant in the center serving turkish food
4567,affirm,yes
4568,inform,i dont care
4569,thankyou,thank you good bye
4570,inform,barbecue food
4571,inform,north american
4573,request,address noise
4574,request,post code
4575,thankyou,thank you goodbye
4576,inform,cheap restaurant serving malaysian food
4579,request,phone number
4581,thankyou,thank you good bye
4582,inform,a moderately priced restaurant in the west part of town
4583,inform,i do not care
4585,thankyou,thank you good bye
4587,inform,italian food
4588,inform,expensive
4589,inform,i dont care
4591,request,and the address
4592,request,and the phone number
4593,thankyou,thank you good bye
4594,inform,yea im looking for an expensive
4595,inform,french
4596,null,first one
4598,inform,expensive
4599,request,whats the name
4600,reqalts,anything else
4601,request,whats the phone number and post code
4602,request,and the post code
4603,thankyou,thank you good bye
4604,inform,south part of town
4605,inform,south part of town
4606,inform,moderate
4607,request,phone number
4608,request,address
4609,thankyou,thank you good bye
4611,inform,doesnt matter
4612,inform,anywhere
4613,inform,moderate
4614,affirm,yes
4615,negate,no
4617,inform,gastropub
4618,thankyou,thank you good bye
4619,inform,restaurant in the center
4620,inform,spanish food
4622,inform,any
4623,request,address phone number postcode
4624,request,phone number
4625,thankyou,thank you goodbye
4626,inform,im looking to find a moderately priced restaurant
4627,inform,any type of food
4629,thankyou,thank you good bye
4630,inform,expensive restaurant serving caribbean food
4631,inform,caribbean food
4632,negate,no
4633,null,none
4634,inform,i dont care
4635,inform,caribbean food
4637,request,what is the address
4639,thankyou,thank you good bye
4640,inform,cheap in the east part of town
4641,inform,i dont care
4642,inform,cheap
4643,request,may i have the phone number
4644,request,what type of food does it serve
4645,thankyou,thank you good bye
4646,inform,expensive
4647,inform,restaurant
4648,affirm,yes expensive
4649,reqalts,anything else
4650,request,phone number
4651,thankyou,thank you good bye
4653,negate,no
4654,inform,im looking for a moderately priced
4655,inform,polish food
4657,inform,im looking for a moderately priced restaurant that serves turkish food
4658,inform,moderately priced restaurant turkish food
4659,inform,it doesnt matter
4660,request,what is the address
4661,thankyou,thank you good bye
4662,inform,cheap restaurant in the east part of town
4663,request,address and phone number
4664,thankyou,thank you good bye
4665,inform,malaysian food
4666,inform,indian food
4667,inform,moderate
4670,null,unintelligible
4671,thankyou,thank you goodbye
4672,inform,im looking for an expensive restaurant in the south part of town
4673,inform,i dont care
4674,reqalts,oh is there anything else
4675,request,whats their address
4677,inform,i want to find a moderately priced restaurant
4678,inform,austrian food
4679,inform,british food
4680,inform,british food
4681,inform,i dont care
4683,thankyou,thank you good bye
4685,inform,dont know
4686,inform,dont care
4687,inform,south
4688,inform,south
4689,inform,south
4690,affirm,yes
4691,request,phone number
4692,request,phone number
4695,thankyou,thank you good bye
4696,inform,indonesian
4697,inform,chinese
4698,request,address
4699,request,what is the address
4700,request,phone number
4701,request,post code
4702,thankyou,thank you good bye
4703,inform,i want an expensive restaurant
4704,null,unintelligible
4705,inform,african
4706,inform,expensive
4707,inform,i dont care
4708,inform,expensive
4710,negate,no african
4711,confirm,does it serve african
4713,inform,african food
4714,inform,african food
4715,inform,i want african food
4718,thankyou,thank you good bye
4719,inform,portuguese food
4720,inform,doesnt matter
4721,null,noise
4722,inform,i dont care
4724,request,what is the address
4725,thankyou,thank you good bye
4726,inform,anything
4727,inform,south part of town
4729,request,phone number
4730,thankyou,thank you good bye
4731,inform,im looking for a moderately priced restaurant that serves
4732,inform,lebanese
4733,affirm,yes
4734,request,what is the address
4735,request,and the phone number
4736,thankyou,thank you good bye
4738,inform,modern european
4739,affirm,yes
4740,inform,any
4741,inform,any
4743,thankyou,thank you good bye
4745,inform,i dont care
4746,affirm,yes
4747,request,could i have the address phone number and postcode
4748,request,and the postcode
4749,thankyou,thank you goodbye
4751,inform,italian
4752,inform,italian food
4753,inform,north
4754,request,address
4755,request,address
4756,request,phone number
4757,thankyou,thank you good bye
4758,null,noise
4760,reqalts,how about russian food
4761,reqalts,how about russian food
4762,affirm,yes
4763,reqalts,how about expensive british
4764,negate,no
4766,affirm,yes
4767,inform,it doesnt matter
4769,thankyou,thank you good bye
4770,inform,australian food center part of town
4771,inform,australian
4772,inform,austral asian
4773,inform,austral asian
4774,affirm,yes
4776,request,price range
4777,request,price range
4778,request,phone number
4779,thankyou,thank you good bye
4780,inform,japanese
4781,request,could i have the address and phone number
4782,thankyou,thank you good bye
4783,inform,i want a cheap restaurant that serves italian food
4784,affirm,yes
4785,inform,any area
4786,request,whats their address
4787,request,and their phone number
4788,thankyou,thank you good bye
4789,inform,i want a cheap restaurant in the south part of town
4790,inform,it doesnt matter
4792,request,what is the address
4793,request,what type of food
4794,thankyou,thank you good bye
4795,inform,expensive
4796,inform,mediterranean
4797,inform,mediterranean
4798,inform,korean
4799,inform,korean
4800,request,address
4801,request,phone number
4802,request,post code
4803,thankyou,thank you good bye
4804,inform,south
4805,inform,mediterranean
4806,inform,south
4807,inform,south
4808,inform,south
4809,affirm,yes
4810,null,viet
4811,inform,vietnamese
4812,inform,korean
4813,inform,cheap
4814,inform,korean
4815,thankyou,thank you good bye
4816,inform,moroccan food
4817,inform,moroccan
4818,negate,no
4819,inform,asian oriental
4820,inform,any
4821,inform,any
4822,inform,center
4823,inform,any
4824,request,address
4825,request,address
4826,request,post code
4827,thankyou,thank you good bye
4828,null,noise
4829,inform,north part of town
4830,inform,moderately
4831,affirm,right
4832,inform,moderately
4833,request,address
4834,request,phone number
4835,thankyou,thank you good bye
4837,inform,the south part
4838,inform,any food
4839,reqalts,anything else
4840,request,address
4841,request,what type of food
4842,null,noise
4843,inform,im looking for a cheap restaurant in the south part of town
4844,inform,dont care
4845,request,whats the address
4846,request,what type of food
4847,thankyou,thank you good bye
4848,inform,im looking for a restaurant
4849,inform,that serves spanish food
4850,affirm,yes
4851,inform,i dont care
4852,request,address
4853,request,whats the address
4855,request,whats the postcode
4856,thankyou,thank you goodbye
4857,hello,hi im looking for a restaurant that serves spanish food
4858,inform,any area
4859,inform,i dont know
4861,affirm,yes
4862,reqalts,anything else
4863,reqalts,another place
4864,reqalts,are there any other restaurants
4866,reqalts,do you have any other restaurants
4867,request,okay can i have the phone number and address
4868,thankyou,okay thank you good bye
4869,inform,hey im looking for a restaurant in the west part of town
4870,inform,austrian food
4874,inform,italian food
4875,affirm,yes
4876,affirm,yes
4877,inform,doesnt matter
4878,inform,any
4881,thankyou,thank you good bye
4882,inform,looking for a restaurant
4883,inform,in the west part of town in the cheap price range
4884,inform,it doesnt matter
4886,request,address and phone number
4887,thankyou,thank you good bye
4889,inform,catalan
4890,negate,no catalan food
4891,negate,no
4894,inform,french food
4896,thankyou,thank you good bye
4897,inform,im looking for a moderately priced restaurant in the east part
4898,inform,i dont care
4899,request,phone number
4901,thankyou,thank you good bye
4902,inform,i dont care
4903,inform,moderate
4905,request,whats the address
4906,request,what type of food is it
4907,thankyou,thank you good bye
4908,affirm,yes can i have a moderate priced restaurant
4909,inform,venesian
4910,inform,gastropub
4911,negate,no
4912,inform,gastropub
4913,affirm,yes
4914,request,address
4915,request,phone number
4916,request,area
4917,request,area
4918,request,area
4919,request,area
4920,request,area
4921,request,the area
4922,request,area
4924,request,area
4925,request,area
4926,request,area
4927,request,area
4928,request,area
4929,request,area
4930,request,area
4931,request,area
4932,request,area
4933,thankyou,thank you good bye
4934,null,noise
4936,reqalts,what about european food
4937,reqalts,what about european food
4938,request,whats the address
4939,request,and the post code
4940,thankyou,thank you good bye
4941,inform,im looking for a restaurant in the east part of town that serves international
4942,inform,international
4945,thankyou,thank you good bye
4946,inform,american
4947,affirm,yes
4948,inform,north
4949,request,give me the address
4950,request,give me the phone number
4951,thankyou,thank you good bye
4952,inform,catalan
4953,inform,catalan food
4954,negate,no catalan
4955,inform,catalan
4956,inform,catalan
4957,reqalts,how about italian
4958,inform,italian food
4959,inform,i dont care
4960,inform,breath expensive
4961,request,address
4963,request,phone number
4964,thankyou,thank you goodbye
4965,inform,i want a restaurant that is cheap and
4966,inform,i want it in the north part of town
4967,inform,any
4968,request,what is the address
4970,thankyou,thank you good bye
4972,inform,i dont care
4973,inform,expensive
4974,inform,expensive
4975,inform,expensive
4976,request,what is the address
4979,thankyou,thank you good bye
4980,affirm,yes im looking for a restaurant in the north part of town
4981,null,serving in
4982,reqalts,how about italian
4983,inform,italian food
4984,request,what is the address
4985,request,and the phone number
4986,thankyou,thank you good bye
4987,null,noise
4988,inform,im looking for a restaurant in the south part
4990,inform,south
4991,inform,i dont care
4992,request,can i have the phone number
4993,thankyou,thank you good bye
4994,inform,a cheap restaurant in the west part of town
4995,inform,any
4996,request,can i get the address
4997,request,what type of food is it
4998,thankyou,thank you good bye
4999,reqalts,can you give me a restaurant in east part of town and
5000,negate,no
5001,negate,no im looking for a cheap price range in the east part of town
5002,request,whats the address
5003,thankyou,thank you good bye
5005,inform,any
5006,request,what is the address
5007,request,what type of food is it
5008,inform,unusual food
5009,inform,italian food
5010,inform,italian food instead
5011,inform,south
5013,inform,doesnt matter
5014,affirm,yeah
5016,request,whats the post code
5017,request,whats the post code
5018,thankyou,thank you good bye
5019,inform,im looking for a moderately priced restaurant in the north
5020,inform,i dont care
5021,request,whats the address
5023,thankyou,thank you good bye
5024,inform,im looking for a restaurant in any area that
5025,inform,serves lebanese
5026,negate,no
5027,negate,no
5028,inform,i dont care
5029,inform,i want lebanese food
5030,inform,i dont care
5031,inform,i want something that serves lebanese food
5032,inform,lebanese
5033,request,what is the phone number and post code
5034,request,what is the post code
5035,thankyou,thank you good bye
5038,inform,moderate
5039,request,phone number
5040,request,phone number
5041,request,post code
5042,thankyou,thank you good bye
5043,negate,no
5044,negate,no
5045,inform,dont care
5046,inform,expensive
5048,confirm,does it serve fusion food
5049,negate,no
5051,thankyou,thank you good bye
5052,inform,im looking for a restaurant in the north part of town thats
5053,inform,chinese
5054,affirm,yes
5055,inform,anything
5056,inform,any price range
5057,request,phone number
5059,thankyou,thank you good bye
5060,inform,im looking for a cheap restaurant in the south part of town
5061,inform,any type of food
5062,request,may i have the phone number and address please
5063,thankyou,thank you good bye
5064,inform,im looking for a moderately priced
5065,inform,restaurant and it should be
5067,inform,north
5070,thankyou,thank you good bye
5071,inform,for a cheap restaurant in the east part of town
5072,inform,dont care
5073,inform,cheap
5075,null,cough
5077,request,what kind of food does it serve
5078,thankyou,thank you good bye
5079,inform,unusual food
5080,affirm,yes
5081,inform,italian food
5082,inform,south
5083,inform,south
5084,inform,south
5085,inform,south
5086,inform,south
5087,affirm,yeah
5088,inform,dont care
5089,request,phone number
5090,request,what is their phone number
5091,request,post code
5092,request,what is their post code
5093,thankyou,thank you and good bye
5094,null,noise
5095,inform,im looking for a moderately priced restaurant serving cuban food
5096,inform,serving cuban food
5097,negate,no
5098,reqalts,how about international type of food
5099,inform,international type of food
5100,inform,any part of town
5102,thankyou,thank you goodbye
5103,inform,could i have a restaurant in the center
5104,reqalts,what about asian oriental
5105,reqalts,what about asian oriental food
5106,affirm,right
5107,affirm,yes
5108,affirm,yes
5109,inform,it doesnt matter
5110,request,can i have the phone number
5111,thankyou,thank you good bye
5112,null,unintelligible
5113,inform,moderate
5115,request,what is the address
5116,thankyou,thank you good bye
5117,inform,moderately priced restaurant in the west part of town
5118,null,unintelligible
5119,inform,moderately
5120,request,address
5121,request,address
5122,request,post code
5123,thankyou,thank you good bye
5124,inform,looking for a restaurant in the north part of town serving bra
5128,request,okay ah wha whats the address
5129,request,and the phone number
5130,request,and the price range
5131,thankyou,thank you goodbye
5132,inform,moderately priced restaurant in the west part of town
5133,inform,italian
5134,request,phone number
5135,request,phone number
5136,thankyou,thank you goodbye
5137,inform,uh cheap restaurant malaysian food
5138,inform,uh italian food
5140,inform,i dont care
5141,request,address
5142,request,uh phone number
5143,thankyou,okay thank you good bye
5145,null,unintelligible
5146,inform,unintelligible food
5147,null,unintelligible
5149,null,unintelligible
5150,null,how about unintelligible
5151,inform,im looking for
5152,inform,im looking for a restaurant that serves unintelligible
5153,negate,no
5154,negate,no
5155,negate,no im looking for a unintelligible swiss food
5156,affirm,yes
5157,null,how about unintelligible
5158,null,how about
5159,inform,vietnamese
5161,null,whats the unintelligible
5162,request,what is the address
5163,thankyou,thank you goodbye
5166,thankyou,thank you good bye
5167,inform,cheap restaurant east part of town
5168,request,address and post code
5169,thankyou,thank you good bye
5170,inform,im looking for an expensive restaurant that serves swiss food
5174,thankyou,thank you good bye
5175,inform,im looking for a moderately priced restaurant that serves christmas food
5178,inform,dont care
5180,thankyou,thank you good bye
5181,inform,im looking for a moderately priced restaurant that serves
5182,inform,russian food
5183,reqalts,how about chinese food
5186,inform,i dont care
5188,thankyou,thank you good bye
5189,inform,im looking for a russian food
5190,inform,i dont care
5191,inform,i dont care
5192,request,whats the address
5193,request,and the phone number
5194,thankyou,thank you good bye
5196,inform,um any type of food
5197,request,what type of food
5198,request,may i have the phone number please
5199,thankyou,thank you good bye
5200,null,unintelligible
5201,null,unintelligible
5202,null,unintelligible
5203,null,unintelligible
5205,null,unintelligible
5206,inform,an an expensive restaurant
5207,null,unintelligible
5208,null,unintelligible
5210,null,unintelligible
5213,null,unintelligible
5216,null,unintelligible
5217,null,unintelligible
5219,null,unintelligible
5220,null,unintelligible
5221,null,unintelligible
5222,null,unintelligible
5224,null,unintelligible
5226,thankyou,thank you goodbye
5227,inform,im looking for an expensive restaurant that serves european food
5228,inform,any
5229,request,whats the address
5231,thankyou,thank you good bye
5232,inform,im looking for a moderately priced in the south
5233,inform,any
5234,request,whats the address
5235,thankyou,thank you good bye
5236,inform,im looking for a cheap restaurant and it should serve polish food
5237,inform,what about kosher food
5238,inform,portuguese food instead
5239,inform,doesnt matter
5240,inform,any
5241,request,whats the address
5242,thankyou,thank you good bye
5243,inform,im looking for a restaurant in any area that serves
5244,inform,mediterranean food
5245,inform,serving mediterranean food
5246,affirm,yes
5247,inform,i dont care
5248,request,phone number
5249,request,phone number
5250,null,unintelligible
5251,thankyou,thank you good bye
5252,null,noise
5253,inform,moroccan food
5255,inform,french food
5256,inform,i dont care
5257,inform,the north part of town
5259,thankyou,thank you good bye
5260,inform,cantonese
5261,inform,vietnamese
5262,inform,vietnamese
5263,request,address
5264,thankyou,thank you good bye
5265,hello,hi im looking for a restaurant that serves irish food
5266,inform,what about a restaurant serving thai food
5267,inform,i dont care
5268,inform,i dont care
5269,request,whats the address
5270,request,and the phone number
5271,thankyou,thank you good bye
5272,null,can i get a
5273,inform,in any area
5274,negate,no any area
5278,request,can i get the address
5279,request,and the phone number
5280,thankyou,thank you good bye
5281,inform,im looking for an expensive restaurant in the south part of town
5282,inform,it doesnt matter
5283,request,uh phone number
5284,request,phone number
5285,thankyou,thank you good bye
5286,inform,expensive restaurant expensive restaurant east
5287,inform,spanish
5288,affirm,yes
5289,reqalts,anything else
5290,reqalts,anything else
5291,reqalts,anything else
5292,request,address
5293,request,phone number
5298,thankyou,thank you good bye
5301,request,uh address and price range
5302,request,uh price range
5303,thankyou,thank you good bye
5304,affirm,uh yes international food please
5305,null,uh
5306,inform,center
5307,inform,center
5308,affirm,yes
5309,inform,uh doesnt matter
5310,inform,uh it doesnt matter
5311,null,okay and um
5312,reqalts,anything else
5313,null,okay
5314,null,um
5315,request,okay and can i get the address
5316,request,and can i get their address
5317,request,and their phone number
5319,null,i would like
5320,inform,barbecue
5321,reqalts,what about gastropub
5322,reqalts,what about gastropub
5323,affirm,yes
5324,inform,it doesnt matter
5325,request,and the address
5326,request,whats their address
5328,thankyou,thank you good bye
5329,inform,moderately priced restaurant
5330,inform,serves turkish food
5331,inform,any
5333,reqalts,anything else
5334,request,address and phone number
5335,thankyou,thank you good bye
5336,inform,gastropub food
5337,negate,no
5338,inform,gastropub
5339,inform,i dont care
5341,negate,no
5342,inform,gastropub
5343,inform,gastropub food
5345,inform,i want gastropub
5346,inform,i dont care
5347,inform,gastropub food
5348,request,what type of food
5349,inform,i dont care
5350,inform,im looking for a restaurant in the moderate price range
5351,inform,gastropub food
5353,inform,gastropub food
5354,request,what type of food
5355,inform,gastropub
5356,request,type of food do they serve
5357,inform,i want gastropub food
5358,request,ah thank you phone number
5361,request,and what type of food do they serve
5362,thankyou,okay thank you good bye
5363,inform,expensive restaurant south part of town
5364,inform,i dont care
5365,request,i need a phone number
5366,thankyou,thank you good bye
5367,inform,cheap restaurant in the west part of town
5368,affirm,yes
5371,request,phone number
5372,thankyou,thank you good bye
5373,inform,moderately priced restaurant
5374,inform,british food
5375,inform,i dont care
5376,request,address
5377,request,what area is it in
5378,request,phone number
5379,thankyou,thank you good bye
5380,inform,moderately priced
5381,inform,any
5382,request,address
5383,thankyou,thank you goodbye
5384,reqalts,anything else
5385,request,phone number
5386,request,phone number
5387,request,address
5388,thankyou,thank you good bye
5389,null,noise
5390,inform,im looking for an expensive restaurant in the south part of tow
5391,inform,doesnt matter
5392,affirm,correct
5393,reqalts,could you give me another venue
5396,thankyou,thank you goodbye
5397,inform,i want a restaurant in the east part of town
5398,inform,international
5399,inform,in the east part
5401,inform,i need an expensive restaurant
5403,reqalts,how about mediterranean
5404,affirm,yes
5405,request,address
5406,request,the phone number
5407,thankyou,thank you good bye
5408,inform,in the east part of town
5409,affirm,yes
5411,request,what is the address
5412,request,what is the post code
5413,thankyou,thank you good bye
5414,inform,looking for a restaurant in the east part of town
5415,inform,air tran
5416,negate,no
5418,affirm,yes
5419,reqalts,how about chinese restaurants
5420,request,what is the address
5422,request,what is the post code
5423,thankyou,thank you good bye
5424,inform,i would like to find a restaurant in the east part of town that serves italian
5425,inform,in the east part of town
5426,affirm,yes
5428,thankyou,thank you good bye
5429,inform,i need a restaurant in the center of town
5430,inform,japanese
5431,affirm,correct
5433,request,can i have the phone number and price range
5434,request,price range
5435,thankyou,thank you good bye
5436,null,noise
5437,null,noise
5440,request,can i have the address and phone
5441,request,could i have the address
5442,request,and the phone number
5443,thankyou,thank you goodbye
5444,inform,any
5445,inform,moderate
5446,request,phone number
5447,request,phone number
5448,request,post code
5449,thankyou,thank you good bye
5450,inform,i am looking for a moderately priced restaurant in the west part of town
5451,null,care
5452,affirm,yes
5454,request,what is the address and phone number
5455,request,what is the post code
5456,thankyou,thank you good bye
5457,inform,im looking for a restaurant in the south part of town with creative food
5458,inform,creative
5461,affirm,yes
5462,inform,any
5463,request,can i have the address and price range
5464,request,price range
5465,thankyou,okay thank you good bye
5466,inform,jamaican food
5467,thankyou,thank you good bye
5468,null,noise
5469,inform,noise i am looking for a moderately priced restaurant unintelligible
5470,inform,korean food
5471,inform,what about a moderately priced re
5472,reqalts,how about europea
5473,inform,moderate european food
5475,inform,in the south part
5476,null,what is available in the ar
5477,inform,indian food
5479,inform,chinese
5481,inform,im looking for a moderately priced restaurant
5484,request,what is the address
5485,confirm,is it in the south part of town
5486,inform,im looking for a moderately priced restaurant
5487,inform,south part of town
5488,null,suggestions
5490,request,what is the address
5492,bye,goodbye
5493,inform,for a moderately priced restaurant
5495,inform,moderately priced
5496,affirm,right
5497,null,unintelligible
5499,thankyou,okay thank you good bye
5501,inform,im looking for one east part of town
5502,affirm,yes
5503,request,can i have his phone number
5504,thankyou,thank you good bye
5505,inform,id like an expensive restaurant in the south part of town
5506,inform,i dont care
5508,request,what is the type of food
5509,thankyou,thank you good bye
5510,inform,moderately priced
5511,inform,international
5512,inform,any area
5513,request,whats the address
5515,request,whats the post code
5516,thankyou,thank you good bye
5517,inform,moderately priced restaurant
5519,inform,moderately
5520,inform,south part of town
5521,inform,south
5522,inform,i dont care
5523,inform,restaurant in the south part of town
5524,thankyou,thank you good bye
5525,inform,im looking for a restaurant in the west part of town that serves
5526,inform,scottish food
5527,negate,no
5528,negate,no
5529,inform,i dont care
5531,inform,with scottish food
5532,inform,im looking for a restaurant in the west part of town with
5534,inform,with scottish
5536,null,is there one serving
5537,inform,indian food
5538,inform,is there a restaurant serving indian type of food
5539,affirm,yes
5540,affirm,yes
5541,affirm,yes
5542,null,can i
5543,request,can i have the phone number
5544,confirm,is it in the west part of town
5546,request,can i have the phone number
5547,thankyou,thank you good bye
5548,inform,i need moderately priced restaurant that serves spanish
5549,inform,spanish
5550,negate,no
5551,inform,spanish
5552,inform,spanish
5553,inform,spanish
5554,inform,spanish
5555,inform,spanish
5556,inform,spanish food
5557,inform,spanish
5558,inform,spanish
5559,affirm,yes
5560,inform,moderate
5562,request,can i get the area
5563,thankyou,thank you good bye
5564,inform,im looking for an expensive restaurant in the south
5565,inform,any
5566,inform,south
5567,reqalts,anything else
5568,request,whats the address
5569,request,and the phone number
5570,request,and the post code
5571,thankyou,thank you good bye
5573,inform,indian food
5574,inform,indian food
5575,affirm,yes indian food
5576,thankyou,thank you good bye
5577,inform,moderately priced restaurant
5578,inform,any
5579,inform,south
5580,inform,south
5581,request,phone number
5584,request,phone number
5594,thankyou,thank you good bye
5595,inform,if there is no such venue how about thai type of food
5596,inform,im looking for a restaurant serving thai type of food
5597,affirm,yes
5598,inform,north
5599,affirm,yes
5600,inform,south of town
5601,inform,south part of town
5602,request,can i have the address and phone number of the venue
5603,thankyou,thank you good bye
5604,request,could i have the address
5606,request,could i have its phone number
5609,inform,i dont care
5610,reqalts,anything else
5613,request,the post code
5614,thankyou,thank you good bye
5615,inform,im looking for a cheap restaurant in the north
5616,inform,i dont care
5619,thankyou,thank you good bye
5620,inform,i need a moderately priced restaurant in the north part
5621,inform,uh im not interested in the type
5622,affirm,yes
5624,request,whats the address
5625,request,the phone number
5626,thankyou,thank you good bye
5627,inform,welsh food in the north part of town
5628,affirm,yes
5629,reqalts,how about italian food
5630,affirm,yes
5631,request,what is the address and phone number
5632,thankyou,thank you good bye
5633,inform,moderately priced
5634,affirm,yes part of town
5635,inform,dont care
5636,request,address and phone number
5637,request,phone number
5638,thankyou,thank you good bye
5642,reqalts,how about a castro pub type of food
5643,affirm,yes
5645,thankyou,thank you good bye
5646,inform,malaysian food malaysian
5647,inform,asian oriental
5648,affirm,yes
5649,inform,doesnt matter
5650,inform,doesnt matter
5651,inform,doesnt matter
5652,affirm,yes
5653,inform,does not matter
5654,inform,dont care
5655,request,phone number
5656,request,phone number
5657,request,address
5658,thankyou,thank you goodbye
5659,inform,id like to find a restaurant that serves portuguese food
5660,inform,yes i dont care about the price range
5661,inform,dont care
5662,request,id like the address and area
5664,thankyou,thank you good bye
5665,inform,im looking for a restaurant in the east part of town that serves
5666,inform,basque
5667,inform,indian food
5668,affirm,yes
5669,inform,any price range
5671,thankyou,thank you good bye
5672,null,sil
5674,affirm,correct
5675,inform,west part of town
5676,affirm,right
5677,request,what is the address and phone number
5679,thankyou,thank thank
5681,thankyou,thank you good bye
5682,affirm,uh yes im looking for a restaurant in any area that serves thai food
5685,inform,uh any area
5686,inform,uh moderate
5687,inform,okay expensive
5688,inform,expensive
5689,request,okay can i get their phone number
5690,request,and uh their post code
5692,inform,im looking for restaurant in the south part of town that serves english food
5694,inform,a restaurant in the south part of town that serves italian food
5695,reqalts,is there a restaurant serving italian food
5696,inform,italian food
5697,affirm,yes
5698,inform,any price range
5699,request,can i have the phone number and post code
5700,request,and their post code
5701,thankyou,thank you good bye
5702,inform,gastropub food
5703,inform,any area
5704,inform,i dont care
5705,request,what is the address
5706,thankyou,thank you good bye
5708,inform,is there an expensive restaurant serving thai food
5710,inform,any area
5711,request,and their address and phone number
5712,request,and the phone number
5713,thankyou,thank you good bye
5714,inform,i need a moderately priced restaurant in the south part of town
5715,inform,i dont care
5716,request,whats the address
5717,thankyou,thank you good bye
5719,inform,i dont care
5720,request,what type of food does it serve
5721,request,what is the address
5722,thankyou,thank you good bye
5723,inform,something catalan food
5724,inform,international
5725,inform,anywhere
5726,inform,any price range
5727,request,address
5730,request,whats the address
5731,request,and the post code
5732,thankyou,thank you good bye
5733,inform,im looking for a restaurant in any area that serves kor
5734,inform,korean food
5735,request,whats the address
5736,request,okay whats the phone number
5737,thankyou,thank you good bye
5738,inform,im looking for a cheap restaurant in the south part of town
5739,inform,any
5741,thankyou,thank you good bye
5742,inform,expensive restaurant
5743,inform,north
5744,thankyou,thank you good bye
5745,inform,im looking for a moderately priced restaurant
5746,inform,cuban food
5747,inform,what asian oriental food
5748,inform,are there any serves asian oriental
5749,reqalts,what about asian oriental food
5750,request,whats the address
5751,request,and the phone number
5752,thankyou,thank you good bye
5754,negate,no
5756,inform,west
5757,inform,italian food
5758,inform,i dont care
5760,thankyou,thank you good bye
5762,inform,turkish food
5764,inform,italian food
5765,inform,italian food
5766,inform,i dont care
5768,thankyou,thank you good bye
5770,inform,dont care
5771,inform,dont care
5772,reqalts,anything else
5773,request,the address
5774,thankyou,thank you good bye
5775,inform,i am looking for a cheap restaurant that serves germ
5777,reqalts,how about portuguese food
5778,request,may i have the address
5779,thankyou,thank you goodbye
5780,inform,expensive restaurant
5781,inform,i dont care
5782,reqalts,anything else
5783,reqalts,next
5784,reqalts,anything else
5785,inform,um anything else please
5786,reqalts,uh anything else
5787,reqalts,next one
5788,request,phone number
5789,request,phone number
5792,inform,kosher food
5793,null,sil
5795,inform,korean food
5796,null,unintelligible
5797,inform,korean
5798,inform,korean
5799,inform,korean food
5800,null,unintelligible
5801,inform,korean
5802,request,address
5803,request,address
5804,request,address
5805,request,address and phone number
5806,request,phone number
5807,thankyou,thank you good bye
5808,inform,i need an expensive restaurant in the south part of town
5809,null,unintelligible
5810,affirm,yes
5811,request,can i get the address
5812,thankyou,thank you good bye
5813,inform,moderately priced restaurant
5814,inform,i dont care
5815,inform,west
5817,request,what is the address
5818,thankyou,thank you good bye
5820,inform,dont care
5821,inform,west part of town
5822,request,phone number
5823,request,phone number
5829,thankyou,thank you good bye
5830,inform,find me a restaurant in the north part of town
5831,inform,dont care
5832,inform,moderate
5833,request,what is the address
5834,thankyou,thank you good bye
5835,inform,im looking for a moderately priced restaurant in the south
5836,inform,i dont care
5838,request,what is the address and phone number
5840,thankyou,thank you good bye
5841,inform,i am looking for a restaurant in the west part of town
5842,inform,italian food
5843,inform,any
5845,request,and address
5846,thankyou,thank you goodbye
5847,inform,expensive restaurant
5848,inform,expensive
5850,request,address
5851,thankyou,thank you good bye
5852,inform,im looking for food in the south part of town
5853,inform,im looking for singaporean food
5854,reqalts,how about singaporean food
5855,inform,singaporean food
5858,inform,indian food
5859,affirm,yes
5860,request,phone number please
5861,request,id like the phone number of the restaurant you just told me
5862,thankyou,thank you good bye
5863,inform,id like an expensive italian restaurant
5864,negate,no
5865,negate,no
5866,inform,italian food
5867,inform,any area
5869,request,what is the phone number and address
5870,null,sil
5871,null,sil
5872,inform,i would like to find a cheap restaurant and it should be in the south
5874,affirm,yes
5875,request,may i get the address and phone number
5876,thankyou,thank you good bye
5877,null,noise
5878,inform,id like a european food
5879,inform,expensive
5880,inform,any area
5882,request,what area is it in
5883,thankyou,thank you good bye
5884,inform,hi id like a moderately priced restaurant in the north
5885,inform,i dont care
5887,request,what is the golden woks phone number
5889,thankyou,thats everything thank you
5890,thankyou,okay thank you good bye
5891,null,noise
5892,inform,french food
5893,inform,doesnt matter
5895,inform,i dont care
5896,inform,doesnt matter
5897,inform,doesnt matter i dont care
5898,null,what is one of them
5899,inform,doesnt matter
5900,affirm,yes
5902,request,alright whats the address
5903,request,whats their post code
5904,bye,alright thank you good bye
5905,null,sil
5906,inform,scottish
5907,inform,scottish
5908,thankyou,thank you goodbye
5909,null,sil
5910,inform,danish
5911,inform,danish
5912,inform,danish food
5915,inform,moderately priced
5916,inform,gastropub food
5917,affirm,yes
5918,inform,alright gastropub food
5919,affirm,yes
5920,request,area
5921,request,what area
5922,request,what area is it located
5923,request,the address
5924,request,phone number
5925,thankyou,thank you goodbye
5926,null,sil
5927,null,sil
5929,request,address
5930,request,post code
5931,thankyou,thank you good bye
5932,inform,im looking for a cheap restaurant in the south part of town
5933,inform,it doesnt matter
5935,request,may i have the phone number
5937,request,may i have the phone number
5938,thankyou,thank you good bye
5939,null,sil
5940,inform,lebanese food in the center of town
5941,request,address
5942,request,phone number
5943,thankyou,thank you good bye
5944,null,sil
5946,inform,that serves jamaican food
5948,inform,im looking for a restaurant in the south part of town that serves jamaican food
5949,inform,portuguese food
5951,negate,wait no i wanted portuguese food
5953,request,whats the address
5954,thankyou,thank you good bye
5955,inform,i need a moderately priced restaurant in the south part of town
5956,inform,any
5957,request,whats the address
5958,request,and can you tell me the phone number
5959,thankyou,thank you good bye
5960,affirm,uh yes im looking for a restaurant that serves chinese food
5962,inform,uh west
5963,inform,uh west
5965,request,okay can i have the address
5966,request,okay and whats the post code
5967,request,and their phone number please
5968,thankyou,okay that will be all thank you and good bye
5969,inform,im looking for seafood
5970,inform,seafood
5973,thankyou,thank you goodbye
5974,null,unintelligible
5977,affirm,yes
5978,affirm,yes
5979,inform,any
5980,request,address
5981,request,phone number
5982,thankyou,thank you good bye
5984,reqalts,how about italian
5985,affirm,yes
5986,affirm,yes
5987,inform,i do not care
5988,request,may i have the phone number
5989,thankyou,thank you good bye
5990,null,unintelligible
5991,inform,restaurant in the south part of town caribbean food
5992,reqalts,how about italian food
5993,inform,italian food
5994,negate,uh no im looking for italian food
5995,thankyou,thank you good bye
5996,inform,french food
5997,inform,center
5998,request,address
5999,request,address
6000,thankyou,thank you good bye
6001,inform,i want scottish food
6002,negate,no
6003,inform,i want scottish food
6004,negate,no
6005,null,i want
6006,inform,scottish food
6007,inform,i want scottish food
6010,request,okay may i have the address
6011,thankyou,thank you good bye
6012,inform,can i have a cheap restaurant
6013,inform,it doesnt matter
6014,affirm,yes
6015,request,what type of food
6016,request,what type of food does the missing sock serve
6017,request,what is the address
6018,request,what type of food
6020,thankyou,thank you goodbye
6021,inform,vegetarian food
6022,inform,vegetarian food
6024,inform,north
6026,inform,south of town
6028,affirm,yes
6029,request,address
6030,inform,expensive european food
6032,inform,south of town
6033,inform,south of town
6034,request,what is the address
6037,thankyou,thank you good bye
6038,inform,im looking for a moderately priced restaurant that serves european food
6039,inform,i dont care
6040,request,what is the address
6041,request,and the telephone number
6042,thankyou,thank you good bye
6044,reqalts,what about australian asian food
6047,affirm,yes
6048,affirm,yes
6049,inform,any
6051,request,whats the address
6053,thankyou,thank you good bye
6054,inform,noise i am looking for a restaurant
6055,null,in the
6056,negate,no french food
6057,inform,expensive restaurant
6059,inform,any
6060,reqalts,anything else
6062,thankyou,oh thank you goodbye
6063,inform,east part
6065,negate,no
6066,negate,no
6068,inform,indian food
6069,affirm,yes
6070,inform,dont care
6071,request,address
6072,request,address
6073,request,phone number
6074,thankyou,thank you good bye
6075,inform,restaurant south part of town
6076,affirm,yes
6078,inform,chinese
6080,request,price range
6081,thankyou,thank you good bye
6083,request,whats the address
6084,request,phone number
6085,request,what area is it in
6086,thankyou,thank you good bye
6088,inform,can i find something in the west part of town
6089,inform,i dont care
6090,request,whats its phone number
6091,thankyou,thank you good bye
6092,null,breathing
6094,reqalts,how about chinese food
6097,affirm,yes
6098,inform,any
6099,request,and the price range
6100,thankyou,thank you good bye
6101,null,noise
6102,inform,danish
6103,inform,north american
6104,null,noise
6105,null,unintelligible
6106,inform,expensive
6107,request,whats the phone number and post code
6108,null,unintelligible
6110,negate,no moderately priced
6111,negate,no
6112,inform,moderate
6113,inform,moderately priced any foo
6114,inform,moderately priced any food
6115,negate,no noise
6116,negate,no
6117,inform,moderately priced
6119,inform,any
6120,inform,any kind of food
6121,inform,moderately priced
6123,inform,south part
6124,request,phone number
6125,request,address
6126,thankyou,thank you goodbye
6127,reqalts,how about european food
6129,inform,it doesnt matter
6130,inform,it doesnt matter
6131,inform,it doesnt matter
6132,request,what is the address noise
6134,thankyou,thank you goodbye
6136,inform,i dont care
6137,request,whats the address
6139,thankyou,thank you good bye
6140,inform,im looking for a restaurant serving european food
6141,inform,i dont care
6142,inform,i dont care
6143,request,the address
6144,thankyou,thank you good bye
6145,inform,cantonese
6148,request,phone number
6150,null,sil
6151,request,phone number
6152,thankyou,thank you good bye
6153,null,sil
6154,null,i want
6155,inform,west killeen
6156,negate,no im looking for austria asian food
6158,inform,modern european food
6159,inform,any area
6160,inform,any price range
6162,thankyou,thank you good bye
6163,inform,i want a cheap restaurant in the south
6165,inform,i dont care
6166,request,what is the address
6167,thankyou,thank you good bye
6168,inform,breath a cheap restaurant in the north part of town
6169,inform,any
6170,affirm,right
6171,request,may i have the phone number
6172,request,may i have the phone number
6173,thankyou,thank you goodbye
6174,inform,im looking for a cheap restaurant in the north part of town
6175,inform,doesnt matter
6176,affirm,yes
6177,request,what is the address
6179,thankyou,thank you good bye
6181,null,sil
6182,null,sil
6183,null,sil
6184,request,can i have the address and phone number
6185,thankyou,thank you good bye
6187,inform,south
6188,request,phone number
6189,thankyou,thank you good bye
6190,inform,a restaurant in the center of town
6191,inform,vietnamese
6192,inform,vietnamese
6193,null,unintelligible
6197,inform,turkish restaurant in the center of town
6198,request,the address
6199,null,range
6200,null,range
6201,request,price range
6202,thankyou,thank you good bye
6205,inform,pub or british type of food
6206,inform,british food
6207,null,noise
6208,inform,center
6209,inform,center
6210,thankyou,thank you good bye
6211,inform,moderately priced
6212,inform,dont care
6213,inform,south
6214,inform,south
6215,reqalts,anything else
6216,reqalts,is their anything else
6217,request,address
6218,request,phone number
6219,request,post code
6222,inform,dont care
6223,request,address
6224,request,phone number
6225,request,signature dish
6226,request,what about your signa
6227,request,popular dish
6228,inform,missing sock
6229,thankyou,thank you goodbye
6230,null,noise
6232,inform,any
6233,affirm,yes
6234,inform,west
6235,inform,west
6236,affirm,yes
6237,request,address
6238,request,phone number
6239,thankyou,thank you good bye
6240,inform,in the center
6242,inform,north american
6243,request,phone number
6244,request,phone number
6245,request,the phone number
6248,inform,moderately priced restaurant
6249,inform,indian food
6250,reqalts,anything else
6251,null,town
6252,null,not sure
6253,inform,any where
6254,null,unintelligible
6255,request,do you have a phone number
6256,request,phone number
6257,thankyou,thank you good bye
6259,affirm,yes
6260,request,i need the address phone number and post code
6261,request,whats the post code
6262,thankyou,okay thank you good bye
6263,null,unintelligible
6264,inform,cross over
6265,inform,cross over
6266,reqalts,how about italian
6267,affirm,yes
6268,inform,doesnt matter
6269,inform,dont care
6270,inform,expensive
6271,null,okay
6272,null,unintelligible
6273,null,unintelligible
6274,request,can i have the address phone number and
6275,request,phone number
6276,affirm,yeah
6277,request,what area of town
6278,thankyou,thank you good bye
6280,affirm,right
6281,inform,south
6282,inform,south
6283,inform,south
6284,reqalts,anything else
6285,request,address
6287,thankyou,thank you good bye
6289,inform,american
6290,affirm,yes
6292,thankyou,thank you good bye
6293,inform,moderately priced
6295,inform,chinese
6296,inform,chinese
6297,request,phone number
6298,inform,any
6299,request,phone number
6300,request,what is their phone number
6301,thankyou,thank you good bye
6302,inform,moderate restaurant south part of town
6303,inform,any
6304,request,address
6305,request,phone number
6306,thankyou,thank you good bye
6307,inform,im looking for a cheap restaurant that serves irish food
6308,reqalts,what about vietnamese type of food
6309,reqalts,what about vietnamese type of food
6310,inform,are there any that serve vietnamese food
6311,reqalts,what about vietnamese food
6312,affirm,yes
6313,request,and their phone number
6314,request,and the price range
6315,thankyou,thank you goodbye
6316,inform,cheap australian
6317,inform,italian food
6318,inform,italian
6319,inform,any
6320,request,address
6321,request,phone number
6322,thankyou,thank you good bye
6323,inform,im looking for a moderately priced restaurant in the east part of
6324,inform,any type of food
6325,request,can i have the address and the phone number of the venue
6326,thankyou,thank you goodbye
6327,inform,im looking for an expensive restaurant
6328,inform,christmas food
6329,inform,i dont care
6330,request,what area is it in
6331,request,what is the address and phone number
6332,thankyou,thank you good bye
6333,inform,im looking for an expensive restaurant serving asian oriental
6334,inform,any area
6335,request,can i have the phone number
6336,thankyou,thank you good bye
6337,inform,i want a restaurant in any area that serves
6338,inform,traditional food
6340,inform,i want a restaurant in any area that serves vietnamese food
6341,affirm,yes
6342,request,the address and phone number
6343,thankyou,thank you good bye
6344,inform,i want a restaurant in the center of town that serves vinesha
6345,affirm,yes
6346,affirm,yes
6347,reqalts,what about thai food
6348,inform,i want thai food
6349,affirm,yes
6350,request,and their address
6351,request,whats their address
6352,request,and the phone number
6353,thankyou,thank you good bye
6354,inform,im looking for an expensive restaurant
6356,reqalts,how about mediterranean food
6357,reqalts,how about mediterranean
6358,reqalts,how about mediterranean
6359,inform,i dont care
6360,request,whats the address
6361,request,and the phone number
6362,thankyou,thank you good bye
6363,null,sil
6364,inform,im looking for a cheap hungarian restaurant
6365,request,and the post code
6366,thankyou,thank you good bye
6368,inform,for a restaurant
6369,null,serve
6370,null,unintelligible
6371,inform,i do not care
6372,inform,iam looking for a restaurant that serves bistro food
6373,reqalts,how about portuguese food
6374,reqalts,how about portuguese food
6375,request,could i have the phone number and address please
6376,thankyou,thank you good bye
6377,inform,mexican food
6378,request,can i get the address
6379,request,phone number
6380,request,what is the address
6381,request,and what is the post code again
6382,request,and the phone number
6383,thankyou,say thank you good bye
6384,inform,it doesnt matter
6385,request,phone number
6386,request,phone number
6387,request,post code
6388,thankyou,thank you good bye
6389,inform,could i have a restaurant in the south part of town that serves unusual
6390,affirm,yes
6391,inform,a indian restaurant
6394,thankyou,thank you good bye
6395,inform,looking for an expensive restaurant that
6397,reqalts,how about korean food
6398,reqalts,how about korean food
6399,request,address and area
6400,request,area
6401,request,area
6402,null,of the venue
6403,request,area of the food of the venue
6404,thankyou,thank you good bye
6405,null,noise
6406,inform,moderately priced
6407,negate,no
6408,inform,i dont care
6409,reqalts,what about the east part of town
6410,inform,i dont care
6411,inform,moderately priced restaurant
6412,inform,moderately priced restaurant
6413,request,whats the address
6416,inform,im looking for an expensive restaurant
6417,inform,italian food
6418,inform,i dont care
6420,thankyou,thank you good bye
6421,inform,austro food
6422,inform,austro food
6423,inform,modern european
6425,inform,dont care
6426,inform,dont care
6427,request,phone number
6428,request,phone number
6429,thankyou,thank you good bye
6430,inform,restaurant in the center serving persian food
6432,inform,center
6433,request,address
6434,request,address
6435,request,phone number
6436,thankyou,thank you good bye
6437,inform,um im looking for a restaurant in north part of town
6438,inform,indonesian
6439,inform,um is there one selling indian
6440,inform,is the one that serves indian food
6441,affirm,yes
6442,inform,any is okay
6443,inform,i dont care
6444,request,can i have the address the phone number
6448,thankyou,thank you good bye
6449,inform,im looking for a cheap restaurant in the south part of town
6450,inform,i dont care
6451,reqalts,anything else
6452,request,whats their address
6453,thankyou,thank you good bye
6454,inform,im looking for
6455,null,sil
6456,inform,south part of town
6457,affirm,yes
6461,request,i want to know the phone number
6463,thankyou,thank you good bye
6465,inform,any
6466,affirm,right
6467,inform,west
6468,request,whats phone number
6469,request,whats the address
6470,thankyou,thank you good bye
6471,inform,russian food
6473,negate,no
6475,inform,any
6476,affirm,yes
6477,inform,i dont care
6478,affirm,yes
6479,affirm,yes
6480,thankyou,thank you good bye
6482,inform,lebanese
6483,negate,no lebanese how do you say it
6484,negate,no
6485,negate,no
6486,inform,uh any area
6487,inform,the type of food is lebanese
6488,inform,doesnt matter
6489,inform,i dont care
6490,null,unintelligible
6491,affirm,yes
6492,negate,no
6493,negate,no lebanese food
6494,inform,lebanese damn it just listen to me
6495,inform,lebanese
6496,null,unintelligible
6497,negate,no lebanese food
6499,thankyou,thank you good bye
6501,inform,i dont care
6503,request,and their address
6504,thankyou,thank you good bye
6505,inform,i need a cheap restaurant in the south part of town
6506,inform,i dont care
6507,request,whats the address
6509,thankyou,thank you good bye
6510,inform,iam looking for a restaurant in any area that serves swiss food
6511,null,how about
6512,reqalts,is there a restaurant serving vietnamese food
6513,inform,im looking for a restaurant that serves vietnamese food
6515,thankyou,thank you good bye
6516,request,whats the address
6517,request,tell me the phone number
6518,inform,looking for corsica food in an expensive restaurant
6519,reqalts,how about thai food thats expensive
6521,inform,i dont care
6522,request,okay whats the address
6524,thankyou,thank you goodbye
6525,inform,uh restaurant in the west part of town with scottish food
6526,affirm,right
6527,inform,indian food
6528,inform,indian food
6530,inform,cheap
6531,inform,cheap
6532,inform,moderate
6533,inform,moderate range
6534,inform,expensive
6535,inform,expensive
6536,affirm,right
6537,affirm,right
6539,request,may i have the phone number
6540,thankyou,thank you good bye
6541,inform,i want to find a restaurant in the south part of town that serves in
6542,inform,english food
6543,reqalts,how about chinese food
6544,reqalts,how about chinese food
6545,affirm,yes
6546,inform,it doesnt matter
6548,thankyou,thank you goodbye
6549,hello,hello im looking for a moderately priced restaurant in thr
6550,inform,unintelligible i dont care
6551,affirm,yes
6552,confirm,is it moderately
6553,inform,north part of town
6554,request,offer you the phone number and address
6555,thankyou,thank you good bye
6557,inform,north part of town
6558,inform,cheap
6559,reqalts,anything else
6560,reqalts,anything else
6561,request,address
6562,request,phone number
6563,thankyou,thank you goodbye
6565,inform,i dont care
6566,inform,i dont care
6567,request,whats the address
6570,thankyou,thank you good bye
6571,inform,i want a moderately priced restaurant
6572,inform,it should serve caribbean food
6573,inform,if there is no such venue how about spanish type of food
6575,affirm,yes moderately priced
6576,request,and whats the address
6577,request,phone number
6578,request,and post code
6579,thankyou,thank you good bye
6580,inform,cheap
6581,inform,any
6582,request,address
6583,thankyou,thank you good bye
6584,null,sil
6585,inform,i am looking for belgium food
6586,inform,in an expensive restaurant
6587,inform,belgium food
6588,null,okay
6589,reqalts,is there any restaurant
6590,inform,im looking for an expensive restaurant
6591,inform,i am looking for an expensive restaurant
6592,reqalts,how about korean food
6593,request,may i have the address and area
6595,inform,of this restaurant
6596,request,area
6597,request,what is the address
6598,null,okay
6600,thankyou,thank you good bye
6601,affirm,uh yes i am looking for an expensive restaurant in the south part of
6602,inform,okay im looking for an expensive restaurant
6603,inform,uh it doesnt matter
6604,request,okay can i get the address
6605,request,and the phone number
6606,inform,i dont care thank you good bye
6607,affirm,yes im looking for a
6608,inform,hungarian food in the west part of town
6609,inform,hungarian food
6610,inform,hungarian
6611,inform,hungarian food
6613,inform,indian food
6614,inform,indian food
6615,affirm,yes indian food
6616,inform,any price range
6617,inform,any price range
6618,inform,any price range
6620,thankyou,thank you good bye
6622,null,that serves
6623,inform,moroccan food
6624,reqalts,how about vietnamese
6625,reqalts,how about vietnamese
6628,request,may i have the phone number
6629,inform,i would like moroccan food
6630,reqalts,how about mediterranean food
6631,reqalts,how about mediterranean food
6632,affirm,yes
6633,inform,it doesnt matter
6634,inform,i dont care
6635,inform,it doesnt matter
6636,request,whats their address
6637,request,and phone number
6638,request,and the post code
6639,thankyou,thank you good bye
6640,inform,i need a restaurant in the east part of town that serves world food
6641,inform,i need a restaurant in the east part of town serving indian food
6642,affirm,yes
6643,inform,any
6644,inform,im looking for an indian restaurant in the east of town
6645,affirm,yes
6646,inform,any
6647,inform,any
6648,thankyou,thank you good bye
6649,inform,i need a cheap restaurant in the east part of town
6650,request,phone number
6652,request,whats the address
6653,thankyou,thank you good bye
6654,inform,can i get a restaurant in the west part of town
6655,inform,doesnt matter but it should be moderately priced
6656,affirm,yes
6657,request,whats the address
6658,request,and can you tell me the post code
6659,thankyou,okay thank you good bye
6660,inform,a cheap restaurant east part of town
6661,null,what do you recommend
6662,affirm,yes
6663,inform,cheap
6664,inform,cheap price range
6665,request,whats the address phone number and post code
6666,request,whats the post code
6667,thankyou,thank you good bye
6668,inform,um indian food in the north part
6669,inform,dont care
6670,request,address
6671,request,the address
6672,request,the phone number
6673,thankyou,thank you good bye
6674,inform,im looking for a restaurant in the north part of town that serves christmas food
6675,reqalts,what about asian oriental food
6678,request,what is the address
6680,thankyou,thank you good bye
6681,hello,hi im looking for a restaurant that serves
6682,null,unintelligible
6683,inform,caribbean food
6684,reqalts,okay do you have any restaurant that serves italian food
6685,negate,no im looking for a restaurant in the south part of town that serves
6686,reqalts,how about italian food
6687,reqalts,how about italian food
6688,request,okay can i have the phone number
6690,thankyou,okay thank you good bye
6691,inform,i want an expensive steak house
6692,reqalts,how about british type food
6693,affirm,yes
6694,inform,dont care
6696,thankyou,thank you good bye
6698,inform,uh do you have any korean food
6699,inform,korean food
6701,request,okay whats the address
6702,thankyou,thank you good bye
6704,inform,christmas
6705,inform,chinese
6706,inform,south
6707,null,unintelligible
6708,inform,south part of town
6709,inform,any
6710,request,address
6711,request,address
6712,thankyou,thank you good bye
6713,inform,find me an expensive restaurant in the south part of town
6714,inform,dont care
6716,inform,expensive
6718,thankyou,thank you good bye
6719,inform,um i want to find a restaurant that serves fusion food
6720,reqalts,is there a restaurant that serves vietnamese food
6721,confirm,is there a venue that serve vietnamese food
6722,reqalts,is there a restaurant serving vietnamese food
6723,inform,i want to find a restaurant that serves vietnamese
6724,request,can i get the address
6725,thankyou,okay thank you good bye
6726,inform,id like to find a spanish restaurant in the center
6727,affirm,yes
6729,inform,i dont care
6732,thankyou,great thank you good bye
6733,inform,im looking for a cheap restaurant in the south part of town
6734,inform,it doesnt matter
6735,request,whats the address
6738,inform,australian food
6739,inform,australian
6740,inform,australian
6741,inform,mediterranean
6742,inform,expensive
6743,inform,any
6744,inform,expensive
6745,request,address
6746,request,address
6747,request,phone number
6748,thankyou,thank you goodbye
6750,reqalts,how about cheap price range
6751,inform,cheap price range
6752,thankyou,thank you good bye
6756,thankyou,thank you goodbye
6757,inform,australian food
6758,affirm,yes cheap restaurant
6759,reqalts,how about portuguese food
6760,inform,portuguese food
6762,inform,any
6764,thankyou,thank you good bye
6765,inform,im looking for a restaurant in the center of town that serves
6767,affirm,yes
6769,inform,is there a restaurant in the center of town serving
6770,inform,spanish food
6771,inform,spanish
6772,inform,spanish
6773,thankyou,thank you good bye
6774,inform,cantonese food
6775,affirm,yes
6776,inform,asian oriental
6777,inform,north part of town
6778,request,address
6779,request,phone number
6780,thankyou,thank you good bye
6781,null,unintelligible
6782,inform,expensive
6783,affirm,yes
6784,reqalts,anything else
6785,request,phone number
6786,request,phone number
6787,thankyou,thank you goodbye
6788,hello,um hi i want to find a restaurant in the town center that serves
6789,inform,spanish
6790,negate,no
6791,inform,spanish
6792,inform,center
6793,deny,i dont want turkish
6794,inform,oh i dont care
6795,request,okay whats the phone number
6796,request,okay whats the post code
6797,bye,okay thats all
6798,thankyou,um thank you good bye
6800,inform,doesnt matter
6801,affirm,yes
6802,null,and whats the other one
6803,reqalts,another one
6804,request,whats the address of royal spice
6805,request,and the post code
6806,thankyou,thank you good bye
6807,inform,yea im looking for a moderately priced restaurant
6808,inform,west
6809,request,phone number
6810,request,the phone number
6811,request,whats the address
6812,thankyou,thank you good bye
6813,null,sil
6814,inform,id like to find a moderately priced restaurant
6815,inform,caribbean food
6816,inform,um spanish food
6817,inform,spanish food
6819,request,and the phone number
6820,request,whats the post code
6821,thankyou,thank you good bye
6822,inform,im looking for an expensive restaurant in the south part of town
6823,null,unintelligible
6825,inform,italian food please
6826,request,whats the address
6828,request,what type of food is it
6829,thankyou,thank you good bye
6830,affirm,yes im looking for a restaurant in the north part of town
6831,inform,that serves japanese food
6832,request,what is the address phone number and price range
6833,request,what is the price range
6834,thankyou,thank you good bye
6835,inform,im looking for a restaurant in the east part of town that serves hungarian food
6836,reqalts,how about chinese food
6837,affirm,yes
6839,request,what is the post code
6840,thankyou,thank you good bye
6841,inform,looking for a restaurant in any area that serves mediterranean
6842,inform,moderate
6843,inform,expensive
6844,inform,expensive
6845,request,what is the address and phone number
6846,thankyou,thank you good bye
6847,inform,traditional food
6848,inform,spanish food
6849,inform,moderately priced
6850,null,noise
6851,request,address
6852,request,phone number
6853,request,post code
6854,thankyou,thank you good bye
6856,inform,any
6857,affirm,yes
6860,thankyou,thank you good bye
6861,inform,im looking for an expensive restaurant that serves korean
6862,inform,korean
6863,request,address
6864,request,and the post code
6865,thankyou,thank you good bye
6866,inform,im looking for a moderately priced restaurant that serves
6867,inform,moroccan food
6868,reqalts,what about turkish food
6869,inform,turkish food
6870,inform,turkish food
6871,inform,i dont care
6872,request,whats the address
6873,thankyou,thank you good bye
6874,inform,doesnt matter
6875,affirm,ye
6876,inform,east part ot tow
6877,inform,expensive
6878,request,whats the address and post code
6879,thankyou,um thank you goodbye
6880,inform,restaurant
6881,inform,unusal
6882,inform,vietnamese
6884,request,phone number
6885,request,phone number
6887,thankyou,thank you good bye
6888,null,sil
6889,inform,hungarian food in the center of town
6890,inform,hungarian food
6891,inform,turkish food
6892,inform,turkish food
6894,inform,any
6895,request,what is the address and price range
6896,request,what is the price range
6897,thankyou,thank you good bye
6898,inform,im looking for an expensive restaurant in the south part of town
6899,inform,it doesnt matter
6900,request,the address
6901,thankyou,thank you good bye
6902,inform,center
6903,inform,cheap
6904,inform,moderate
6905,inform,expensive
6906,request,phone number
6907,request,phone number
6908,request,post code
6909,thankyou,thank you good bye
6910,inform,moderately priced restaurant
6911,inform,any
6912,inform,west
6913,request,phone number
6914,request,phone number
6915,null,sil
6916,request,phone number
6917,request,phone number
6918,thankyou,thank you good bye
6919,null,noise
6921,inform,north part of town
6922,inform,inexpensive
6924,thankyou,thank you good bye
6925,inform,cheap restaurant east part of town
6926,request,phone number
6927,request,phone number
6928,request,address
6929,thankyou,thank you good bye
6930,inform,im looking for an expensive restaurant in the south part of
6931,inform,italian
6932,request,can i have the address and phone number please
6933,thankyou,thank you good bye
6934,inform,north
6935,inform,thai
6936,affirm,yes
6937,affirm,yes
6940,request,address
6941,request,address
6942,request,phone number
6943,request,price range
6944,thankyou,thank you good bye
6945,inform,im looking for a restaurant in the north part of town
6946,inform,i dont care
6947,inform,moderate
6948,request,whats their address
6949,request,and their phone number
6950,request,what kind of food do they serve
6951,thankyou,thank you good bye
6952,null,sil
6953,inform,barbecue
6955,inform,dont care
6956,inform,any
6957,inform,moderate
6958,inform,cheap
6959,inform,cheap portuguese food
6960,request,phone number and address
6961,bye,yawning thank you and good bye
6963,affirm,yes
6964,request,can i have the phone number and address of the venue
6965,thankyou,thank you good bye
6967,request,and the phone number
6968,request,and the address
6969,thankyou,thank you good bye
6970,inform,im looking for a restaurant in the center part of town
6971,request,what is the address and phone number
6972,thankyou,thank you good bye
6973,inform,restaurant in the east side of town
6974,null,unintelligible
6975,negate,no
6976,inform,italian
6977,affirm,yeah
6978,inform,dont care
6979,request,phone number
6980,request,what is their phone number
6981,request,what is their phone number
6982,thankyou,thank you good bye
6983,null,noise
6985,inform,brazilian food
6986,affirm,yes
6988,negate,no indian
6989,null,sil
6990,inform,the north
6991,inform,the north part of town
6992,thankyou,thank you good bye
6993,inform,find cheap restaurant in south part of town
6994,inform,doesnt matter
6995,affirm,yes
6996,affirm,yeah
6997,affirm,right
6998,inform,south
6999,affirm,yes
7000,reqalts,what else
7001,request,the phone number
7002,thankyou,thank you good bye
7003,inform,im looking for a moderately priced restaurant in the west part of town
7004,inform,doesnt matter
7005,affirm,yes
7006,thankyou,thank you good bye
7007,inform,thai
7009,inform,any
7010,request,may i have the address and post code
7012,thankyou,thank you good bye
7013,inform,im looking for a
7015,inform,chinese
7016,inform,i dont care
7017,request,address
7018,request,phone number
7019,thankyou,thank you good bye
7020,inform,im looking for an expensive restaurant
7021,inform,i dont care
7023,request,what is the address and phone number
7024,thankyou,thank you good bye
7025,null,sil
7026,inform,turkish
7027,inform,i dont care
7028,inform,moderately priced
7029,request,what is the phone number and address
7030,thankyou,thank you good bye
7031,inform,moderate restaurant
7032,inform,any
7033,inform,south
7034,inform,south
7035,reqalts,anything else
7036,request,address
7037,request,phone number
7038,thankyou,thank you good bye
7039,inform,moderate price north part of town
7040,inform,it doesnt matter
7041,affirm,yes
7042,reqalts,anything else
7043,reqalts,anything else
7044,request,phone number
7045,request,phone number
7046,request,post code
7047,thankyou,thank you good bye
7048,null,sil
7049,inform,anything
7050,affirm,yes
7051,inform,south
7052,inform,expensive
7054,request,and the post code
7055,thankyou,thank you good bye
7056,inform,restaurant
7057,inform,any
7058,inform,center
7059,inform,spanish food
7060,inform,any
7061,request,address
7062,request,address
7063,request,phone number
7064,request,post code
7065,thankyou,thank you good bye
7066,null,unintelligible
7067,inform,moderately priced restaurant in the south part of town
7068,inform,any kind of food
7070,request,can i have the address please
7071,thankyou,thank you good bye
7072,null,unintelligible
7073,inform,french
7074,inform,french
7075,inform,french
7076,inform,dont care
7077,inform,french food
7078,inform,french food
7079,thankyou,thank you good bye
7080,inform,looking for a cheap restaurant in the east part of town
7081,request,can i have the phone number
7082,thankyou,thank you good bye
7083,inform,polish food
7086,affirm,correct
7087,affirm,yes
7088,inform,dont care
7089,inform,doesnt matter
7090,inform,doesnt matter
7091,inform,dont care
7092,request,address
7094,request,what is there phone number
7095,thankyou,thank you good bye
7096,inform,moderately priced restaurant in the west part of town
7097,inform,gastropub
7098,inform,italian
7099,inform,italian
7100,request,phone number
7102,thankyou,thank you good bye
7103,inform,dont care
7106,thankyou,thank you good bye
7108,inform,im looking for singaporean food
7111,inform,im looking for a restaurant serving chinese food
7113,request,whats the postcode
7114,thankyou,thank you goodbye
7115,null,id like to find
7116,inform,mexican food
7117,request,what is the price range
7118,inform,id like to find a cheap restaurant serving mexican
7119,reqalts,how about vietnamese
7121,request,what is the food type
7123,thankyou,thank you good bye
7125,inform,i dont care
7129,thankyou,thank you and good bye
7130,inform,im looking for a moderately priced restaurant serving basque food
7132,reqalts,what about british food
7134,thankyou,thank you good bye
7135,null,sigh
7136,inform,danish
7137,inform,danish
7138,inform,international
7139,inform,any area
7140,inform,i dont care
7141,null,sil
7143,request,no thats post code
7144,thankyou,thank you good bye
7145,inform,any type of food
7146,affirm,yes
7148,thankyou,thank you good bye
7149,inform,i dont care
7151,thankyou,thank you good bye
7153,inform,dont care
7154,inform,afghan
7155,inform,afghan
7156,inform,chinese
7157,inform,afghan
7158,inform,dont care
7159,affirm,yes
7160,request,phone number
7161,request,phone number
7162,reqalts,another
7163,inform,afghan food
7164,inform,dont care
7165,request,phone number
7166,request,phone number
7168,inform,afghan food
7169,inform,dont care want afghan food afghan food afghan
7170,thankyou,thank you good bye
7171,inform,danish food
7172,inform,find me a restaurant serving italian food
7173,affirm,yes
7174,affirm,correct
7175,inform,any of those things
7176,inform,im looking for italian food though
7177,reqalts,how about italian food
7178,request,can i have the phone number
7180,thankyou,thank you good bye
7181,inform,i want to find a restaurant in the we
7182,inform,with malaysian food
7183,inform,malaysian food
7184,inform,malaysian food
7186,inform,thai
7188,request,where is it
7189,request,where is it
7190,null,whats the ph
7192,thankyou,thank you goodbye
7194,inform,i dont care
7196,request,what is the address and phone number
7197,thankyou,thank you goodbye
7198,inform,im looking for an expensive restaurant serving international food
7199,reqalts,how about british type of food
7200,reqalts,how about british type of food
7201,reqalts,how about british type of food
7202,inform,center area
7203,request,may i have the phone number
7204,thankyou,thank you goodbye
7205,inform,im looking for an expensive restaurant
7206,inform,vietnamese
7208,request,and whats their post code
7211,inform,north american food
7212,request,and whats their post code
7213,thankyou,thank you good bye
7214,inform,im looking for a restaurant that serves vegetarian food
7216,affirm,yes
7217,request,could i have the address
7218,thankyou,thank you good bye
7219,inform,i would like an expensive restaurant
7220,inform,venesian
7221,reqalts,how about asian oriental
7224,inform,doesnt matter
7225,inform,center
7226,affirm,yes
7228,request,what is the area
7229,thankyou,thank you good bye
7230,inform,id like a cheap restaurant in the west part of town
7231,inform,i dont care
7232,reqalts,anything else
7233,request,could i have the address and phone number please
7234,thankyou,thank you good bye
7235,inform,cheap restaurant in the south part of town
7236,inform,dont care
7238,request,what is the address and phone number
7239,thankyou,thank you good bye
7240,inform,im looking for a cheap restaurant in the north part of town
7243,thankyou,thank you good bye
7244,inform,basque food
7245,inform,basque food
7246,inform,basque food
7247,inform,any
7248,affirm,yes
7249,inform,doesnt matter
7250,inform,any
7251,request,address and phone number
7252,thankyou,thank you good bye
7253,inform,i am searching for a restaurant in the center that serves
7254,inform,barbecue food
7257,inform,i dont care
7258,confirm,is there a modern european
7259,inform,restaurant
7260,inform,i dont care
7261,inform,i dont care
7262,inform,i dont care
7263,inform,dont care
7265,reqalts,is there a restaurant serving modern european food
7266,reqalts,is there a restaurant serving modern european food
7267,inform,cheap
7268,request,what is its address
7269,confirm,is it in the center
7270,thankyou,thank you good bye
7271,inform,i need a cheap restaurant that serves christmas food
7273,inform,indian food
7276,inform,i dont care
7277,thankyou,thank you good bye
7280,affirm,yes
7281,affirm,yes
7282,affirm,yes
7285,thankyou,thank you good bye
7286,inform,steak house food
7287,inform,steak house
7288,inform,british food
7289,affirm,yes
7290,inform,north
7291,inform,north
7292,thankyou,thank you good bye
7294,inform,cantonese food
7296,inform,i dont care
7297,request,phone number
7298,request,phone number
7299,thankyou,thank you good bye
7300,inform,im looking for a moderately priced restaurant
7301,inform,british
7302,inform,i dont care
7303,request,what area is it in
7304,request,whats the address
7306,thankyou,thank you good bye
7307,inform,im looking for a moderately priced restaurant in the
7308,inform,i dont care
7309,request,what is the address and phone number
7310,thankyou,thank you good bye
7311,inform,im looking for a restaurant in the north part of town and it should serve indo
7312,reqalts,how about italian food
7313,reqalts,how about italian food
7314,inform,im looking for a restaurant in the north part of town serving italian food
7315,affirm,yes
7317,request,and the phone number
7318,thankyou,thank you goodbye
7319,inform,id like a restaurant in the center with russian food
7321,inform,in the center
7322,affirm,yes
7323,inform,i dont care
7324,request,address
7325,request,may i have the phone number
7326,thankyou,thank you good bye
7327,inform,turkish food
7328,inform,turkish
7329,inform,south
7330,inform,north
7331,inform,north
7332,inform,center
7333,inform,center
7334,affirm,yes
7335,inform,moderate
7336,request,address
7337,thankyou,thank you goodbye
7338,inform,im looking for an expensive restaurant that serves
7339,inform,scottish food
7342,affirm,right
7343,affirm,right
7344,inform,it doesnt matter
7345,affirm,right
7346,request,may i have the phone number
7347,thankyou,thank you good bye
7348,inform,cheap
7349,inform,any
7350,inform,north
7351,inform,north
7352,inform,north
7353,request,phone number
7354,request,phone number
7358,thankyou,thank you good bye
7359,inform,expensive
7360,inform,french noise
7361,negate,no french food
7362,affirm,yes
7363,null,nt care
7364,inform,dont care
7365,reqalts,anything else
7366,request,address
7367,request,address
7368,request,phone number
7369,thankyou,thank you goodbye
7370,inform,im searching for a restaurant in the south part of town that serves
7371,inform,british food
7372,confirm,is there a chinese
7373,inform,restaurant
7374,affirm,correct
7375,inform,moderate
7376,inform,is there one in the cheap price range
7378,request,what is its address
7379,thankyou,thank you good bye
7380,inform,expensive restaurant
7381,inform,south
7382,affirm,yes
7383,inform,south
7384,inform,south part
7385,inform,south
7386,inform,expensive
7387,request,can i have the phone number
7388,request,and the address
7389,thankyou,thank you good bye
7390,inform,looking for a restaurant in any area
7391,inform,serving lebanese food
7392,request,whats the phone number and address
7393,thankyou,thank you good bye
7394,inform,can i have a cheap restaurant
7395,inform,it doesnt matter
7396,affirm,right
7397,inform,the east
7398,request,can i have the phone number
7399,request,and can i have the post code
7400,thankyou,thank you good bye
7401,inform,any
7402,request,whats the address
7403,request,and the post code
7404,thankyou,thank you good bye
7405,inform,i dont care
7406,request,phone number
7408,request,whats the address
7409,thankyou,thank you good bye
7410,null,cough
7411,inform,south
7412,affirm,yes
7413,affirm,yes
7414,inform,south
7415,inform,south
7416,inform,south
7417,affirm,yes
7418,inform,moderate
7419,request,address
7420,reqalts,anything else
7421,request,post code
7422,thankyou,thank you good bye
7423,null,uh i want to find
7424,inform,unintelligible food
7425,request,may i have the address phone
7426,request,may i have the phone number and post code
7427,thankyou,thank you good bye
7428,inform,looking for cheap eritrean food
7430,reqalts,how about italian food
7431,inform,italian food
7432,inform,italian food
7433,inform,i dont care
7434,request,whats the address
7436,thankyou,okay thank you good bye
7437,null,noise
7439,null,noise
7440,inform,expensive
7441,inform,romanian
7443,inform,expensive romanian
7445,inform,expensive korean food
7446,affirm,yes
7447,request,address
7448,request,area
7449,request,area
7450,thankyou,thank you good bye
7451,inform,looking for a restaurant in the north part of town that serves swedish food
7452,reqalts,how about italian food
7453,reqalts,how about italian food
7455,request,and phone number
7456,thankyou,thank you good bye
7457,inform,im looking for a cheap restaurant in the north part of town
7458,inform,swedish food
7461,inform,indian food
7462,affirm,yes
7463,inform,i dont care
7464,request,price range
7465,thankyou,thank you good bye
7467,affirm,yes
7468,affirm,yes
7469,negate,no
7470,inform,christmas
7471,inform,christmas food
7475,request,address
7476,request,address
7477,request,price range
7478,thankyou,thank you good bye
7479,null,noise
7480,inform,north part of town
7481,inform,moderately priced
7482,inform,doesnt matter
7483,affirm,yes
7484,inform,north
7485,null,noise
7486,request,phone number
7487,request,phone number
7488,thankyou,thank you good bye
7489,null,um
7490,inform,spanish food
7491,negate,no
7492,inform,spanish
7493,null,unintelligible
7494,inform,spanish
7495,inform,spanish
7496,inform,spanish
7497,negate,no
7498,inform,spanish
7499,inform,spanish
7500,inform,spanish
7501,inform,spanish
7502,affirm,yes
7504,inform,spanish
7506,request,address
7507,thankyou,thank you thank you
7508,thankyou,thank you goodbye
7509,inform,korean
7510,inform,korean
7511,request,what is the address
7512,request,phone number
7513,thankyou,thank you good bye
7514,inform,im looking for an expensive restaurant that serves australian food
7516,reqalts,how about british type of food
7517,reqalts,how about british type of food
7518,inform,it doesnt matter
7520,thankyou,thank you good bye
7521,inform,austria asian restaurant in the center of town
7522,reqalts,how about international food
7523,affirm,yes
7524,inform,i dont care
7526,request,and whats the price range
7527,thankyou,thank you good bye
7528,null,unintelligible
7529,inform,australasian food
7530,inform,turkish food
7531,inform,i dont care
7532,inform,i dont care
7533,request,may i have the address and postcode
7534,thankyou,thank you goodbye
7535,inform,spanish food
7536,inform,i dont care
7537,affirm,yes
7538,inform,cheap
7539,request,address
7540,request,post code
7541,thankyou,thank you good bye
7543,inform,i dont care
7544,request,can i get their phone number
7545,request,and what is their post code
7546,thankyou,thank you good bye
7547,inform,id like a restaurant in any area that serves
7549,inform,vietnamese
7550,request,what is the address and phone number
7551,request,what is the address
7552,thankyou,thank you good bye
7553,inform,i want a moderately priced cantonese restaurant
7554,reqalts,how about chinese food
7555,affirm,yes
7556,inform,uh i dont care
7558,thankyou,thank you good bye
7561,affirm,yes
7562,request,phone number
7564,request,address
7565,thankyou,thank you good bye
7566,affirm,yes
7567,null,um how about
7568,inform,italian food
7569,inform,um west side
7570,inform,west
7571,affirm,yes
7572,inform,i dont care
7574,thankyou,thank you good bye
7575,inform,expensive restaurant romanian food
7576,reqalts,how about korean food
7577,reqalts,how about korean food
7578,request,address
7579,request,what area
7580,thankyou,thank you good bye
7581,inform,looking for a moderately priced restaurant in the east
7583,affirm,yes
7585,thankyou,okay thank you good bye
7586,affirm,uh yes i would like a restaurant in the center and it should serve jamaica
7587,affirm,yes
7588,reqalts,okay how about modern european food
7589,inform,uh the center
7591,inform,center
7593,request,okay and can i get their address
7594,ack,okay um
7596,inform,south part of town
7597,affirm,right
7598,affirm,yes
7599,affirm,yes
7600,affirm,yes
7601,inform,south
7602,inform,south
7603,request,address
7604,request,address
7605,request,phone number
7606,thankyou,thank you good bye
7608,inform,west
7609,inform,british food
7610,inform,british food
7611,affirm,yes
7612,inform,any range
7613,request,address
7614,request,address
7615,request,phone number
7616,request,price range
7617,thankyou,thank you good bye
7618,negate,no
7619,negate,no
7620,inform,vietnamese
7621,inform,im looking for a
7623,inform,uh cheap restaurant
7624,inform,i dont care
7625,inform,south
7627,inform,south part
7629,inform,south part
7631,reqalts,next
7632,reqalts,next
7633,reqalts,next
7634,null,unintelligible
7635,request,address
7636,request,post code
7637,thankyou,okay thank you good bye
7638,inform,im looking for expensive welsh food
7639,affirm,yes
7640,inform,korean food
7641,inform,korean
7642,request,what area
7643,request,what area of town
7644,request,the address
7645,thankyou,thank you good bye
7646,inform,doesnt matter
7647,inform,i dont care
7648,request,phone number
7650,request,what is the post code
7651,thankyou,thank you good bye
7652,inform,im looking for a moderately priced restaurant in the north
7653,inform,i dont care
7654,request,what is the address
7655,thankyou,thank you good bye
7657,reqalts,what about korean
7658,reqalts,what about korean food
7659,affirm,yes
7661,thankyou,thank you good bye
7662,inform,uh doesnt matter
7663,null,okay
7664,request,what type of food does it serve
7665,request,okay and can i get the address
7666,request,and the phone number
7667,confirm,and is this a moderately priced restaurant
7669,null,and the one before
7671,request,okay and can i get the address
7672,request,and the phone number
7673,request,and what kind of food does it serve
7675,inform,im looking for a moderate priced restaurant that serves kosher food
7676,reqalts,how about asian oriental
7677,reqalts,how about asian oriental
7678,inform,im looking for a moderately priced restaurant that serves asian
7680,request,what is the address and phone number
7681,thankyou,thank you good bye
7682,null,cough
7683,inform,danish food in the center of town
7684,reqalts,how about thai food
7685,inform,a restaurant serving thai food
7686,inform,i need thai food
7687,request,can i have the address and phone number
7688,request,phone number
7689,thankyou,thank you good bye
7691,inform,north
7692,inform,anything
7693,reqalts,anything else
7694,request,phone number
7695,thankyou,thank you good bye
7696,inform,i dont care
7697,inform,moderately priced
7698,request,okay whats the address
7699,thankyou,thank you good bye
7700,inform,the north part of town
7701,inform,any
7702,inform,cheap
7703,request,phone number
7704,request,phone number
7706,affirm,yes
7707,inform,west
7708,inform,west
7709,inform,center
7710,inform,center
7711,inform,center
7712,inform,dont care
7713,request,phone number
7714,request,phone number
7715,request,price range
7716,thankyou,thank you good bye
7717,inform,swedish food expensive
7718,inform,swedish
7719,inform,mediterranean
7720,inform,mediterranean
7721,inform,any
7722,request,address
7723,request,address
7724,request,phone number
7725,thankyou,thank you good bye
7726,inform,west
7727,request,phone number
7728,request,phone number
7729,request,phone number
7730,request,the address
7731,thankyou,thank you good bye
7732,inform,expensive
7733,inform,dont care
7734,inform,south
7736,request,what is the address and phone number
7737,thankyou,thank you good bye
7738,affirm,yes
7739,inform,if there is no such venue how about european type of food
7740,inform,if there is no such venue how about european type of
7741,inform,any type of area
7742,inform,center
7743,inform,center
7744,inform,center part of town
7745,inform,center
7746,affirm,yes
7747,affirm,yes
7748,request,can i have the address and the postcode
7749,thankyou,thank you goodbye
7750,inform,uh east
7751,inform,uh cheap restaurant
7754,request,do you have the post code
7755,thankyou,uh thank you good bye
7756,inform,i want a restaurant in the west part of town that serves venetian food
7759,affirm,yes
7762,request,what is the address
7765,inform,looking for austrian food in the center of town
7766,reqalts,how about turkish food
7767,inform,turkish food
7768,affirm,yes
7769,inform,i dont care
7771,request,what is the price range
7772,request,whats the address
7773,thankyou,thank you goodbye
7774,inform,im looking for cheap food in the north of town
7775,inform,i dont care
7777,request,the address and phone number
7778,request,phone number
7779,thankyou,thank you good bye
7780,inform,spanish food
7781,inform,spanish
7782,inform,spanish
7783,negate,no
7784,negate,no
7785,negate,no
7786,inform,dont care
7787,inform,dont care
7788,inform,spanish food
7789,thankyou,thank you good bye
7790,inform,looking for something moderately priced on the east side of town
7792,affirm,yes
7793,affirm,yes
7794,request,oh good whats the address
7796,thankyou,thank you good bye
7797,inform,i dont care
7798,request,could i have the uh address and post code please
7799,thankyou,thank you good bye
7801,inform,caribbean food
7804,negate,no caribbean
7805,null,uh
7806,inform,how bout italian foo
7807,affirm,yes
7809,inform,i dont care
7810,request,can i have the phone number
7811,inform,i dont care
7812,request,can i have the phone number
7813,request,can i have the phone nu
7814,thankyou,thank you goodbye
7816,inform,i dont care
7817,reqalts,is their anything else
7818,request,what is the address
7820,request,and what type of food do they serve
7821,thankyou,okay thank you good bye
7823,inform,dont care
7824,null,both
7826,inform,south part of town
7827,inform,expensive
7828,null,both
7829,inform,north
7830,request,address
7831,request,phone number
7832,request,telephone number
7833,request,the address
7834,request,telephone number
7836,thankyou,thank you good bye
7837,inform,i would like an expensive restaurant that serves
7838,inform,is their korean food
7839,affirm,yes
7840,request,what is the address
7841,null,unintelligible
7842,request,what is the area
7843,thankyou,thank you good bye
7844,inform,i would like a restaurant that serves gastropub food
7845,inform,gastropub food
7846,negate,no
7847,negate,no
7848,inform,i would like gastropub
7849,inform,gastropub
7850,affirm,yes
7851,inform,any area
7852,inform,any part of town
7853,request,what is the address and post code
7854,inform,im looking for a moderately priced restaurant in the south
7855,inform,any kind of food
7856,reqalts,anything else
7857,request,what is the address
7859,request,what type of food
7860,thankyou,okay thank you
7861,inform,yea id like a cheap restaurant in the north part of town
7862,inform,uh i dont care
7864,request,whats the address
7865,thankyou,thank you good bye
7866,null,noise
7868,inform,french
7869,reqalts,what about french food
7870,inform,french
7871,inform,okay im looking for a restaurant serving fre
7872,inform,french
7873,inform,north part of town
7874,negate,no
7875,negate,no okay thats fine what about french food
7876,inform,thai
7877,negate,no
7878,inform,noise french food
7879,negate,noise no im looking for a french restaurant
7880,inform,north
7881,null,noise
7882,inform,north
7883,inform,north
7884,request,can i have the phone number
7885,thankyou,thank you goodbye
7886,inform,dont care
7888,request,what is the address
7889,thankyou,thank you goodbye
7890,inform,african
7891,inform,african
7892,negate,no
7893,inform,african food
7894,request,address
7895,thankyou,thank you good bye
7897,inform,i dont care
7899,thankyou,thank you good bye
7900,inform,im looking for a restaurant in the north part of town
7902,reqalts,how about italian
7903,negate,no
7904,inform,im looking for a restaurant that serves italian
7905,affirm,yes
7906,request,what is the address
7908,affirm,uh yes can i have expensive restaurant that serves thai food
7910,inform,center
7911,request,uh can i get the address
7912,request,and the phone number
7914,inform,moderately priced restaurant
7915,inform,any
7916,affirm,yes
7917,inform,west
7918,inform,west
7919,inform,west
7920,request,address
7921,request,phone number
7922,thankyou,thank you good bye
7923,null,sil
7926,affirm,yes
7927,affirm,yes
7928,inform,south
7929,reqalts,anything else
7930,request,address
7931,request,phone number
7933,request,thats fine whats the address
7935,request,whats the post code
7936,thankyou,thank you good bye
7937,null,breathing
7938,inform,north part of town
7939,null,unintelligible
7940,null,unintelligible
7941,null,unintelligible
7942,null,unintelligible
7943,reqalts,anything else
7944,null,unintelligible
7945,null,unintelligible
7946,null,unintelligible
7947,thankyou,thank you good bye
7948,inform,expensive restaurant that serves lebanese food
7949,affirm,yes
7950,request,address phone number and area
7951,request,area of the venue
7952,thankyou,thank you good bye
7953,inform,i am looking for a moderately priced restaurant in the west part o
7954,inform,british
7956,request,phone number
7957,thankyou,thank you goodbye
7958,inform,im looking for a cheap restaurant serving pan as
7960,negate,no pan asian food
7961,negate,no
7962,inform,im looking for a restaurant
7963,inform,i dont care
7964,inform,im looking for a restaurant serving pan asian foo
7965,inform,im looking for a restaurant serving pan asian foo
7967,inform,im looking for a restaurant serving asian oriental food
7968,request,what is the phone number and addre
7972,inform,spanish
7973,inform,dont care
7974,inform,cheap
7975,request,what is the address
7976,request,what is the area
7977,thankyou,thank you good bye
7978,inform,moderately priced restaurant
7979,affirm,yes
7980,inform,south
7981,inform,south part of town
7982,inform,south
7983,request,where is it
7986,inform,its in the south
7987,request,oh where is it
7994,request,whats the address
7995,bye,alright thank you good bye
7996,inform,north
7997,inform,swedish
7998,inform,italian
7999,inform,italian
8000,inform,italian
8001,affirm,yes
8002,request,address
8003,request,address
8004,request,phone number
8005,thankyou,thank you good bye
8006,affirm,uh yes im looking for a restaurant that serves afghan food
8008,inform,afghan food
8009,inform,centre
8010,inform,uh the centre
8014,request,breath okay uh thats great how bout the address
8016,request,and whats the price range
8019,inform,any
8020,null,noise
8021,inform,any part of town
8022,inform,any price range
8024,reqalts,what is the other portuguese restaurant
8025,reqalts,is there another restaurant that serves portuguese food
8026,inform,can i have a different restaurant that serves portuguese food
8027,thankyou,thank you good bye
8028,inform,im looking for an expensive restaurant
8029,inform,um east part of town
8030,affirm,right
8031,affirm,right
8032,request,address
8033,request,phone number
8034,request,what type of food
8035,thankyou,thank you good bye
8036,inform,i dont care
8037,inform,i dont care
8038,request,may i have the phone number
8039,request,what area is it in
8040,thankyou,thank you good bye
8043,inform,im looking for a restaurant in the east part of town that serves chinese food
8045,request,whats the address
8046,request,what about the phone number
8047,request,and the post code
8048,thankyou,thank you good bye
8049,inform,isian food
8051,inform,dont care
8052,inform,dont care
8054,request,address
8055,request,address
8056,request,post code
8057,request,post code
8058,request,address
8059,thankyou,thank you good bye
8061,inform,any type of food
8062,inform,what about the other moderately priced restaurant in the south part
8063,request,could i get their phone number please
8064,thankyou,thank you good bye
8065,inform,im looking for an expensive restaurant that serves thai food
8066,inform,any
8067,inform,any
8069,request,whats the address
8070,request,and the phone number
8071,thankyou,thank you good bye
8073,request,whats the address
8074,request,the phone number
8075,thankyou,thank you goodbye
8076,inform,im looking for a restaurant in the west part of town that serves corsica food
8077,reqalts,how bout indian food
8078,inform,i dont care
8079,thankyou,thank you goodbye
8080,null,noise
8081,inform,korean food
8082,inform,south part of town
8083,inform,center part of town
8084,inform,center
8085,request,address
8086,request,address
8087,request,phone number
8088,thankyou,thank you good bye
8089,inform,im looking for a cheap restaurant in the north part of town
8090,inform,i dont care
8091,request,whats the address
8093,request,whats the post code
8094,thankyou,thank you good bye
8095,inform,moderately priced restaurant in east part
8096,inform,any
8097,request,phone number
8098,request,phone number
8099,thankyou,thank you good bye
8100,null,sil
8101,inform,a moderately priced fusion food
8102,affirm,yes
8103,inform,moderate
8104,inform,dont care
8105,null,thats fine
8106,request,id like to know the phone number
8107,thankyou,thank you good bye
8109,request,okay whats the phone number
8110,request,and whats the post code
8111,thankyou,thank you good bye
8112,inform,moderately priced north part of
8113,inform,dont care
8114,inform,moderately priced
8115,reqalts,anything else
8116,request,phone number
8117,request,phone number
8118,request,post code
8119,thankyou,thank you good bye
8120,inform,moderately priced
8121,inform,dont care
8122,inform,west
8123,request,what is the address
8124,thankyou,thank you good bye
8126,inform,moderately priced
8127,inform,moderate
8128,inform,any
8129,request,address
8130,thankyou,thank you good bye
8131,inform,im trying to find a moderately priced restaurant that serves swedish food
8132,reqalts,what about asian oriental
8134,affirm,yes
8135,affirm,yes
8136,request,what is the address and phone number
8137,thankyou,thank you good bye
8138,inform,im looking for a restaurant in the east part of town and it should serve
8139,inform,chinese
8140,request,whats the address
8141,repeat,repeat that
8142,request,whats the address
8143,thankyou,thank you good bye
8144,null,noise
8147,negate,no
8148,null,laughing
8150,thankyou,thank you good bye
8152,inform,it doesnt matter
8154,request,um whats the phone number
8155,thankyou,thank you goodbye
8156,inform,im looking for a moderately priced restaurant
8157,inform,north part of town
8158,inform,i dont care
8160,request,and phone number
8161,thankyou,thank you good bye
8162,inform,im looking for a restaurant in the east part of town that serves
8163,inform,british
8164,request,what is the address and phone number
8165,request,what is the price range
8166,thankyou,thank you good bye
8167,inform,cantonese food
8168,inform,cantonese
8169,inform,indian food
8170,inform,cheap
8171,request,what is the address
8172,request,what is the address
8173,request,phone number
8174,thankyou,thank you good bye
8175,inform,moderately priced in east part of town
8176,inform,any
8177,affirm,yes
8178,reqalts,anything else
8179,request,address
8180,request,phone number
8183,thankyou,thank you good bye
8184,hello,hi im looking for a moderately priced restaurant
8185,inform,i dont care
8186,reqalts,anything else
8187,request,what is the address of that venue
8188,thankyou,thank you good bye
8189,inform,restaurant in the north part of
8190,inform,canopus
8192,inform,asian oriental
8193,inform,asian oriental
8194,request,address
8195,request,phone number
8196,thankyou,thank you good bye
8197,inform,im looking for
8199,inform,i dont care
8200,inform,um i dont care
8201,request,whats the address
8203,thankyou,thank you good bye
8205,reqalts,how about chinese food
8207,inform,the north part of town
8208,inform,i dont care
8209,request,could i have the phone number
8210,thankyou,thank you good bye
8211,null,noise
8212,inform,korean food
8214,thankyou,thank you good bye
8215,inform,im looking for a restaurant in the center of town
8216,inform,korean food
8218,thankyou,thank you good bye
8219,reqalts,how about korean food
8220,reqalts,how about korean now
8222,request,what area is it in
8223,request,whats the address
8224,thankyou,thank you good bye
8225,affirm,uh yes can i find a cheap restaurant in the north part of town
8226,inform,uh italian
8227,affirm,yes
8229,null,okay uh what about the other
8230,null,okay
8231,request,okay let me have that address
8232,request,okay can i have the rest of the address for da vinci
8233,request,and the phone number okay
8235,inform,i want to find international food
8236,inform,im looking for international
8237,inform,any area
8238,inform,i want to find a restaurant in any area
8239,inform,i dont care
8240,affirm,yes
8241,inform,i dont care
8242,request,what is the address and phone number
8243,thankyou,thank you good bye
8244,inform,i would like portuguese food
8245,inform,the south
8246,request,what is the address
8247,thankyou,thank you good bye
8248,reqalts,okay is there a restaurant that serves thai food
8249,affirm,yes
8250,request,and can i have the address phone number and price range of the restaurant please
8251,request,okay whats the price range
8252,thankyou,thank you good bye
8253,inform,uh north
8254,inform,dont care
8255,inform,north
8256,inform,moderate
8257,request,phone number
8260,thankyou,thank you good bye
8261,inform,i would like to find a restaurant that serves halal food
8262,inform,halal
8263,confirm,is there a portugeuse food
8265,inform,any area
8266,inform,any price range
8268,request,and the address
8269,thankyou,thank you goodbye
8270,inform,cheap restaurant south part of town
8271,inform,italian
8272,inform,south
8273,inform,south
8274,inform,south part of town
8275,inform,south part of town
8276,null,um
8277,null,unintelligible
8278,inform,thai
8279,inform,i want to find a cheap restaurant in the south part of town
8280,reqalts,what about swedish
8281,reqalts,what about thai
8282,request,whats the address
8283,request,what about the phone number
8284,thankyou,thank you good bye
8285,inform,im looking for a cheap restaurant that serves brazilian
8286,reqalts,how about portuguese food
8287,affirm,yes
8288,inform,i dont care
8289,request,whats their address
8290,thankyou,thank you good bye
8291,inform,moderately priced
8292,inform,any
8293,negate,no
8294,inform,any
8295,inform,any
8296,inform,north
8297,inform,north
8298,inform,north
8299,inform,north
8300,negate,no
8301,negate,no
8302,inform,any
8303,inform,any
8304,inform,any
8305,inform,italian
8306,inform,chinese
8307,inform,moderately
8308,inform,moderately
8309,inform,moderately
8310,thankyou,thank you good bye
8312,reqalts,what about mediterranean
8313,inform,mediterranean food
8314,inform,mediterranean food
8316,request,whats the post code
8317,thankyou,thank you good bye
8318,null,noise
8319,null,noise
8321,inform,south part of town
8322,affirm,yes
8323,affirm,yeah
8324,thankyou,thank you good bye
8325,inform,looking for a modernity priced restaurant in the south part of town
8326,null,noise
8327,affirm,yes
8330,thankyou,thank you good bye
8331,inform,indian food
8333,negate,no
8336,null,noise
8337,inform,south
8338,inform,south
8339,inform,any
8340,inform,any
8341,null,unintelligible
8342,inform,any
8343,inform,indian food
8344,request,address
8345,request,address
8346,request,phone number
8347,thankyou,thank you good bye
8348,inform,spanish food
8349,inform,spanish
8350,inform,spanish
8351,inform,any area
8352,inform,any price range
8354,request,phone number
8355,request,phone number
8356,inform,mexican food
8357,request,the address and phone number
8358,thankyou,thank you good bye
8359,inform,i want a restaurant that serves portuguese food
8360,inform,dont care
8361,inform,dont care
8362,request,whats the address
8363,thankyou,thank you good bye
8364,inform,im looking for a restaurant in the north part of town
8368,inform,indian food
8369,affirm,yes
8370,inform,i dont care
8371,request,and the phone number
8372,request,and the price range
8373,thankyou,thank you goodbye
8374,inform,center
8375,inform,moderate
8376,request,address
8377,request,address
8378,request,phone number
8379,thankyou,thank you good bye
8380,inform,im looking for an expensive restaurant in the south part of town
8381,inform,i dont care
8382,request,phone number
8383,request,address
8384,thankyou,thank you good bye
8385,inform,cheap
8386,inform,barbecue
8389,inform,dont care
8390,request,what is the address
8391,thankyou,thank you good bye
8392,null,unintelligible
8394,inform,i dont care
8395,request,can i get the address
8396,request,the phone number
8397,request,a post code
8398,thankyou,thank you good bye
8399,inform,i want a moderately priced restaurant in the north part of town
8400,inform,it doesnt matter
8401,request,whats the address
8403,thankyou,thank you good bye
8404,inform,looking for portuguese food in the south part of town
8406,request,whats the address
8407,thankyou,thank you good bye
8408,inform,i want to find a expensive restaurant that serves mediterranean
8409,inform,mediterranean
8410,inform,i dont care
8411,request,what is the phone number and post code
8412,request,and the post code of the venue
8413,thankyou,thank you good bye
8414,null,unintelligible
8415,request,address
8417,inform,i want an expensive afghan restaurant
8418,inform,afghan food
8419,inform,uh european food
8420,inform,i dont care
8421,request,address
8422,request,whats the address
8424,request,what area
8425,thankyou,thank you good bye
8429,inform,mediterranean food
8430,inform,any area
8432,inform,i dont care
8433,request,what is the address phone number and post code
8435,thankyou,thank you goodbye
8436,hello,hi i would like an expensive restaurant in the east part
8437,inform,it doesnt matter
8438,request,can i have their address
8439,request,post the phone number
8440,request,and the post code
8441,thankyou,thank you good bye
8442,affirm,yes can i have an expensive restaurant in the east
8443,inform,doesnt matter
8444,affirm,yes
8445,null,unintelligible
8446,reqalts,anything else
8448,thankyou,thank you good bye
8449,inform,can i have a restaurant in the north
8450,inform,cuban
8452,reqalts,what about asian oriental food
8453,request,and whats the phone number
8454,thankyou,thank you good bye
8455,inform,south part of town
8456,inform,moderate price
8457,reqalts,anything else
8458,reqalts,anything else
8459,null,okay what was the first one
8461,request,phone number
8462,request,and the post code
8463,thankyou,thank you good bye
8465,inform,free food
8466,reqalts,how about italian food
8467,affirm,yes
8469,request,uh no price range whats the
8470,inform,moderate
8471,request,whats the phone number and post code
8473,thankyou,thank you good bye
8474,inform,uh moderately price
8475,null,unintelligible
8476,negate,no caribbean
8477,affirm,yes
8478,inform,any part
8479,affirm,yes
8480,request,phone number
8482,thankyou,thank you good bye
8483,inform,um a cheap restaurant in the west part of town
8484,inform,um any type
8485,affirm,yes
8486,inform,the west part
8487,null,sil
8489,request,let me get the address
8490,request,can i get the address
8491,request,and the phone number
8492,request,and what type of food
8493,thankyou,thank you good bye
8495,request,what is the phone number and address
8496,request,what is the address
8497,thankyou,thank you good bye
8499,inform,i dont care
8500,inform,i dont care
8504,request,what is the address and phone number
8505,thankyou,thank you good bye
8506,inform,west part of town
8507,inform,malaysian
8508,inform,thai
8509,affirm,yes
8510,request,address
8511,request,address
8512,request,phone number
8513,request,price range
8514,thankyou,thank you good bye
8515,null,sil
8516,inform,moderately priced
8517,affirm,yes
8518,null,noise
8519,null,noise
8521,null,noise
8522,request,address
8523,thankyou,thank you good bye
8524,inform,mediterranean
8525,inform,i dont care
8528,request,okay what is the address
8530,thankyou,thank you goodbye
8531,inform,i want a moderately priced restaurant in the south part of town
8532,inform,is doesnt matter
8533,request,can i have the address please
8534,request,and the phone number
8535,thankyou,thank you good bye
8537,reqalts,how about spanish
8538,inform,spanish
8539,request,address
8540,request,phone number
8541,request,post code
8542,thankyou,thank you good bye
8543,inform,im looking for a restaurant in the
8544,inform,korean
8545,affirm,in the center yes
8546,request,whats the address
8547,request,the phone number
8549,thankyou,thank you good bye
8550,null,noise
8551,null,noise
8552,null,noise
8553,negate,no not noise
8554,inform,looking for a restaurant noise in the east part of town
8555,inform,noise ease part of town east
8556,null,noise
8559,inform,irish food on the east part of town
8560,null,noise
8562,null,noise
8564,affirm,yes
8565,null,noise
8566,null,noise
8567,inform,any price range noise
8568,null,noise
8569,null,noise
8570,request,noise can i get the address and phone number
8571,null,noise
8572,null,noise
8573,request,and the address noise
8574,thankyou,thank you goodbye
8577,inform,north
8578,request,phone number
8579,request,address
8580,thankyou,thank you good bye
8581,inform,im looking for a restaurant in the center of town that serves
8582,inform,i dont care
8583,inform,i dont care
8584,inform,i dont care
8585,inform,im looking for a restaurant in the center of town that
8586,inform,modern euorpean
8587,request,whats the address
8588,thankyou,thank you good bye
8589,inform,i need a restaurant serving af
8590,null,sil
8591,inform,afghan
8592,inform,i dont care about price
8593,inform,i need a restaurant
8594,inform,i need a restaurant serving modern european food
8595,inform,i need a restaurant serving modern european food
8597,thankyou,thank you good bye
8598,null,sil
8599,inform,i would like to find a cheap restaurant in the south part of town
8601,thankyou,thank you good bye
8602,inform,i want to find a restaurant in the north part of town and it should serve
8604,request,what is the address
8605,request,and the telephone number
8606,request,and what is the price range
8607,thankyou,thank you good bye
8608,inform,im looking for a restaurant in the center serving russian food
8609,inform,im looking for portuguese food
8610,inform,iam looking for a restaurant that serves portuguese food
8611,request,what is the address phone number and price range
8612,request,what is the price range
8613,thankyou,thank you good bye
8614,inform,im looking for an expensive restaurant and it should serve unusual food
8615,reqalts,how about european food
8616,request,okay whats the address
8617,request,the phone number
8619,thankyou,thank you good bye
8620,null,unintelligible
8621,null,unintelligible
8622,inform,im looking for a cheap restaurant in the
8623,inform,im looking for a cheap restaurant in the south
8624,request,whats the address
8626,thankyou,thank you good bye
8627,inform,i want a cheap restaurant in the west part of town
8628,request,what is the address
8632,reqalts,is there another restaurant
8633,inform,i dont care
8637,reqalts,dont care is there anything else
8638,inform,i dont care
8640,inform,i dont care
8641,null,care
8642,inform,dont care
8643,inform,i dont care
8646,inform,i dont care
8647,inform,i dont care
8648,inform,dont care
8649,reqalts,is there another
8650,inform,dont care
8653,thankyou,thank you good
8654,inform,i am looking
8655,null,for a
8656,inform,i am looking for a moderately priced restaurant in the
8657,inform,i am looking for a moderately priced restaurant in the
8659,request,could i have the address and phone number please
8661,thankyou,thank you good bye
8662,inform,im looking for a cheap creative food restaurant
8663,reqalts,how about chinese food
8664,request,can i have the address and phone number
8665,thankyou,thank you good bye
8666,null,unintelligible
8667,inform,cheap
8668,inform,cheap
8669,request,address
8670,request,phone number
8671,thankyou,thank you good bye
8672,null,unintelligible
8673,inform,cantonese
8674,inform,north american
8675,request,address
8676,request,what is the address
8677,request,what is the address
8678,null,what is the
8679,request,phone number
8682,request,what is the address
8683,request,price range
8684,request,what is the price range
8685,thankyou,thank you good bye
8687,inform,english food
8688,reqalts,how about british
8689,request,phone number
8690,thankyou,thank you good bye
8691,request,what kind of food
8692,request,can i have the address please
8693,thankyou,thank you good bye
8695,request,what is the address
8697,request,what is the post code
8698,thankyou,thank you good bye
8700,request,phone number
8701,request,phone number
8702,inform,im looking for a pan asian food in the south of town
8703,inform,pan asian
8704,inform,pan asian
8706,request,whats the address and price range
8707,request,what is the price range
8708,thankyou,thank you good bye
8709,inform,im looking for an expensive restaurant serving vegetarian food
8710,inform,is there is no such venue that have asian oriental type of food
8712,request,can i have the area of the restaurant
8713,thankyou,thank you good bye
8714,inform,i want a moderately priced restaurant that serves
8715,inform,it doesnt matter
8716,inform,gastropub food
8718,request,what is the address
8720,request,what is the area
8721,thankyou,thank you goodbye
8722,inform,west part of town serving barbecue food
8723,reqalts,how about vietnamese
8726,thankyou,thank you good bye
8727,inform,looking for a moderately priced restaurant in the north of town
8728,request,what is the address and phone number
8729,thankyou,thank you good bye
8731,inform,west
8733,affirm,yes
8735,reqalts,what else
8736,request,what kind of food do they serve
8737,request,what is the address
8738,thankyou,thank you good bye
8739,inform,im looking for a restaurant in the north
8740,inform,i dont care
8741,inform,indian food
8742,request,phone number
8744,request,address
8745,thankyou,thank you good bye
8746,inform,that serves cuban food
8747,reqalts,how about european food
8748,request,may i have the phone number and post code
8749,thankyou,thank you good bye
8750,inform,north part of town
8751,inform,north
8752,inform,cheap
8753,request,phone number
8754,request,phone number
8757,thankyou,thank you good bye
8758,inform,id like a restaurant in the east part of town that serves
8759,inform,unintelligible food
8760,inform,is there an indian restaurant the east of town
8761,thankyou,could i or um thank you goodbye
8762,null,noise
8763,null,noise
8765,confirm,is there a gastropub
8766,request,whats their address
8767,request,and their phone number
8768,thankyou,thank you good bye
8770,request,whats the address
8771,request,and what area is it in
8772,bye,ok thank you goodbye
8773,inform,i need a restaurant that serves
8774,reqalts,how about korean food
8775,request,whats the address
8777,thankyou,thank you good bye
8778,inform,im looking for a restaurant in the east part of town that serves australian
8779,inform,moderate
8780,inform,australian food
8781,inform,indian food
8782,request,what is the address
8784,thankyou,thank you good bye
8785,confirm,uh is there a korean restaurant in the center of town
8786,request,what is the address and phone number
8787,request,and the telephone number
8788,request,and the address
8789,thankyou,thank you good bye
8790,inform,expensive
8791,inform,expensive
8792,request,phone number
8793,request,phone number
8794,thankyou,thank you good bye
8795,inform,id like a restaurant in the west part of town that serves danish
8796,request,could i have the address phone number and price range please
8797,thankyou,thank you good bye
8798,hello,hello and welcome to the cambridge
8799,inform,moderately priced swedish food
8800,reqalts,how about asian oriental
8802,request,could i have the address and phone number
8803,request,phone number
8804,thankyou,thank you good bye
8805,inform,i want a scandinavian restaurant thats expensive
8806,reqalts,how about a turkish restaurant
8807,request,whats the address
8808,thankyou,thank you good bye
8809,affirm,uh yes can i find a cheap restaurant in the north part of town
8810,request,and can i have the address
8811,request,and the post code
8812,request,and the phone number
8815,reqalts,anything else
8818,reqalts,anything else
8820,reqalts,i dont care is there anything else
8821,request,what is the address
8822,thankyou,thank you good bye
8823,inform,im looking for a moderately priced restaurant
8824,request,whats the address
8826,thankyou,thank you good bye
8827,inform,im looking for an expensive restaurant in the south part of town
8828,inform,any
8831,request,and the phone number
8832,thankyou,thank you good bye
8834,reqalts,how about thai food
8835,negate,no what about thai food
8836,inform,i dont care
8837,confirm,is it in the west part of town
8838,inform,i want a restaurant in the west part of town serving thai food
8842,request,and what is the price range
8843,thankyou,thank you good bye
8844,inform,looking for romanian food in the center of town
8846,request,ts the phone number
8847,request,and whats the postcode
8848,thankyou,thank you goodbye
8849,inform,west
8850,inform,moderate
8851,request,phone number
8852,request,phone number
8853,inform,i need a moderately priced restaurant in the south
8857,reqalts,give me another one
8859,request,okay whats its address
8861,request,and what type of food do they serve at pizza hutt
8862,bye,kay thank you good bye
8863,inform,im looking for canapes food in any price range
8865,inform,food an
8866,inform,any any part of town
8868,thankyou,thank you good bye
8870,inform,expensive restaurant
8871,inform,any
8872,request,and whats the address
8873,request,and the phone number
8874,thankyou,thank you good bye
8875,inform,south part of town
8876,inform,swedish food
8878,null,opean
8880,request,could i have the address
8881,request,could i have the phone number
8882,thankyou,thank you good bye
8883,inform,i want to find a moderately priced restaurant in the east part of town
8884,request,okay what is the address
8885,thankyou,thank you good bye
8886,inform,i want a malaysian restaurant
8887,request,whats the address phone number and post code
8888,request,whats the post code
8889,thankyou,thank you good bye
8890,inform,looking for a moderately priced restaurant in the west part of town
8891,request,whats the address
8892,request,and whats the phone number
8893,thankyou,thank you good bye
8894,null,unintelligible
8895,inform,cheap
8896,inform,north
8897,reqalts,anything else
8898,request,what is the address
8899,request,phone number
8900,request,post code
8901,thankyou,thank you good bye
8903,confirm,does it serve endonesian
8904,request,can i have the phone number please
8905,request,can i have the phone number please
8906,thankyou,thank you good bye
8907,inform,im looking for uh restaurant serving caribbean food
8908,reqalts,okay and what about spanish
8909,confirm,okay is it moderately priced
8910,request,okay whats the address
8911,null,unintelligible
8912,request,whats the post code
8913,request,okay whats the phone number
8917,request,and what type of food
8918,thankyou,thank you goodbye
8919,inform,any price range
8920,inform,lebanese
8922,request,and the phone number
8923,thankyou,thank you good bye
8924,inform,im looking for an expensive restaurant in the east part of t
8927,request,what is the address
8928,request,and the phone number
8929,thankyou,thank you goodbye
8930,request,what is the phone number and address
8931,thankyou,thank you good bye
8932,null,noise
8934,inform,center part of town
8935,request,phone number
8936,request,price range
8937,request,phone number
8938,thankyou,thank you good bye
8939,inform,im looking for a cheap restaurant that serves tuscan food
8940,inform,im looking for a cheap restaurant that serves italian food
8941,inform,any part of town
8943,thankyou,thank you good bye
8944,inform,british
8945,inform,dont care west part of town
8946,thankyou,thank you good bye
8947,inform,im looking for an expensive restaurant in the east
8948,inform,i dont care
8951,request,whats the address
8952,thankyou,thank you good bye
8954,inform,any
8955,inform,fusion food
8956,inform,fusion food
8957,negate,no thank you
8958,deny,not european fusion
8960,request,whats the address
8961,request,phone number
8962,request,and the price range
8963,thankyou,thank you good bye
8964,inform,looking for a cheap restaurant in the east part of town
8965,request,whats the address
8966,request,and the phone number
8967,thankyou,thank you good bye
8968,inform,uh african food
8969,request,okay and uh whats the address
8970,bye,uh thank you and good bye
8972,request,phone number
8973,thankyou,thank you good bye
8974,null,noise
8975,null,noise
8976,null,noise
8977,null,noise
8979,bye,goodbye
8981,inform,center
8982,null,unintelligible
8986,inform,north
8987,inform,down town
8988,inform,west
8990,inform,center
8991,inform,south
8993,inform,west
8994,inform,center
8995,inform,moderate
8996,inform,north
8997,thankyou,thank you goodbye
8998,inform,im looking for a restaurant that serves
8999,inform,i dont care
9000,reqalts,how about european food
9002,request,their phone number
9003,thankyou,thank you good bye
9005,inform,any price range
9006,null,unintelligible
9007,request,what kind of food does it serve
9008,reqalts,how about cantonese food
9009,reqalts,how about cantonates food
9010,reqalts,how about cantonese food
9011,reqalts,how about chinese food
9012,request,what is the address and post code
9014,thankyou,thank you good bye
9015,inform,turkish
9016,inform,turkish food
9017,request,price range
9018,reqalts,anything else
9019,reqalts,anything else
9020,reqalts,anything else
9021,reqalts,anything else
9022,reqalts,anything else
9023,request,address
9024,inform,anything
9025,thankyou,thank you good bye
9026,inform,italian food
9027,request,phone number
9028,request,phone number
9029,request,phone number
9030,request,phone number
9031,request,phone number
9032,inform,italian food
9033,request,phone number
9034,request,phone number
9035,request,phone number
9036,thankyou,thank you good bye
9038,inform,doesnt matter thai food
9039,affirm,yes
9042,thankyou,thank you good bye
9043,inform,im looking for a moderately priced restaurant that serves international
9044,request,whats the address
9045,request,and the phone number
9046,request,whats the post code
9047,thankyou,thank you good bye
9048,null,sil
9049,inform,expensive
9050,inform,english food
9051,inform,italian food
9052,inform,i dont care
9053,request,what is the address and phone number
9054,thankyou,thank you good bye
9055,inform,i want a moderately priced restaurant in the west part of town
9056,request,whats the phone number and address
9057,request,whats the address
9058,request,what is the address
9059,thankyou,thank you good bye
9060,inform,i am looking for a cheap restaurant and it should serve seafood
9061,inform,seafood
9062,request,whats the address
9063,request,phone number
9064,thankyou,thank you good bye
9066,inform,it doesnt matter
9067,reqalts,do you have anything else
9068,request,okay can you give me the address there
9069,request,how about the post code
9070,thankyou,okay thank you good bye
9071,null,noise
9072,inform,i dont care
9073,inform,caribbean food
9075,request,whats their address
9076,request,and their phone number
9077,request,and their post code
9078,thankyou,thank you good bye
9079,inform,spensive
9080,inform,expensive
9081,inform,asian
9082,request,phone number
9084,thankyou,thank you goodbye
9086,inform,kosher
9088,request,phone number
9089,thankyou,thank you good bye
9090,hello,hi im looking for a cheap restaurant with lebanese food
9091,inform,lebanese
9092,inform,uh can i find a restaurant with asian oriental food
9093,request,can i have the phone number
9094,thankyou,thank you good bye
9095,inform,expensive restaurant
9096,inform,dont care
9097,request,address
9098,request,price range
9099,thankyou,thank you good bye
9101,request,can i have the phone number please
9102,request,whats the address
9104,thankyou,thank you good bye
9105,inform,im looking for a restaurant that serves polynesian food
9106,reqalts,how about korean food
9107,inform,korean food
9108,request,and the price range
9109,thankyou,thank you good bye
9110,inform,cheap restaurant in the north part of town
9112,reqalts,anything else
9113,reqalts,what else
9114,reqalts,anything else
9115,request,address
9116,request,phone number
9117,thankyou,thank you good bye
9119,inform,can i have an asian oriental restaurant in the
9120,request,can i have the address please
9121,request,can i have the phone number
9122,thankyou,thank you good bye
9124,null,in the ea
9125,inform,i dont care
9126,confirm,is it expensive
9128,reqalts,do you have anything else
9130,thankyou,thank you goodbye
9131,inform,restaurant in the south part of town
9132,null,serves
9133,inform,swedish food
9135,request,phone number
9136,thankyou,thank you good bye
9137,inform,moderately priced
9138,inform,any
9139,inform,west
9140,request,whats the address
9141,request,address
9142,thankyou,thank you good bye
9143,null,noise
9144,inform,i dont care
9145,inform,im looking for a restaurant serving french food
9147,request,can i have the address and post code
9148,thankyou,thank you good bye
9149,inform,doesnt matter
9150,inform,any
9151,request,can i have the address and phone number please
9152,request,can i have the phone number
9153,thankyou,thank you good bye
9154,inform,a moderately priced restaurant in the
9156,reqalts,anything else
9157,affirm,yes
9158,reqalts,anything else
9159,request,can i get the address
9160,thankyou,thank you good bye
9161,inform,expensive turk turkish
9162,request,whats the address
9163,thankyou,thank you goodbye
9165,request,whats the address
9167,thankyou,thank you good bye
9168,inform,im looking for english food in the west part of town
9171,thankyou,thank you good bye
9173,inform,west
9174,inform,dont care
9175,request,address
9176,request,phone number
9177,thankyou,thank you good bye
9179,inform,moderate price
9180,inform,russian food
9183,thankyou,thank you good bye
9185,request,what type of food does the missing sock serve
9187,thankyou,thank you good bye
9188,request,address
9189,request,phone number
9192,thankyou,thank you good bye
9193,inform,im looking for a moderately priced restaurant that serves bistro
9194,inform,bistro
9195,inform,bistro
9196,request,what is the address
9197,request,what type of food
9199,thankyou,thank you good bye
9200,inform,expensive restaurant in the south part of town
9201,inform,anything
9202,reqalts,anything else
9203,inform,that serves restaurant in south part of town
9204,request,may i have the address
9205,request,phone number
9206,thankyou,thank you good bye
9207,inform,id like a restaurant in the south part of town that serves
9209,request,what is the phone number and address
9210,request,what is the address
9211,null,unintelligible
9212,inform,cheap restaurant gastropub food
9213,inform,doesnt matter
9214,inform,gastropub
9215,inform,cheap gastropub
9217,inform,gastropub food
9219,inform,cheap restaurant gastropub
9221,inform,gastropub
9222,inform,gastropub food
9223,inform,gastropub food
9224,inform,gastropub
9225,thankyou,thank you good bye
9226,inform,south
9227,request,address
9229,thankyou,thank you good bye
9233,reqalts,how about asian oriental type of food
9236,request,what price range is this venue
9237,request,price range
9240,thankyou,thank you good bye
9241,inform,im looking for a cheap restaurant in the east part of town
9243,thankyou,thank you good bye
9245,request,address
9246,thankyou,thank you good bye
9247,affirm,ye
9248,inform,i want a cheap restaurant in the north
9249,affirm,yes
9250,inform,in the north part of town
9251,inform,i want a restaurant in the north part of town
9253,reqalts,anything else
9255,request,what is the address phone number
9256,request,what is the address
9257,request,what is the address
9260,request,what type of food does it serve
9261,thankyou,thank you goodbye
9262,thankyou,thank you goodbye
9263,inform,im looking for a restaurant in any area serving african food
9264,request,phone number
9265,negate,no
9266,thankyou,thank you goodbye
9267,inform,steakhouse
9268,inform,steakhouse
9269,inform,thai
9271,request,phone number
9272,request,price range
9273,thankyou,thank you good bye
9275,inform,modern european
9276,inform,moderate
9277,inform,south part of town
9278,request,address
9279,null,noise
9280,null,noise
9281,request,address
9282,request,phone number
9283,thankyou,thank you good bye
9284,inform,i want a cheap restaurant in the south part of town
9285,request,whats the address
9286,thankyou,thank you goodbye
9287,inform,im looking for a moderately priced restaurant that serves
9288,inform,any
9289,inform,tuscan food
9290,reqalts,how about european food
9291,request,whats the address
9292,request,whats the post code
9293,thankyou,thank you good bye
9294,inform,moderately priced
9295,inform,any
9297,inform,west part of town
9298,request,what is the address
9299,request,phone number
9300,thankyou,thank you good bye
9301,inform,im looking for a cheap restaurant in the south part of town
9302,request,whats the phone number and address
9303,request,whats your address
9304,thankyou,thank you good bye
9306,inform,i dont care
9307,inform,english food
9308,reqalts,uh how about italian food
9309,inform,italian food
9310,inform,italian food
9311,inform,italian food
9312,request,uh can i get the phone number
9313,thankyou,thank you good bye
9314,inform,im looking for a restaurant in any area that serves tuscan food
9315,null,is there
9316,inform,i am looking for asian oriental type food
9317,inform,dont care
9318,request,what is the phone number and address
9319,request,what is the address
9320,thankyou,thank you good bye
9321,inform,im looking for a restaurant in the west part of town that serves
9322,inform,halal
9323,reqalts,uh what about indian food
9324,request,uh could you give me the address and telephone number
9325,request,and the telephone number
9326,thankyou,thank you good bye
9327,inform,north part of town
9328,inform,vegetarian
9329,inform,asian oriental
9330,request,address
9331,request,phone number
9332,thankyou,thank you good bye
9333,inform,moderate
9334,inform,moderate
9335,inform,any
9336,reqalts,anything else
9337,request,phone number
9338,request,phone number
9339,request,phone number
9340,thankyou,thank you goodbye
9341,null,unintelligible
9342,null,unintelligible
9343,null,unintelligible
9344,inform,greek food
9345,inform,id like to find a restaurant in the north part of town and it should serve greek food
9346,null,unintelligible
9347,null,unintelligible
9348,null,unintelligible
9349,null,unintelligible
9351,null,unintelligible
9352,thankyou,thank you goodbye
9353,null,noise
9354,inform,expensive restaurant
9355,inform,downtown
9356,affirm,yes italian food
9357,inform,italian food
9358,request,address
9359,request,phone number
9361,thankyou,thank you goodbye
9362,inform,korean
9363,inform,korean
9364,request,phone number
9365,thankyou,thank you good bye
9366,inform,i want to find an expensive restaurant that serves vegetarian food
9367,reqalts,how about korean food
9368,request,can i get the address and area of the venue
9370,thankyou,thank you good bye
9371,inform,south part of town
9373,request,and the phone number
9374,thankyou,thank you good bye
9375,inform,moderately priced restaurant
9376,reqalts,anything else
9377,request,phone number
9379,inform,south part of town
9381,thankyou,thank you good bye
9382,inform,i want to find a restaurant in the east part of town
9383,inform,international
9384,request,what is the address
9386,request,what is the postcode
9387,thankyou,thank you goodbye
9388,inform,looking for a moderately priced restaurant in the west part of town
9391,thankyou,thank you good bye
9392,inform,cheap restaurant serves spanish food
9393,request,phone number and address
9394,thankyou,thank you good bye
9395,inform,im looking for an expensive restaurant
9396,inform,south part of town
9397,inform,north american
9398,reqalts,how about the south part of town
9399,reqalts,are there any restaurants in the south part of town that are expensive
9401,request,can i have their phone number
9402,thankyou,thank you good bye
9404,inform,dont care
9405,thankyou,thank you good bye
9406,inform,can i get tuscan
9407,inform,dont care
9408,null,can i
9409,request,address
9410,thankyou,thank you good bye
9412,reqalts,how about in any area
9413,inform,any area
9414,reqalts,how about in any area
9415,request,phone number
9416,thankyou,thank you good bye
9418,inform,west
9419,reqalts,anything else
9420,inform,west
9421,request,address
9422,request,post code
9423,thankyou,thank you good bye
9424,inform,id like an expensive restaurant in the south part of town
9425,inform,any
9426,request,could i have the phone number and address please
9427,thankyou,thank you good bye
9429,request,address
9430,request,phone number
9431,thankyou,thank you goodbye
9433,inform,any
9434,request,phone number
9435,request,post code
9436,bye,you good bye
9437,inform,im looking for a cheap restaurant in the north part of town
9438,request,whats the address
9439,request,what type of food
9440,thankyou,thank you good bye
9442,request,address
9443,request,phone number
9444,thankyou,thank you good bye
9445,inform,can i have spanish food in
9446,request,phone number
9447,request,the address
9448,thankyou,thank you good bye
9449,inform,im looking for a restaurant that serves mediterranean food
9450,inform,well i dont care about the price range
9452,thankyou,thank you good bye
9453,inform,im looking for a restaurant in the south part of town that serves
9454,inform,italian
9455,inform,i dont care
9456,inform,italian food
9457,inform,italian food
9458,request,whats the address and post code
9459,request,post code
9460,thankyou,thank you good bye
9461,null,sil
9462,inform,in the north part of town
9466,request,whats the address
9467,request,and the phone number
9468,thankyou,thank you good bye
9469,inform,im looking for a restaurant that serves
9470,inform,spanish
9471,inform,spanish
9472,inform,spanish
9473,inform,spanish
9474,inform,spanish
9475,inform,spanish
9476,inform,spanish
9477,null,um hm
9478,inform,spanish food
9479,inform,i want spanish food
9480,request,what is the address and phone number
9481,thankyou,thank you good bye
9482,inform,are there any cantonese restaurants
9483,inform,are there any british rest british food
9485,request,may i have its address
9487,request,what type of food does it serve
9488,request,where is it
9489,request,what part of town is it
9490,thankyou,thank you good bye
9491,inform,food in the south part of town
9492,inform,it doesnt matter
9493,inform,catalan food
9494,reqalts,how about portugeuse
9495,inform,portugeuse
9497,request,what is the address
9498,request,what is the address
9499,bye,goodbye
9500,inform,expensive restaurant that serves afghan food
9501,inform,afghan
9502,inform,afghan
9503,request,phone number
9504,request,area
9505,request,phone number
9507,null,uh
9509,inform,that serves takes out food
9510,reqalts,okay how about european food
9511,null,okay
9512,reqalts,how about the moderate price range
9513,request,okay and can i get the address
9514,request,and the phone number
9515,thankyou,okay and thank you and good bye
9517,request,address
9518,request,phone number
9519,request,post code
9520,thankyou,thank you good bye
9521,inform,moderate price restaurant
9522,inform,any
9523,reqalts,anything else
9524,request,address and post code
9525,thankyou,thank you good bye
9527,inform,indian food
9529,inform,north
9530,null,adress
9531,request,phone number
9532,request,price range
9533,thankyou,thank you good bye
9534,inform,restaurant in north part of town
9535,inform,dont care
9536,inform,cheap
9537,request,address
9538,request,phone number
9539,thankyou,thank you good bye
9540,inform,north
9541,inform,gastropub
9542,inform,chinese
9543,request,phone number
9544,request,phone number
9545,thankyou,thank you good bye
9546,inform,expensive restaurant in the south of town
9547,inform,i dont care
9548,request,what is the address
9550,thankyou,thank you good bye
9551,null,sil
9553,request,the phone number
9554,request,what part of town is it in
9556,request,what part of town are they in
9557,thankyou,thank you good bye
9558,inform,south part of town
9559,inform,expensive
9560,inform,dont care
9561,request,what is the address and post code
9562,thankyou,thank you good bye
9563,inform,a moderately priced restaurant
9564,inform,uh moroccan food
9565,inform,moroccan
9566,reqalts,how about asian oriental
9567,request,address
9568,request,phone number
9569,request,phone number
9570,null,okay
9571,inform,i need a cheap restaurant in the south part of town
9572,request,whats the address
9573,thankyou,thank you good bye
9574,inform,i need a cheap restaurant
9575,null,unintelligible
9576,null,unintelligible
9577,inform,need it in north
9578,request,phone number
9579,thankyou,thank you good bye
9580,null,unintelligible
9581,inform,expensive
9582,inform,mediterranean food
9583,request,address
9584,request,phone number
9585,thankyou,thank you good bye
9586,inform,looking for hungarian food in the north side of town
9587,reqalts,how about asian oriental
9588,inform,i dont care
9589,inform,north
9591,request,how about phone number
9592,thankyou,thank you good bye
9593,inform,moderately priced
9594,inform,west
9595,request,address
9596,request,phone number
9598,null,im looking
9599,inform,for restaurant
9601,thankyou,thank you good bye
9602,inform,tuscan food
9603,inform,moderate
9604,inform,west
9605,inform,moderate
9606,request,may i have the phone number
9607,null,noise
9608,request,phone number
9609,request,phone number
9610,request,phone number
9611,thankyou,thank you good bye
9612,inform,i want to find a moderately priced restaurant
9613,inform,i dont care
9615,request,phone number and type of food
9616,request,type of food do they serve
9617,thankyou,thank you good bye
9618,inform,id like a moderately priced restaurant that serves
9619,inform,polynesian
9620,inform,could i have the restaurant that serves asian oriental food
9621,request,could i have the address and phone number please
9622,thankyou,thank you good bye
9623,null,sil
9624,null,i want
9625,inform,any area
9626,confirm,does it serve christmas food
9627,inform,i want korean food
9629,thankyou,thank you goodbye
9630,request,whats the address
9631,request,and the post code
9632,thankyou,thank you good bye
9633,inform,im looking for something cheap
9635,request,what type of food is it
9637,thankyou,thank you good bye
9638,null,noise
9639,inform,i dont care
9640,inform,im looking for swedish food
9641,inform,any part of town
9643,inform,im looking for cheap food
9644,request,whats their address
9645,request,and their phone number
9646,thankyou,thank you good bye
9647,inform,im looking for a moderately priced restaurant and it should be in the north
9649,request,whats the address
9650,request,phone number
9651,request,and what type of food
9652,thankyou,thank you goodbye
9654,request,address
9655,thankyou,thank you good bye
9656,inform,im looking for a restaurant in the north part of town
9657,inform,uh i dont care
9660,thankyou,thank you good bye
9661,inform,looking for a restaurant in the south part of town serving
9662,inform,it doesnt matter
9664,request,price range
9665,thankyou,thank you goodbye
9666,inform,restaurant in the north part of town that serves
9667,inform,any
9668,inform,greek
9670,request,address phone number and price range
9671,request,address
9672,request,price range
9673,thankyou,thank you good bye
9675,inform,center
9676,inform,center
9677,inform,turkish food
9678,request,address
9679,request,price range
9680,thankyou,thank you good bye
9681,null,sil
9682,inform,expensive restaurants
9683,null,unintelligible
9684,request,what part
9685,request,address
9686,request,area
9687,thankyou,thank you good bye
9688,inform,restaurant in the west part of town that serves
9689,null,cannabis
9690,null,cannabis
9692,request,address and phone number
9693,request,phone number
9694,thankyou,thank you good bye
9695,inform,looking for something moderately priced in the south of town
9697,request,whats their post code
9699,thankyou,thank you good bye
9701,affirm,yes
9702,inform,any range
9703,inform,im looking for a restaurant that serves irish food
9705,thankyou,thank you good bye
9706,null,sil
9707,inform,i would like australian asian food
9708,reqalts,what about australian asian
9710,confirm,is it in the east part of town
9711,request,whats their address
9712,request,and the phone number
9713,thankyou,thank you good bye
9714,inform,i would like a cheap
9715,null,i would like a
9716,inform,im looking for a cheap restaurant in the east part of town
9717,request,what is the address and phone number
9718,thankyou,thank you good bye
9720,reqalts,anything else
9721,affirm,yes
9722,reqalts,anything else
9723,reqalts,anything else
9725,request,whats the address
9726,reqalts,anything else
9727,thankyou,thank you good bye
9728,inform,expensive
9729,null,unintelligible
9730,request,address
9731,request,post code
9732,thankyou,thank you good bye
9733,inform,any
9734,inform,lebanese food
9735,request,whats the address
9736,request,and the price range
9737,thankyou,thank you good bye
9738,inform,i need to find a moderately priced restaurant
9739,inform,it should be in the north part of town
9740,reqalts,anything else
9741,affirm,yes
9742,inform,it should be in the north part of town
9744,thankyou,okay thank you good bye
9745,inform,i want a restaurant in the center that serves french food
9747,affirm,yes
9748,confirm,is it in the center
9750,request,what is the price range
9751,thankyou,thank you good bye
9752,inform,north
9755,request,whats the address
9756,request,phone number
9757,request,price range
9758,thankyou,thank you good bye
9759,affirm,yeah im looking for a moderately priced restaurant
9760,inform,cantonese
9761,inform,okay um chinese then
9762,request,okay whats the phone number
9763,thankyou,okay thank you good bye
9764,inform,central inaudible
9766,null,noise
9767,null,noise
9768,inform,cheap
9770,null,noise
9771,null,noise
9772,request,address
9773,null,noise
9774,null,noise
9775,null,noise
9776,request,phone
9778,bye,goodbye
9779,inform,west part of town basque food
9780,inform,italian
9781,request,phone number
9782,inform,italian
9783,request,phone number
9784,request,phone number
9785,thankyou,thank you goodbye
9786,inform,french food
9788,thankyou,thank you good bye
9790,request,can i have the address and phone number
9791,thankyou,thank you good bye
9792,inform,im looking for a restaurant in the south part of town that serves vietnamese food
9794,request,what is the telephone number
9795,thankyou,thank you goodbye
9796,inform,im looking for a moderately priced restaurant that serves
9797,inform,doesnt matter
9798,inform,caribbean food
9799,inform,im looking for a chinese restaurant
9802,thankyou,thank you good bye
9803,null,unintelligible
9804,inform,south
9805,inform,spanish
9806,inform,korean
9807,inform,mediterranean
9808,inform,irish
9809,inform,american
9810,inform,moderate
9811,request,address
9812,thankyou,thank you good bye
9813,inform,im looking for a cheap restaurant in the north of town
9818,request,what is the address
9819,thankyou,thank you good bye
9820,inform,center of town
9821,inform,that can serve kosher food
9822,reqalts,how about one that serves korean food
9824,request,can i have the address and phone number
9825,thankyou,thank you good bye
9826,inform,im looking for a restaurant that serves english food
9828,request,whats the address
9830,thankyou,thank you good bye
9831,inform,a moderately priced restaurant in the south part of town
9832,request,what is the address
9833,thankyou,thank you good bye
9835,reqalts,how about asian oriental
9836,request,what is the address
9837,request,and the post code
9838,thankyou,thank you good bye
9839,inform,im looking for a cheap restaurant in the east part of town
9840,request,address
9841,request,phone number
9842,request,post code
9843,thankyou,thank you good bye
9844,affirm,yes can i have restaurants serving
9845,inform,cheap
9846,inform,european food any price
9847,inform,okay can i have european food
9848,inform,any price range
9849,inform,can i have the european food
9850,inform,can i have european food
9851,inform,can i have it in any price range
9852,request,can i change the price range
9853,inform,dont care
9854,inform,any price range
9855,inform,any price range
9856,inform,expensive
9857,inform,south part of town
9858,inform,expensive
9859,inform,dont care
9860,request,address
9861,request,phone number
9862,request,post code
9863,thankyou,thank you good bye
9864,null,cough
9865,inform,west
9867,request,whats the address
9868,request,and the phone number
9870,thankyou,thank you good bye
9871,inform,cheap restaurant south part of town
9872,reqalts,anything else
9873,request,address
9874,thankyou,thank you good bye
9875,inform,moderately priced restaurant
9876,inform,chinese
9877,thankyou,thank you good bye
9878,hello,hi im looking for a moderately priced restaurant in the south part of
9879,request,can i have the phone number
9880,thankyou,thank you good bye
9881,inform,looking for a restaurant in the west part of town that serves bistro food
9882,reqalts,how about italian
9883,reqalts,how about italian food
9884,reqalts,how about italian food
9886,thankyou,thank you good bye
9887,inform,im looking for a cheap restaurant in the south part of town
9888,request,what is the address
9889,thankyou,thank you good bye
9890,inform,expensive restaurant
9891,inform,i dont care
9893,request,address
9894,thankyou,thank you good bye
9895,inform,i need a restaurant in the west part of town
9896,inform,dont care
9898,reqalts,what about thai
9899,request,what is the address
9900,request,phone number
9901,request,and price range
9902,thankyou,thank you good bye
9905,inform,indian food
9907,request,the address
9908,request,price range
9909,thankyou,thank you good bye
9910,inform,cheap restaurant in the north part of town
9911,request,address
9912,request,phone number
9913,thankyou,thank you good bye
9916,request,what is the address and phone number
9917,thankyou,thank you good bye
9918,null,noise
9919,inform,i am looking for a moderately priced restaurant that serves turkish food
9920,request,can i have the phone number
9922,thankyou,thank you good bye
9923,inform,alright can i get chinese food
9924,reqalts,how about chinese food
9926,thankyou,thank you good bye
9927,inform,i want a moderately priced restaurant in the north part of town
9929,request,whats the address phone number and post code
9930,thankyou,thank you good bye
9931,affirm,uh yes turkish food
9933,affirm,yes
9934,confirm,does it serve cheap turkish food
9935,request,okay can i get the address
9937,inform,looking for something cheap in the north side of town
9938,request,whats their address
9939,request,okay how bout their phone number
9940,thankyou,thank you goodbye
9941,inform,looking for something cheap
9942,inform,mediterranean
9943,request,good i have the address of that
9944,request,could you get me the phone number
9945,thankyou,thank you good bye
9947,request,phone number
9948,request,area
9949,request,what area
9950,thankyou,thank you goodbye
9951,inform,im looking for a cheap restaurant in the east part of to
9952,request,what is their phone number and type of food
9953,request,type of food do they serve
9954,thankyou,thank you goodbye
9955,inform,im looking for hungarian food in the north of town
9956,inform,asian oriental
9957,request,the address and phone number
9958,thankyou,thank you good bye
9959,inform,im looking for expensive restaurants that serve mediterranean food
9960,request,what is the phone number and post code of the venue
9961,thankyou,thank you good bye
9962,inform,i need a restaurant serving turkish food
9963,affirm,yes
9964,null,okay
9965,request,can i get a address
9966,null,okay
9967,null,okay can i
9968,inform,i need a restaurant
9969,inform,i need a restaurant that serves
9970,inform,i need a restaurant serving turkish food
9971,affirm,yes
9972,request,oh whats the address
9973,thankyou,thank you good bye
9974,inform,i need a cheap restaurant in the south part of town
9976,thankyou,thank you good bye
9977,inform,im looking for an expensive restaurant in the east part
9978,inform,i dont care
9980,request,may i have the phone number
9981,thankyou,thank you good bye
9982,inform,i would like an expensive restaurant that serves korean food
9983,inform,uh creative food
9984,inform,expensive italian
9985,inform,italian
9986,request,i want the address phone number and area
9987,thankyou,thank you good bye
9988,request,what is their phone number
9989,request,what is their phone number
9990,request,what is their post code
9992,thankyou,thank you good bye
9993,inform,moderately priced restaurant in the west part of town
9994,request,may i get the phone number and post code
9995,request,may i get the post code
9996,thankyou,thank you goodbye
9997,inform,find me an expensive restaurant
9999,request,what kind of food does it
10000,inform,find me a portuguese restaurant
10001,request,what is the price range
10002,inform,find me an expensive portuguese restaurant
10003,reqalts,how about mediterranean food
10004,request,what is the address
10006,thankyou,thank you good bye
10009,affirm,yes
10011,request,what is the address
10013,thankyou,thank you good bye
10014,inform,cheap restaurant serving indian food
10015,request,what is the address
10017,null,uh what is the
10018,request,what area is it in
10019,thankyou,thank you good bye
10021,inform,west
10022,reqalts,next one please
10023,reqalts,next
10024,reqalts,anything else
10025,reqalts,anything else
10026,null,show me the next
10027,request,phone number
10028,request,phone number
10029,request,okay phone number
10030,request,okay please give me the phone number
10031,thankyou,okay thank you good bye
10032,inform,i need a restaurant in the west part of town that serves european food
10034,thankyou,thank you good bye
10035,reqalts,how about turkish food
10036,request,whats the address
10037,null,wait
10038,request,whats the address
10041,request,can i have the phone number please
10042,request,and whats the post code
10043,thankyou,thank you good bye
10044,inform,find gastropub
10045,inform,find gastro pub type food
10047,inform,doesnt matter
10048,inform,find gastropub restaurant
10049,request,what is the address
10050,request,what is the post code
10051,request,what is the post code
10052,thankyou,thank you good bye
10054,inform,dont care
10055,inform,south
10056,reqalts,anything else
10057,request,phone number
10058,request,the address
10059,thankyou,thank you good bye
10060,inform,looking for a cheap restaurant in the south part of town
10062,affirm,yes
10064,request,can i get the address
10065,thankyou,thank you good bye
10066,inform,a moderately priced restaurant in the north part of town
10067,request,may i have the address
10068,thankyou,thank you good bye
10071,thankyou,thank you good bye
10073,request,and what type of food do they serve
10074,thankyou,okay um thank you good bye
10075,inform,i need a cheap restaurant
10076,inform,any
10077,inform,italian
10078,request,can i get the address
10079,request,phone number
10080,thankyou,thank you good bye
10081,inform,restaurant in the east part of town
10083,inform,i dont care
10085,inform,pan asian
10086,inform,indian food
10087,request,address
10088,request,phone number
10089,thankyou,thank you good bye
10090,inform,im looking for a cheap restaurant in the north part of town
10092,thankyou,thank you good bye
10093,inform,im looking for a moderately priced restaurant in the north part of town
10094,thankyou,thank you good bye
10095,null,unintelligible
10096,null,unintelligible
10097,null,unintelligible
10098,null,noise
10099,null,unintelligible
10100,request,whats the address
10101,null,unintelligible
10102,null,unintelligible
10103,confirm,is it portuguese food
10104,inform,i dont care about prices
10105,null,noise
10107,affirm,uh yes im looking for an expensive restaurant and it should be in the east part of town
10108,affirm,uh yes an expensive restaurant
10109,inform,uh doesnt matter expensive
10110,reqalts,okay how about an expensive
10111,confirm,okay is that an expensive restaurant
10112,request,okay and can i have their phone number
10113,ack,okay um
10114,thankyou,thank you and good bye
10115,inform,romanian food in the center
10116,inform,romanian
10117,inform,british food
10118,inform,any
10120,request,may i have the phone number
10121,thankyou,thank you good bye
10122,inform,i would like a restaurant that serves thai food
10123,request,what is the address
10125,request,what is the price range
10126,thankyou,thank you good bye
10128,inform,any
10130,request,phone number
10131,request,phone number
10132,thankyou,thank you good bye
10133,hello,hi i want a restaurant
10135,reqalts,what about spanish
10136,null,and whats their
10137,request,whats their address
10138,thankyou,thank you good bye
10139,inform,cheap restaurant that serves turkish food
10140,reqalts,how about italian food
10142,thankyou,thank you good bye
10143,inform,portugeuse food
10144,request,price range
10145,request,phone number
10146,request,phone number
10147,request,address
10148,thankyou,thank you goodbye
10149,inform,moderately priced
10150,request,address
10151,request,phone number
10152,thankyou,thank you good bye
10153,request,whats the address for moderately priced restaurants in the south part of town
10154,inform,i dont care
10155,thankyou,thank you good bye
10158,request,can i get the address
10159,thankyou,thank you good bye
10160,inform,a moderately priced restaurant
10161,inform,doesnt matter
10162,reqalts,anything else
10163,reqalts,anything else
10164,request,the address
10165,request,the phone number
10166,request,post code
10167,thankyou,thank you good bye
10168,null,sil
10169,inform,hungarian
10170,inform,hungarian
10171,negate,no
10172,inform,south town
10173,inform,south
10174,inform,hungarian food
10175,inform,modern european
10176,request,address
10177,request,phone number
10178,thankyou,thank you good bye
10179,inform,mexican food
10180,inform,any
10181,request,address
10182,thankyou,thank you good bye
10183,inform,greek food in the north part of town
10184,inform,indian food
10185,request,may i have the address phone number and price range
10186,request,may i have the address
10187,request,phone number
10188,request,may i have the address
10189,request,may i have the price range
10190,thankyou,thank you good bye
10193,affirm,yes
10194,reqalts,are there any other restaurants
10195,reqalts,i want something else
10196,reqalts,i want another restaurant that serves spanish food
10197,deny,dont want that
10199,negate,no
10200,deny,dont want that
10203,request,phone number
10204,thankyou,thank you good bye
10205,inform,im looking for a restaurant in the center of town that serves african
10206,inform,african
10207,request,whats the address
10208,request,and the phone number
10209,thankyou,thank you good bye
10210,inform,i want a restaurant that serves
10211,inform,earetree mediterranean food
10212,reqalts,what about earatree food
10213,request,can i have their address
10214,request,and the phone number
10216,thankyou,thank you good bye
10217,null,noise
10218,inform,cheap
10219,inform,west
10220,request,whats the address
10221,request,and the phone number
10222,thankyou,thank you good bye
10223,inform,looking for a restaurant in the center of town that sells french
10224,null,noise
10225,request,what is the phone number and price range
10226,thankyou,thank you good bye
10227,inform,im looking for a
10229,inform,any kind in the north part of town
10230,request,breath price range
10231,request,breath may i have the phone number please
10232,thankyou,breath thank you goodbye
10233,inform,looking for a cheap restaurant in the east part of town
10235,request,and the post code
10236,thankyou,thank you good bye
10237,inform,im looking for a moderate priced restaurant in the south part of
10238,request,i want to know the address
10239,request,and the phone number
10240,thankyou,thank you good bye
10241,inform,im looking for an expensive restaurant in the south part of town
10243,reqalts,do you have any other restaurant
10245,reqalts,anything else
10246,reqalts,can i have something else
10247,thankyou,thank you good bye
10248,inform,im looking for a cheap restaurant in the north part of town
10249,request,whats the phone whats the phone number
10250,thankyou,thank you good bye
10251,inform,i dont care
10253,request,whats the address
10254,request,what type of food is it
10255,thankyou,thank you good bye
10256,inform,im looking for a cheap restaurant in the south part of town
10257,request,may i have the address
10258,thankyou,thank you good bye
10259,inform,international
10261,request,what is the post code
10262,thankyou,uh thank you good bye
10263,null,sil
10264,null,sil
10265,null,noise
10266,null,knocking
10267,null,knocking
10268,null,noise
10269,null,noise
10270,thankyou,thank you good bye
10271,inform,west
10272,request,uh whats the price range
10273,inform,i need a cheap restaurant
10275,negate,no i need a restaurant in the west part of town
10276,request,okay whats the phone number
10277,request,and what kind of food do they serve
10278,thankyou,okay thank you good bye
10279,inform,i want to find a moderate priced restaurant that serves
10280,inform,cuban food
10282,request,may i have the phone number
10283,thankyou,thank you good bye
10284,inform,south part of town
10285,request,address and phone number
10286,request,phone number
10287,thankyou,thank you good bye
10288,inform,can i have an expensive restaurant
10289,inform,it doesnt matter
10290,request,can i have the phone number
10291,thankyou,thank you good bye
10292,inform,iam looking for a cheap restaurant and it should be in the north part of town
10293,reqalts,there any other
10294,affirm,yes
10295,reqalts,could i have another one
10297,request,could i have the address and phone number of the venue
10298,thankyou,thank you good bye
10299,inform,find me an expensive persian restaurant
10302,inform,any part of town
10303,request,give me the phone number
10304,thankyou,thank you good bye
10305,inform,im looking for an expensive restaurant in the south part of town
10306,inform,what ever
10308,reqalts,is there any other ones anything else
10310,request,what about the phone number
10311,thankyou,thank you good bye
10312,inform,id like a restaurant in any area that serves japanese food
10313,request,phone number
10315,thankyou,thank you good bye
10316,inform,im looking for a restaurant in the east part of town serving australian
10317,inform,australian food
10318,inform,australian food
10319,reqalts,how about chinese food
10320,request,address phone number and post code
10321,request,address and post code
10322,request,post code
10323,thankyou,uh thank you good bye
10324,inform,im looking for a restaurant on the east part of town
10325,inform,any
10326,inform,chinese
10327,request,phone number
10328,request,and post code
10329,thankyou,thank you good bye
10330,inform,im looking for a moderately priced restaurant
10331,null,that serves
10332,inform,australasian
10334,request,may i have the phone number
10335,thankyou,thank you good bye
10336,inform,south
10337,thankyou,thank you good bye
10338,inform,im looking for a moderately priced restaurant in the west part of town
10339,request,what is the address and phone number
10340,thankyou,thank you good bye
10341,inform,looking for african food in the center of town
10343,request,oh good whats the address
10344,request,whats the post code
10346,thankyou,thank you good bye
10347,inform,im looking for a restaurant in the west part of town and it should be cheap
10348,inform,any
10349,inform,cheap
10351,request,whats the address
10352,thankyou,thank you good bye
10353,inform,west part of town
10354,inform,cantonese
10355,inform,british
10356,request,what is the price range
10357,request,what is the address and phone number
10358,thankyou,thank you good bye
10359,inform,i would like to find a restaurant in the centre
10362,affirm,yes
10364,request,what is the address and phone number
10365,thankyou,thank you goodbye
10366,inform,expensive restaurant
10367,inform,expensive
10368,inform,irish
10369,inform,italian
10370,request,address
10371,request,phone number
10372,request,area
10373,request,area
10374,thankyou,thank you good bye
10375,null,unintelligible
10376,inform,doesnt matter
10377,inform,caribbean food
10378,inform,portuguese food
10379,request,phone number
10380,request,address
10381,thankyou,thank you good bye
10383,inform,eritrean
10384,null,unintelligible
10385,request,what type of food does it
10386,negate,no ah
10388,reqalts,what about vietnamese food
10389,null,does do you know anyone who serves um
10390,inform,eritrean food
10391,null,um
10394,inform,eritrean food
10395,inform,eritrean
10396,inform,eritrean
10397,inform,uh vietnamese
10398,inform,noise vietnamese
10399,request,the phone number
10400,request,what type of food
10401,thankyou,alright thank you goodbye
10402,inform,im looking for cross over food
10403,inform,modern european food
10404,inform,i dont care
10405,inform,i dont care
10406,request,phone number
10407,request,what is the phone
10408,thankyou,thank you good bye
10409,inform,id like a moderately priced restaurant that serves
10410,inform,any
10411,affirm,right
10412,inform,could i have a restaurant that serves european food
10413,request,could i have the address and post code
10414,thankyou,thank you good bye
10415,affirm,yes id like hungarian food in the south part of town
10416,inform,it doesnt matter
10417,inform,hungarian food
10418,inform,hungarian
10420,request,what is the address and phone number
10421,null,noise
10424,inform,i dont care
10425,inform,afghan noise
10426,inform,italian
10428,thankyou,thank you goodbye
10429,inform,i want a european restaurant in the center part of town
10430,request,what is the address
10432,thankyou,thank you good bye
10433,null,i want to find
10434,inform,i want to find a cheap restaurant in the north part of town
10436,request,may i have the address and type of food
10438,thankyou,thank you good bye
10439,inform,indian food
10440,request,address
10441,request,phone number
10442,thankyou,thank you good bye
10443,inform,im looking for a moderately priced restaurant in the west part of town
10444,request,can i get the address
10445,thankyou,thank you good bye
10446,inform,im looking for a restaurant in the west
10447,inform,italian
10448,thankyou,thank you good bye
10449,null,sil
10450,inform,moderate
10451,request,what is the address
10452,request,area
10453,request,what is the area
10454,thankyou,thank you good bye
10455,inform,moderately
10456,inform,moderat
10457,inform,italian
10458,inform,any
10459,request,address
10460,request,post code
10461,thankyou,thank you good bye
10462,inform,im looking for an expensive restaurant
10463,inform,south part of town
10464,inform,i dont care
10465,reqalts,are there any others
10466,inform,im looking for an expensive restaurant
10467,request,whats the address
10468,request,and the phone number
10469,request,and whats the post code
10470,thankyou,thank you good bye
10471,inform,looking for vietnamese food
10472,affirm,yes
10474,request,the area
10475,request,where is the area
10476,null,of the venue
10477,thankyou,thank you good bye
10478,inform,a moderately priced restaurant that serves
10479,inform,vietnamese
10480,inform,vietnamese
10481,reqalts,how about asian oriental type of foo
10482,request,address
10483,request,phone number
10484,thankyou,thank you goodbye
10486,request,do you have the address
10487,request,and whats the phone number there
10488,thankyou,okay thank you
10489,thankyou,thank you good bye
10490,inform,can i get a restaurant in the south part of town that serves cuban food
10491,request,okay can i have the phone number
10492,request,address
10493,thankyou,thank you good bye
10494,inform,i would like an expensive restaurant in the south of town
10495,inform,i dont care
10496,request,what is the address
10497,request,and what type of food do they serve
10498,thankyou,great thank you good bye
10500,inform,any
10501,inform,italian food
10502,inform,italian
10503,reqalts,anything else
10504,request,address
10505,request,area
10506,request,area
10507,request,where
10508,request,area
10509,thankyou,thank you good bye
10510,inform,west
10511,inform,doesnt matter
10512,inform,doesnt matter thai food
10513,request,address
10514,request,phone number
10515,thankyou,thank you good bye
10516,inform,caribbean food
10517,inform,british food
10518,inform,i dont care
10519,inform,moderate
10521,thankyou,thank you good bye
10522,inform,i dont care
10523,inform,mediterranean food
10524,reqalts,what about any area
10525,request,whats their address
10526,request,and their post code
10527,request,and whats the phone number
10528,thankyou,thank you good bye
10532,negate,no
10533,reqalts,anything else
10535,thankyou,thank you good bye
10537,reqalts,anything else
10539,request,whats the type of food
10540,thankyou,thank you good bye
10541,inform,im looking for an expensive restaurant in the south part of town
10542,inform,i dont care
10543,request,what is the address
10544,request,what is the price range
10545,thankyou,thank you goodbye
10546,inform,gastropub food
10547,inform,gastropub food
10548,inform,expensive restaurant
10549,inform,gastropub food
10550,request,what is the address
10551,thankyou,thank you good bye
10554,request,can you give me the address please
10556,inform,is modern european food any good
10557,thankyou,thank you good bye
10558,null,sil
10559,inform,cheap
10560,inform,i dont care
10563,reqalts,what are my other options
10566,null,sil
10567,request,what is the address
10568,thankyou,thank you goodbye
10569,inform,im looking for
10570,inform,a restaurant
10571,inform,im looking for moderately priced restaurant that serves world food
10572,reqalts,how about gastropub type of food
10573,reqalts,anything else
10574,request,what is the address of the
10575,request,and the phone number
10577,null,unintelligible
10578,thankyou,thank you good bye
10579,inform,polish food
10580,inform,expensive restaurant
10581,inform,north american food
10582,request,what is the phone number and post code
10583,thankyou,thank you good bye
10586,thankyou,thank you good bye
10587,inform,im looking for a moderately priced restaurant
10588,inform,is there a venue in the west part of town
10590,reqalts,how about romanian food
10591,inform,in the west of town
10592,request,what food is in the west part of town
10593,null,is there
10594,request,what food is available in this area
10595,request,what food is in the west part of town
10596,inform,may i have a list of venues in the west part of town
10597,null,okay
10599,inform,help me decide what venues are available in the west part of town serving any ty
10601,request,what is the price range of this venue
10603,request,may i have the phone number and postcode of this ven
10604,request,may i have the postcode
10605,thankyou,thank you goodbye
10606,inform,im looking for an expensive restaurant that serves portuguese food
10608,request,what is the address
10610,request,what is the area
10611,thankyou,thank you good bye
10613,inform,greek
10614,reqalts,how about french
10615,inform,restaurant in the north
10616,inform,anything
10617,inform,greek
10619,reqalts,how about french
10620,inform,french
10622,inform,french
10623,inform,restaurant in the north part of town that serves french
10624,inform,restaurant north
10625,reqalts,okay how about french
10629,null,noise
10630,inform,im looking for a restaurant in any area serving unintelligible
10631,inform,serving catalan food
10632,null,unintelligible
10634,thankyou,thank you good bye
10635,inform,can i have a caribbean food
10636,inform,can i have french food in the center
10638,request,what is the price range
10640,thankyou,thank you good bye
10641,inform,i dont care
10642,request,address
10643,thankyou,thank you good bye
10644,inform,kosher food
10645,inform,any part of town
10646,null,sil
10647,thankyou,thank you good bye
10648,inform,im looking for a moderately priced restaurant that serves sea food
10649,reqalts,how about chinese food
10651,thankyou,thank you good bye
10652,inform,im looking for spanish food
10654,request,what is their phone number
10655,thankyou,thank you good bye
10656,inform,im looking for an expensive restaurant that serves mediteranian
10657,inform,i dont care
10658,inform,mediterranean
10659,request,what is the phone number and post code
10660,thankyou,thank you good bye
10661,inform,pan asian
10662,inform,pan asian
10663,inform,chinses
10664,inform,south part of town
10665,inform,south part of town
10666,request,address
10667,request,price range
10668,thankyou,thank you good bye
10669,inform,barbecue
10670,inform,any
10671,inform,any
10672,request,phone number
10673,request,phone
10674,request,phone number
10675,thankyou,thank you good bye
10676,inform,moderately priced restaurant in the south part of town
10677,request,address and phone number
10678,affirm,yes
10679,request,address and phone number
10680,thankyou,thank you good bye
10681,inform,im looking for a modreately
10682,inform,greek food
10683,reqalts,what about gastropub food
10684,inform,gastropub
10686,request,what type of food does it serve
10687,inform,gastropub
10688,request,whats the address
10691,request,what area is it in
10692,thankyou,thank you good bye
10693,inform,expensive restaurant
10694,inform,vegetarian food
10695,inform,mediterranean food
10696,request,whats the address
10698,thankyou,thank you good bye
10699,inform,i am looking for
10700,inform,a restaurant that serves german food
10701,request,can i have the address phone number and
10703,request,how about the post code
10704,thankyou,thank you good bye
10706,inform,any
10707,inform,french food
10708,request,may i have the address
10709,request,phone number
10710,thankyou,thank you good bye
10711,inform,unusual
10712,inform,unusual
10713,inform,expensive
10714,inform,unusual food
10715,inform,unusual
10716,request,phone number
10717,thankyou,thank you good bye
10719,inform,i dont care
10720,reqalts,how about vietnamese
10721,reqalts,how about vietnamese
10722,request,okay whats the phone number
10723,thankyou,thank you good bye
10724,null,sil
10726,inform,i dont care
10727,inform,i want swiss food
10728,reqalts,how about chinese food
10729,request,what is the address and phone number
10730,request,what is the post code
10731,thankyou,thank you good bye
10733,request,what is the address and type of food they serve
10734,request,type of food does it serve
10735,thankyou,thank you good bye
10736,inform,i want a cheap restaurant
10738,request,what is the address
10740,inform,is there an expensive
10741,request,can i have the phone number and post code plea
10742,thankyou,thank you goodbye
10743,inform,spanish food
10744,request,address
10745,request,address
10746,request,phone number
10747,request,address
10748,request,the address
10749,thankyou,thank you good bye
10750,inform,im looking for a restaurant in the north part of town serving in
10751,inform,doesnt matter
10752,inform,doesnt matter
10753,request,what type of food does it serve
10754,request,what is the address
10756,thankyou,thank you good bye
10757,null,unintelligible
10758,inform,im looking for an expensive restaurant that serves basque food
10759,reqalts,what about korean food
10760,request,what is the address
10761,request,what is the area
10762,thankyou,thank you good bye
10763,null,noise
10764,inform,cantonese
10765,inform,north american food
10766,request,address
10767,request,phone number
10768,request,post code
10769,thankyou,thank you good bye
10771,thankyou,thank you good bye
10772,inform,i would like to find a cheap restaurant
10773,inform,in the east part of town
10775,request,thank you what is the phone number
10776,thankyou,thank you good bye
10777,inform,north
10778,request,phone number
10779,request,phone number
10780,request,phone number
10781,thankyou,thank you good bye
10782,inform,im looking for a restaurant that serves mediterranean
10784,request,and the post code
10785,thankyou,thank you good bye
10789,thankyou,thank you goodbye
10790,reqalts,anything else
10791,reqalts,anything else
10792,request,address and phone number
10793,request,phone number
10794,null,noise
10795,null,noise
10796,null,unintelligible
10797,null,unintelligible
10798,reqalts,anything else
10799,negate,no
10800,inform,steak house
10801,null,noise
10802,request,address
10803,request,phone number
10804,thankyou,thank you good bye
10805,inform,turkish food
10806,inform,moderately priced
10807,reqalts,anything else
10808,affirm,yes
10809,reqalts,anything else
10810,repeat,go back
10811,reqalts,anything else
10812,repeat,go back
10813,reqalts,what else
10814,inform,expensive
10815,reqalts,anything else
10816,inform,turkish food
10817,inform,moderate price
10818,reqalts,anything else
10819,request,address
10820,request,phone number
10821,thankyou,thank you good bye
10822,inform,id like to find a moderately priced restaurant in the west part of town
10823,request,what is the address and phone number
10824,thankyou,thank you goodbye
10825,inform,im looking for a restaurant in the north part of town and it should african food
10828,negate,what no
10831,request,alright whats the address
10833,thankyou,thank you good bye
10834,inform,british food
10835,inform,moderate
10836,inform,any
10837,request,address
10838,request,post code
10839,thankyou,thank you good bye
10840,inform,gastropub
10841,inform,cheap
10842,inform,south
10843,request,address
10844,request,phone number
10845,thankyou,thank you good bye
10846,hello,hi im looking for a restaurant in the west part of town that serves baskaye food
10847,inform,anything
10848,confirm,does it serve baskaye food
10849,confirm,does it serve baskey food
10852,thankyou,thank you good bye
10853,inform,moderate price
10854,null,serving
10855,inform,anywhere
10856,inform,mediterranean food
10858,request,address and phone number
10859,request,phone number
10860,inform,can i have a mexican restaurant
10861,request,can i have the phone number
10862,thankyou,thank you good bye
10863,inform,looking for a moderately priced restaurant
10864,inform,any
10866,request,price range
10867,thankyou,thank you good bye
10868,null,cough
10869,inform,cheap restaurant in the west part of town
10870,request,phone number
10871,request,phone number
10872,request,may i have the phone number
10873,thankyou,thank you good bye
10876,inform,thare are different expensive restaurants in the east part of town
10877,thankyou,thank you good bye
10879,inform,modern european
10880,request,address and phone number
10881,request,phone number
10883,request,address
10887,null,type
10888,inform,dont care
10889,inform,i dont care
10891,inform,north
10892,reqalts,another
10893,reqmore,more
10894,negate,no
10895,inform,chinese
10896,inform,north
10897,reqalts,other
10899,inform,italian
10900,inform,dont care
10901,inform,i do not care
10902,null,uh
10903,thankyou,thank you good bye
10904,inform,moderately priced restaurant
10906,inform,any
10907,inform,north part of town
10908,reqalts,anything else
10909,reqalts,anything else
10910,request,address
10911,request,type of food they serve
10912,thankyou,thank you good bye
10913,inform,i am looking for a cheap restaurant
10914,request,could i get the phone number please
10915,thankyou,thank you good bye
10916,inform,im looking for a moderately priced restaurant and it should be in the east part of town
10917,request,address
10919,request,what type of food is
10920,thankyou,thank you good bye
10921,null,sil
10922,inform,international
10923,inform,moderately priced
10926,inform,can i get a restaurant
10927,null,unintelligible
10928,inform,steak house
10930,request,can i get the number
10931,thankyou,thank you good bye
10933,request,address
10934,request,phone number
10936,request,what type of food
10937,thankyou,thank you good bye
10938,inform,im looking for a cheap restaurant in the north part of town
10939,request,what is the address
10940,thankyou,thank you good bye
10942,inform,i dont care
10944,request,what is the address
10946,thankyou,thank you good bye
10947,null,noise
10948,inform,moderately
10949,inform,moderate ly
10950,inform,north
10951,request,the address
10952,request,phone number
10954,thankyou,thank you good bye
10955,inform,find me a restaurant in the center of town
10956,inform,doesnt matter
10958,request,what is the post code
10959,thankyou,thank you good bye
10960,inform,i want a cheap restaurant in the east part of town
10961,request,what is the address
10963,thankyou,thank you good bye
10964,inform,i would like an expensive restaurant in the east part of
10965,inform,doesnt matter
10968,reqalts,is there another restaurant
10971,request,what is the type of food
10972,thankyou,thank you good bye
10976,request,what area is it in
10977,thankyou,thank you good bye
10978,inform,restaurant in the south part of town that serves indian food
10979,request,address
10980,request,phone number
10981,request,price range
10982,thankyou,thank you good bye
10983,inform,im looking for cheap japanese food
10985,request,okay whats the phone number
10986,request,how about the address
10987,thankyou,thank you good bye
10989,request,what is the address and post code
10990,thankyou,thank you good bye
10992,request,address
10993,thankyou,thank you good bye
10994,inform,im looking for a restaurant that serves mexican food
10996,request,can i get the address
10997,thankyou,thank you good bye
10999,request,phone number
11000,thankyou,thank you good bye
11001,inform,north
11002,inform,dont care
11003,inform,center
11004,request,phone number
11005,request,phone number
11006,request,post code
11007,thankyou,thank you good bye
11008,inform,can i have a restaurant in the south part of town
11009,inform,it doesnt matter
11010,inform,expensive
11011,request,can i have the phone number
11012,thankyou,thank you good bye
11013,inform,im looking for a restaurant that serves bistro food in the center of
11018,thankyou,thank you good bye
11019,inform,barbecue food
11021,request,whats the address
11022,thankyou,thank you good bye
11024,reqalts,anything else
11025,request,whats the address
11026,thankyou,thank you good bye
11027,inform,i want a restaurant in the we
11028,inform,it doesnt matter
11029,reqalts,how about one serving jamaican food
11031,request,their phone number
11032,thankyou,thank you goodbye
11035,request,what kind of food does it serve
11036,reqalts,how about a portuguese restaurant
11037,request,whats the address
11039,request,and whats the price range
11040,thankyou,thank you good bye
11041,inform,im looking for restaurant that serves portuguese food
11042,thankyou,thank you good bye
11043,inform,spanish food
11044,inform,spanish
11046,inform,spanish food
11047,request,may i have the phone number and address
11048,thankyou,thank you good bye
11049,inform,i want to find a moderately priced restaurant that serves vietna
11050,inform,ne vietnamese
11052,inform,any price range
11055,reqalts,what about the west part of town
11056,thankyou,thank you goodbye
11057,null,noise
11058,null,noise
11059,inform,im looking for an expensive restaurant that serves
11060,confirm,do they serve sea food
11061,inform,i want sea food
11062,request,whats the address and area
11063,request,the area
11065,request,what part of town is it in
11067,request,whats the address
11069,thankyou,thank you good bye
11070,inform,im looking for a moderately priced restaurant
11071,inform,doesnt matter
11073,request,uh whats the phone number
11074,thankyou,thank you good bye
11075,affirm,uh yes
11076,null,i need
11077,inform,a cheap restaurant in the west part of town
11078,request,and the address
11079,request,and the phone number
11080,bye,uh thank you and good bye
11081,inform,uh id like a cheap restaurant in the
11082,inform,any kind of food
11083,request,whats the phone number and address
11084,thankyou,thank you good bye
11085,inform,an expensive restaurant with seafood
11086,inform,seafood
11087,request,address
11088,request,phone number
11089,request,post code
11090,inform,uh looking for a restaurant in any area and that needs to serve
11091,inform,uh that doesnt matter
11092,request,uh can i have the phone number please
11093,thankyou,thank you good bye
11096,thankyou,thank you goodbye
11097,inform,im looking for a moderately priced restaurant in the west part of town
11099,affirm,yes
11100,request,can you give me the phone number
11101,thankyou,thank you good bye
11102,inform,cheap restaurant in the north part of town
11103,request,phone number
11106,request,what type of venue
11107,thankyou,thank you good bye
11108,inform,polynesian food in the south part of town
11109,inform,italian food
11111,request,post code
11112,thankyou,thank you good bye
11113,inform,im looking for a moderately priced restaurant
11114,inform,i dont care
11115,inform,australian
11116,reqalts,what about gastropub
11117,request,what is the address
11119,request,what is the area
11120,thankyou,thank you good bye
11121,inform,doesnt matter
11122,inform,kosher food
11123,reqalts,how about french
11124,request,and whats the phone number
11125,thankyou,thank you good bye
11126,inform,i dont care
11127,inform,i dont care
11128,confirm,is it expensive
11129,request,what is the address phone number and post code
11130,request,what is the address
11131,request,what is the post code
11132,thankyou,thank you good bye
11133,inform,a restaurant in the center
11134,inform,hungarian food
11135,inform,turkish
11136,request,what is the address
11138,thankyou,thank you good bye
11139,null,noise
11140,inform,french food
11141,request,okay whats the phone number
11142,thankyou,thank you good bye
11145,thankyou,thank you good bye
11146,hello,hi im looking for a moderately priced restaurant
11147,inform,i dont care
11148,inform,um gastropub food
11149,request,and what is their phone number
11150,thankyou,thank you good bye
11151,inform,im looking for a modertley priced restaurant in the south
11152,inform,i dont care
11153,inform,south
11154,request,can i have the phone number
11155,request,post code
11156,thankyou,thank you good bye
11157,null,sil
11158,inform,it doesnt matter
11159,inform,im looking for unintelligible food
11160,reqalts,how about italian food in the west of town
11161,request,can you give me the phone number
11162,thankyou,thank you good bye
11163,inform,restaurant
11164,inform,in the east part of town
11166,inform,indian food
11167,request,what is address and phone number
11168,thankyou,thank you good bye
11169,inform,hungarian food
11170,inform,hungarian
11172,inform,may i have vietnamese food
11173,inform,i dont care what price range
11174,request,can i get the address
11175,thankyou,thank you goodbye
11177,reqalts,how about the center area
11179,request,what is the price range
11180,thankyou,thank you good bye
11181,inform,i am looking for sweedish food
11182,reqalts,um how about spanish food
11183,affirm,yes
11184,affirm,yes
11185,request,can i get the area
11186,request,can i get the area
11187,thankyou,thank you good bye
11190,request,what is the address and phone number
11191,thankyou,thank you good bye
11193,inform,cheap
11194,inform,north
11195,reqalts,anything else
11197,request,address
11198,request,phone number
11199,thankyou,thank you good bye
11200,request,phone number
11201,request,post code
11202,thankyou,thank you good bye
11204,inform,i dont care
11205,inform,im looking for an expensive
11207,confirm,is it expensive
11208,request,what is the address
11210,thankyou,thank you good bye
11211,inform,i would like to find a restaurant in the south part of town that serves
11212,inform,any price range
11213,request,thats fine can i get their phone number please
11214,thankyou,thank you good bye
11216,inform,dont care
11217,inform,south
11218,request,address
11219,null,unintelligible
11220,request,phone number
11221,thankyou,thank you goodbye
11222,null,noise
11223,inform,i would like a cheap restaurant in the north part of town
11225,request,what is the address
11226,thankyou,thank you goodbye
11227,inform,im looking for a restaurant in the west part of town serving korean
11228,request,can i have the address and the price range
11230,thankyou,thank you good bye
11232,inform,i dont care
11233,request,what is the address
11234,request,what is the post code
11235,thankyou,thank you good bye
11236,inform,an expensive unintelligible
11237,null,unintelligible
11238,request,address
11239,request,area
11240,request,area
11241,request,what is their area
11242,request,area
11243,thankyou,thank you good bye
11245,request,can i get the address
11246,thankyou,thank you good bye
11247,inform,moderately priced
11248,inform,doesnt matter
11249,inform,west part of town
11250,request,address
11252,thankyou,thank you good bye
11253,hello,hi im looking for a rerestaurant that serves cuban food
11254,reqalts,okay how about asian oriental
11255,negate,no asian oriental
11256,inform,i dont know
11257,inform,moderate
11258,request,okay can i have the phone number and address
11260,inform,let me get some world food and i dont care about the price range
11263,request,what is the address
11264,thankyou,thank you good bye
11265,null,sil
11266,inform,spanish food
11267,affirm,yes
11268,inform,spanish food
11269,request,address and phone number
11270,request,phone number
11272,null,noise
11273,inform,polish food
11274,null,unintelligible
11275,request,address
11276,request,phone number
11277,thankyou,thank you good bye
11278,inform,i want to find a restaurant in any area
11279,reqalts,how about vietnamese
11280,reqalts,how about vietnamese
11282,request,may i have the address and phone nymber
11283,request,and the phone number
11284,thankyou,thank you good bye
11285,inform,traditional food
11286,inform,moderate
11287,inform,north
11288,request,address
11289,request,phone number
11290,thankyou,thank you good bye
11293,request,phone number
11294,request,address
11295,thankyou,thank you goodbye
11296,inform,lebanese food
11297,inform,any
11298,request,phone number
11299,request,phone number
11300,request,address
11301,inform,breath im looking for a cheap restaurant serving catalan food
11302,inform,catalan
11303,inform,catalan
11304,inform,i dont care
11305,inform,what about asian food
11306,inform,im looking for asian food
11307,inform,im looking for asian oriental food
11309,request,whats the address
11310,thankyou,thank you goodbye
11311,inform,i want to find a restaurant
11312,inform,i dont care
11314,inform,serves cheap
11315,null,im looking
11317,inform,cheap
11318,request,can i have the address and the
11319,request,whats the post code
11321,thankyou,thank you good bye
11322,inform,im looking for an expensive restaurant and it should
11323,inform,any
11324,inform,irish
11325,request,what is the address
11326,request,what area is it in
11327,thankyou,thank you good bye
11328,hello,hi im looking for a restaurant in the west part of town
11329,inform,i dont know
11331,null,okay
11332,thankyou,thank you good bye
11333,inform,im looking for a moderately priced restaurant in the east part of
11334,request,could i have the address
11335,request,phone number
11336,request,post code
11337,thankyou,thank you good bye
11338,inform,im looking for a restaurant in the north part of town that serves
11339,inform,any price range
11342,request,what is the address
11343,request,and the post code
11344,thankyou,thank you good bye
11345,inform,looking for a restaurant in the east part of town
11346,inform,greek
11347,inform,greek
11349,request,whats its address
11350,request,phone number
11351,thankyou,thank you good bye
11352,inform,north
11353,inform,any
11354,null,unintelligible
11356,null,unintelligible
11357,null,unintelligible
11358,inform,french
11359,request,phone number
11360,thankyou,thank you good bye
11361,inform,im looking for a restaurant in the south part of town serving
11362,inform,i dont care
11363,inform,traditional food
11365,request,breath what is the phone number and post code
11366,thankyou,thank you goodbye
11367,inform,im looking for a restaurant in any area that serves japanese
11368,request,address
11369,request,price range
11370,thankyou,thank you good bye
11372,inform,west part
11373,null,unintelligible
11374,ack,okay give me the first
11375,ack,okay show me the least
11377,request,okay show me the address
11378,request,phone number
11379,request,post code
11381,inform,moderately priced international food
11382,reqalts,anything else
11383,inform,moderately
11384,null,any thing else
11385,request,phone number
11386,thankyou,thank you good bye
11387,inform,im looking for a moderately priced restaurant with catalan food
11389,reqalts,how about a moderately priced restaurant that serves spanish
11391,request,whats the address
11392,thankyou,thank you good bye
11394,inform,west
11396,affirm,right
11398,reqalts,anything else
11399,reqalts,anything else
11401,request,what is their phone number
11403,bye,cute thank you good bye
11404,inform,cheap restaurant in the north part of town
11405,request,what is the address
11406,thankyou,thank you good bye
11408,inform,north
11410,thankyou,thank you goodbye
11412,request,whats the address
11414,thankyou,thank you good bye
11415,inform,yes uh turkish food in my area
11416,affirm,yes
11417,inform,turkish food
11418,request,whats the address
11419,request,and the postal code
11420,null,unintelligible
11421,thankyou,thank you good bye
11422,inform,expensive restaurant serves
11424,inform,arotrian
11425,request,area
11426,inform,expensive
11428,request,phone number
11429,request,area
11430,request,area
11431,request,area of the venue
11432,thankyou,thank you goodbye
11433,null,noise
11434,inform,west part of town
11435,inform,cheap
11436,reqalts,do you have another option anything else
11437,request,could have the phone number
11438,thankyou,thank you good bye
11442,inform,i would like to find a moderately priced restaurant
11443,inform,north part of town
11445,affirm,yes
11446,request,may i have the phone number
11447,request,what is the type of food
11448,thankyou,thank you good bye
11450,inform,i dont care
11451,inform,kosher food
11453,request,what is the price range
11454,thankyou,thank you good bye
11455,inform,im looking for an expensive restaurant that serves unintelligible food
11456,inform,i dont care
11457,inform,jamaican
11458,inform,jamaican
11459,confirm,is there a jamaican restaurant
11461,thankyou,thank you good bye
11462,inform,find a moderately priced restaurant that serves bask food
11463,reqalts,what about british food
11465,thankyou,thank you good bye
11468,request,whats the address
11470,thankyou,thank you good bye
11471,null,cant
11472,inform,any price range
11473,inform,cantonese food
11475,inform,north part
11476,request,address
11477,request,phone number
11478,thankyou,thank you good bye
11479,inform,im looking for an expensive restaurant that serves portuguese food
11480,reqalts,is there anything that serves north american
11481,request,can i have the phone number and post code please
11482,thankyou,thank you good bye
11483,affirm,uh yes im looking for an expensive restaurant that serves korean food
11484,request,okay and can i get the address
11485,request,okay and what area is that
11486,request,okay and whats their phone number please
11488,inform,moderately priced
11489,inform,north
11490,inform,moderate
11491,request,address
11492,request,phone number
11493,request,post code
11494,request,post code
11495,thankyou,thank you good bye
11496,inform,in the north part of town that serves
11497,inform,i dont care
11498,inform,kosher
11499,reqalts,how about indian type of food
11500,null,okay
11501,request,what is the address
11503,request,what is the price range
11504,thankyou,okay thank you good bye
11505,inform,i need a cheap restaurant
11506,inform,barbecue food
11507,reqalts,what about indian food in the cheap price range
11508,inform,any area
11509,reqalts,anything else
11510,reqalts,anything else
11511,reqalts,is that the only one with indian food
11512,reqalts,anything else
11513,request,what is the address
11514,thankyou,thank you good bye
11515,inform,a expensive restaurant serving japanese food
11516,request,address
11517,request,phone number
11518,thankyou,thank you good bye
11519,affirm,yeah i need um um m
11520,inform,i dont care
11521,confirm,is that mexican food
11522,confirm,is it in the centre of town
11523,inform,i need a place in the centre of town that serves mexican food
11524,reqalts,how bout asian
11527,inform,i need asian food
11528,inform,in the centre of town
11529,inform,asian oriental food in the centre
11530,request,alright whats its phone number
11531,thankyou,thank you goodbye
11532,inform,id like to find a restaurant
11534,inform,restaurant
11536,null,appleton wisconsin
11538,null,noise
11539,inform,uh restaurant in the west part of town
11540,inform,serving barbecue food
11542,inform,barbecue food
11544,inform,barbecue food
11545,reqalts,how about thai food
11547,request,what is the address phone number and price range
11549,thankyou,thank you good bye
11552,request,address
11553,request,phone number
11554,thankyou,thank you good bye
11556,reqalts,how about thai food
11558,request,and what is the price range
11559,thankyou,thank you good bye
11560,inform,north
11562,inform,asian oriental
11563,request,whats the phone number and address
11564,thankyou,thank you good bye
11565,inform,breath im looking for a restaurant in the east part of tow
11566,inform,cheap
11568,inform,moderate
11569,inform,high priced
11570,inform,expensive noise
11571,request,address
11572,thankyou,thank you goodbye
11574,inform,uh is there a steak house
11575,confirm,okay is there a chinese restaurant in the north part of town
11576,repeat,can you repeat that
11577,bye,alright so im very good thanks good bye
11580,null,noise
11581,request,address
11582,request,phone number
11583,bye,goodbye
11584,inform,noise im looking for a moderately priced restaurant
11585,inform,in the north part of town
11586,thankyou,thank you good bye
11587,inform,id like a restaurant in south part of town that serves japanese
11588,inform,i dont care
11589,inform,japanese
11590,reqalts,what about portugese
11591,request,could i have the phone number and address please
11592,thankyou,thank you good bye
11593,inform,traditional
11594,inform,italian food
11595,inform,south
11596,request,phone number
11597,request,post code
11598,thankyou,thank you good bye
11599,inform,sea food
11600,inform,cheap
11602,request,address
11603,thankyou,thank you good bye
11604,inform,im looking for a cheap restaurant and it should be in north part of town
11606,request,and the post code
11607,thankyou,thank you good bye
11609,inform,gastropub
11610,inform,gastropub
11611,reqalts,how about the moderate price range
11613,request,the area
11614,thankyou,thank you goodbye
11615,inform,find a restaurant serving cuban food
11616,inform,north
11618,inform,price does not matter
11620,reqalts,what about cuban food
11621,thankyou,thank you good bye
11622,inform,moderate
11623,inform,swedish food
11625,request,can i have the phone number
11626,thankyou,thank you good bye
11627,hello,hello darling im looking for a restaurant in the north part of town
11628,inform,it doesnt matter dear
11629,inform,african food please
11632,request,and what about the phone number
11633,request,excellent and what is the price range of that venue
11634,thankyou,thank you goodbye
11635,inform,moderately priced french food
11636,inform,french
11637,inform,any price range
11638,inform,any
11639,inform,any price range
11640,inform,expensive
11641,request,address
11642,request,phone number
11643,thankyou,thank you good bye
11645,inform,uh north
11646,inform,north
11647,request,address
11648,thankyou,thank you good bye
11650,null,unintelligible
11651,null,how about
11654,thankyou,thank you good bye
11655,inform,afghan food
11656,inform,korean food
11657,request,address price range
11658,request,price range
11659,thankyou,thank you good bye
11660,inform,moderately priced
11661,inform,any
11662,inform,west
11663,request,the address
11664,request,phone number
11665,null,sil
11666,thankyou,thank you good bye
11667,inform,i would like to find a restaurant in the west part of town
11670,request,may i get the address and phone please
11671,request,what is the price range
11672,thankyou,thank you good bye
11673,inform,north
11674,inform,north
11675,inform,moderate
11676,request,address
11677,thankyou,thank you good bye
11678,null,system
11679,inform,chinese food please
11680,inform,cheap
11681,confirm,is it in the south part of town
11683,request,what is the type of food
11684,null,okay
11686,inform,im looking for an expensive restaurant in the south part of town
11687,inform,italian
11688,inform,thai
11689,request,address
11690,request,phone number
11694,inform,i would like to find an expensive restaurant in the south part
11695,inform,does not matter
11696,inform,any type of food is okay
11697,request,what is the address
11699,request,what type of food
11700,thankyou,okay thank
11701,thankyou,thank you good bye
11702,inform,id like a international restaurant in the north part of town
11703,reqalts,how about italian
11704,request,what is the address and phone number
11705,inform,cheap restaurant barbecue food
11706,inform,barbecue
11707,inform,mediterranean
11708,request,phone number
11709,request,post code
11710,thankyou,thank you good bye
11712,request,phone number and address
11713,request,address
11714,thankyou,thank you good bye
11716,request,whats the address
11717,thankyou,thank you good bye
11718,inform,north
11719,inform,dont care
11720,inform,cheap
11721,request,address
11722,request,phone number
11723,thankyou,thank you good bye
11726,request,what is the post code
11727,thankyou,thank you good bye
11728,inform,dont care
11729,request,what is the address
11730,request,post code
11731,thankyou,thank you good bye
11732,inform,a vietnamese
11734,reqalts,anything else
11735,null,uh
11737,reqalts,next
11740,request,phone number
11741,request,post code
11742,thankyou,okay thank you good bye
11743,inform,moderately priced
11744,inform,south
11745,inform,south part of town
11746,request,address
11747,thankyou,thank you good bye
11748,null,unintelligible
11749,inform,french food
11750,request,address
11751,request,phone number
11752,request,price range
11753,thankyou,thank you good bye
11754,inform,cheap restaurant serving chinese food
11756,thankyou,thank you good bye
11757,affirm,uh yes im looking for a restaurant in the center that serves lebanese food
11758,request,okay can i get their address
11759,request,and their phone number
11760,request,and whats the price range
11761,bye,okay thank you very much and good bye
11764,inform,north
11765,request,whats the address
11766,request,what type of food is it
11767,bye,alright thank you good bye
11768,null,unintelligible
11769,inform,im looking for a restaurant serving romanian food
11770,reqalts,how about thai
11771,request,phone
11772,request,can i have the phone number and the price range
11773,thankyou,thank you good bye
11774,null,oh
11775,null,i want to find
11776,inform,a restaurant in any area
11777,null,okay
11778,thankyou,okay thank you
11780,inform,i want a moderately priced restaurant in the west part of town
11782,affirm,yes
11784,reqalts,is there anything
11787,reqalts,i want a different res
11788,reqalts,give me a different restaurant
11789,bye,goodbye
11790,inform,looking for a restaurant in the north part of town
11791,inform,polynesian food
11793,inform,that doesnt matter
11795,thankyou,thank you good bye
11796,null,sil
11797,inform,south part of town
11798,inform,belgian food
11799,request,may i have the phone number
11800,request,may i have the address
11801,thankyou,thank you good bye
11802,inform,restaurant in the south
11803,inform,that serves turkish food
11804,null,noise
11806,null,noise
11807,request,whats the address
11809,thankyou,thank you good bye
11810,inform,i would like to find a cheap restaurant
11811,request,can i get the address
11812,request,can i have the phone number
11813,thankyou,thank you good bye
11814,inform,i wanna find a moderately priced restaurant in the east part of t
11815,request,phone number
11816,affirm,yes
11818,thankyou,thank you goodbye
11820,request,address
11822,inform,i want an expensive restaurant that serves african food
11824,thankyou,thank you good bye
11825,inform,im looking for a moderately priced restaurant in the north
11826,inform,the north part of town
11827,request,whats their address
11829,thankyou,thank you good bye
11830,inform,cheap restaurant in the south part of town
11831,reqalts,anything else
11832,request,what is the address
11833,request,what type of food is it
11834,thankyou,thank you good bye
11836,inform,any
11837,inform,south
11838,request,price range
11839,request,address
11840,request,phone number
11841,thankyou,thank you goodbye
11842,inform,a moderately priced restaurant
11843,inform,it has to serve unusual
11844,reqalts,how about spanish
11845,request,and the phone number
11846,request,and what is the post code
11847,bye,alright thank you good bye
11849,inform,any
11850,request,address
11851,request,and phone number
11852,request,address
11853,thankyou,thank you good bye
11854,inform,id like a cheap italian restaurant
11855,inform,any part of town
11856,confirm,is it cheap
11857,request,what is the address and post code
11858,thankyou,thank you good bye
11859,request,can i have the phone number
11860,request,and the address
11861,thankyou,thank you good bye
11862,inform,expensive restaurant
11863,inform,swiss food
11864,inform,mediterranean food
11865,request,address
11866,request,phone number
11867,thankyou,thank you good bye
11868,null,noise
11869,null,im looking
11870,inform,im looking for an expensive restaurant in the
11871,inform,south part of town
11872,reqalts,anything else
11874,thankyou,thank you good bye
11877,affirm,yes
11879,inform,expensive restaurants
11880,inform,north american food
11881,request,whats the telephone number
11882,request,and the price code
11883,thankyou,thank you good bye
11884,inform,im looking for a moderately priced restaurant in the west part of town
11885,request,what is the address and post code
11886,thankyou,thank you good bye
11887,null,sil
11888,inform,i am looking for a cheap restaurant in the west part of town
11891,thankyou,thank you good bye
11893,reqalts,anything else
11894,reqalts,anything else
11895,request,okay can i have the phone number
11896,request,and the address
11897,thankyou,thank you good bye
11898,inform,breath id like a cheap restaurant in the south part of town
11899,request,could i have the phone number and type of food
11900,request,breath what type of food is it
11901,thankyou,thank you goodbye
11902,inform,can i have a cheap restaurant in the west part of town
11903,request,can i have the phone number
11904,thankyou,thank you good bye
11905,inform,looking for a moderately priced restaurant
11906,inform,any
11907,inform,west
11908,request,what is the phone number and address
11909,thankyou,uh thank you good bye
11910,inform,im looking for a restaurant in the west part of town serving
11911,inform,polish food
11913,request,whats their address
11914,request,and their phone number
11915,thankyou,thank you good bye
11916,null,noise
11917,inform,south part of town
11919,request,what food is available
11920,request,what type of food
11921,request,may i have the address
11922,request,may i have the phone number
11923,request,and for good luck what is the post code
11925,inform,i want to find a moderately priced restaurant on the east p
11926,thankyou,thank you goodbye
11928,request,the address
11929,thankyou,thank you good bye
11930,inform,moderate restaurant
11931,inform,dont care
11932,inform,austrian
11933,request,phone number
11934,thankyou,thank you good bye
11936,request,can you give me the address
11938,thankyou,thank you good bye
11939,null,unintelligible
11940,affirm,yes iam looking for a cheap restaurant in the south part of town
11942,request,could i get their address and phone number
11945,null,what is the
11947,null,whats the promo code
11950,request,address and post code
11953,inform,expensive restaurant
11954,null,whats the code
11955,null,whats the code
11958,inform,im looking for expensive restaurants in the east part of town
11959,inform,any kind of food
11960,null,noise
11961,reqalts,anything else
11963,request,what is the address
11964,thankyou,okay thank you good bye
11965,inform,it doesnt matter
11967,thankyou,thank you goodbye
11968,inform,im looking for a restaurant that serves mexican food
11969,request,the address phone number and postcode
11971,request,the address
11972,request,phone number
11973,thankyou,thank you goodbye
11974,inform,im looking for world food
11976,null,okay
11977,affirm,yes
11978,repeat,can you repeat that
11979,request,can you give me the phone number
11980,repeat,can you repeat that
11982,thankyou,very good thank you bye bye
11983,hello,hi im looking for
11984,inform,im looking for an expensive restaurant and it should be in the south part of town
11985,inform,i dont care
11986,confirm,is it an expensive restaurant
11988,thankyou,thank you good bye
11989,inform,looking for a restaurant in the west part of town
11992,request,can i get address
11993,request,the phone number
11995,thankyou,thank you good bye
11996,inform,moderately priced
11997,inform,doesnt matter
11998,inform,north part
12000,thankyou,thank you good bye
12001,null,noise
12002,inform,i dont care
12004,inform,im looking for a cheap restaurant in the south part of town
12005,request,and whats their address
12006,request,and their phone number
12007,thankyou,thank you good bye
12008,inform,scottish food
12009,inform,scottish food
12010,inform,korean food
12011,request,phone number
12012,thankyou,thank you goodbye
12014,request,whats the address
12016,request,whats the post code
12017,thankyou,thank you good bye
12019,reqalts,how about asian oriental
12021,thankyou,thank you good bye
12022,inform,italian food
12023,inform,any part
12024,inform,cheap
12025,request,address
12026,request,post code
12027,thankyou,thank you good bye
12028,inform,unusual food
12029,inform,expensive
12030,inform,centre
12031,inform,unusual
12032,inform,north
12033,inform,south
12034,inform,west
12035,inform,mediterranean
12036,inform,moderate
12037,inform,city centre
12038,inform,expensive
12039,thankyou,thank you goodbye
12041,request,whats the post code
12042,request,whats the address
12043,request,phone number
12044,thankyou,thank you good bye
12045,inform,im looking for a restaurant in the north part of town serving
12047,null,survey
12050,inform,asian food in the north part of town
12051,inform,asian
12053,null,unintelligible
12055,reqalts,okay fine what about asian food
12056,inform,what about asian food
12057,request,can i have the phone number
12058,thankyou,thank you good bye
12059,inform,kosher for in the central
12060,inform,korean food
12061,request,address
12062,request,phone number
12063,thankyou,thank you good bye
12064,hello,hi im looking for cuban food
12065,inform,i am looking for a modern european food
12066,inform,i dont care
12067,inform,expensive
12068,request,the address
12069,request,and the phone number
12070,thankyou,thank you good bye
12072,inform,do you have vietnamese food
12073,request,uh can i have the address
12074,thankyou,thank you good bye
12075,reqalts,what about european food
12077,request,what is the post code
12078,thankyou,thank you good bye
12079,null,free
12080,inform,cheap
12081,request,phone number
12082,request,phone number
12083,request,phone number
12084,request,phone number
12085,request,phone number
12086,thankyou,thank you good bye
12087,null,sil
12088,inform,im looking for a restaurant serving venetian food
12090,inform,im looking for a restaurant serving asian oriental
12091,inform,i dont care about the price range
12092,request,noise address and the post code of the venue
12093,request,can i have the address of the venue
12094,thankyou,thank you goodbye
12096,inform,what about mediterranean food
12098,request,and the post code
12099,thankyou,thank you good bye
12101,inform,any
12102,inform,tuscan
12103,inform,italian food
12104,request,address
12105,request,phone number
12106,inform,moderately priced restaurant in north part of town
12107,request,what is the address
12108,thankyou,thank you good bye
12109,inform,looking for a restaurant that serves portuguese food
12110,inform,i dont care about the price range
12111,request,whats its price range
12112,request,may i have the address
12114,inform,expensive
12115,inform,dont care
12116,inform,um world food
12117,inform,italian
12118,request,address
12119,request,phone number
12120,thankyou,thank you good bye
12122,request,address
12123,request,phone number
12124,thankyou,thank you good bye
12127,affirm,yes
12129,reqalts,what else do you have
12130,request,what is the address
12131,thankyou,thank you good bye
12132,inform,im looking for mexican food
12133,request,what is the price range
12134,null,okay
12136,request,what is the address
12137,thankyou,water cherries thank you good bye
12138,null,sil
12141,negate,no
12142,inform,i dont care
12144,request,type of food do they serve
12145,inform,there korean food
12147,inform,i want to find an expensive restaurant that serves korean food
12148,inform,i want to find an expensive restaurant that serves korean food
12149,inform,korean
12151,inform,is there staurant that serves unusual food
12152,negate,no thank you goodbye
12153,inform,im looking for a cheap restaurant in the east part of town
12155,request,what is the post code
12156,thankyou,thank you good bye
12157,inform,ringing i need a moderately priced restaurant
12158,inform,in the east part of town
12159,inform,anything
12160,affirm,yes
12161,inform,moderate
12162,request,i would like to know the phone number
12163,thankyou,thank you good bye
12164,inform,i want to find a restaurant
12165,inform,it doesnt matter i need the north part of town
12166,affirm,yes
12167,inform,in the north part of town
12169,thankyou,thank you good bye
12170,inform,im looking for a cheap restaurant in the north part of town
12171,inform,italian
12172,reqalts,anything else
12173,reqalts,anything else
12176,thankyou,thank you good bye
12177,inform,is there one serving european type food
12178,affirm,yes
12179,inform,i dont care
12180,inform,i dont care
12181,request,can i have the phone number
12182,thankyou,thank you good bye
12183,inform,im looking for something in the center of town
12184,request,whats its address
12185,request,what is its address
12186,request,can i have its post code
12187,thankyou,thank you good bye
12188,inform,something in the north part of town serving chinese food
12189,inform,any price range
12190,request,phone number
12192,request,phone number
12193,request,phone number
12194,inform,whats a cheap restaurant in the west
12195,inform,cheap
12196,affirm,yes
12197,request,whats the address phone number and post code
12198,request,post code
12199,thankyou,thank you good bye
12200,inform,restaurant
12203,inform,west
12204,request,address
12205,request,phone number
12206,request,price range
12207,thankyou,thank you good bye
12208,affirm,yes
12209,inform,any
12210,inform,any
12211,inform,moderate
12212,inform,expensive
12213,inform,expensive
12215,thankyou,thank you good bye
12216,null,noise
12218,inform,gastropub food
12219,inform,south
12220,null,noise
12221,inform,south
12222,inform,north
12223,thankyou,thank you good bye
12225,inform,west part of town
12226,inform,i dont care
12227,reqalts,anything else
12229,request,what is the address
12230,thankyou,thank you good bye
12232,inform,christmas food
12233,inform,christmas food
12234,inform,christmas
12237,affirm,yes
12238,inform,i dont care
12239,request,whats their address
12240,inform,peking restaurant
12241,request,whats the address
12243,thankyou,thank you goodbye
12244,inform,brazilian food
12245,inform,brazilian food
12246,negate,no
12247,inform,dont care
12248,inform,dont care
12249,inform,brazilian food
12251,request,phone number
12252,request,phone number
12253,thankyou,thank you good bye
12255,request,what is the address and phone number
12257,thankyou,thank you good bye
12258,null,noise
12259,inform,noise im looking for a restaurant serving vegetarian food
12260,inform,vegetarian food
12261,null,noise
12262,inform,im looking for a restaurant serving vegetarian food
12263,reqalts,how about vietnamese type of food
12264,inform,if there is no such venue how about vietnamese type of food
12265,negate,no
12266,reqalts,how about vietnamese type of food
12267,inform,im loooking for a restaurant serving vietnamese type of food
12268,request,can i have the address of the venue
12269,null,noise
12270,thankyou,thank you goodbye
12272,inform,turkish
12273,inform,i dont care
12274,inform,i dont care
12275,request,whats the address
12276,thankyou,thank you good bye
12277,inform,im looking for an expensive restaurant
12278,affirm,yes
12280,inform,um anything else
12281,request,what is the address and phone number
12282,thankyou,thank you good bye
12283,inform,i need a restaurant that serves canape
12285,negate,no
12286,inform,i need a restaurant that serves canape
12287,inform,i need a restaurant that serves canape
12288,reqalts,ah how bout a turkish type of food
12289,affirm,yes and it needs to be moderately priced
12290,inform,it doesnt matter
12291,inform,any
12292,request,whats the address
12293,thankyou,goodbye thank you
12294,inform,looking for a restaurant in the south part of town with german food
12295,affirm,yeah
12296,reqalts,what about chinese type food
12297,reqalts,what about chinese type of food
12298,reqalts,what about chinese type of food
12299,affirm,yeah
12300,affirm,yeah
12301,inform,i dont care
12303,request,and the price range
12304,thankyou,thank you good bye
12305,inform,cheap
12306,inform,cheap
12307,inform,cheap
12308,affirm,yes
12309,affirm,yes
12310,inform,north
12311,inform,cheap
12312,inform,cheap
12313,inform,cheap
12314,reqalts,anything else
12315,request,phone number
12316,thankyou,thank you good bye
12317,null,system saying hello welcome
12318,inform,it serves turkish food
12319,inform,doesnt matter
12320,inform,it doesnt matter
12322,reqalts,how about italian food
12323,reqalts,how about italian food
12325,request,could i have the address and phone number
12326,thankyou,thank you goodbye
12327,null,unintelligible
12330,inform,asian oriental
12331,inform,north
12332,inform,cheap
12333,request,address and phone number
12334,null,noise
12336,inform,it doesnt matter
12337,request,address
12338,thankyou,thank you good bye
12340,reqalts,are there any others
12341,reqalts,are there any other restaurants
12342,inform,ah im looking for a restaurant in the center serving french food
12343,request,can i get the address
12344,thankyou,thank you goodbye
12345,inform,cuban food
12346,inform,cuban
12347,negate,no
12348,inform,cuban
12349,inform,i do not care
12350,confirm,do they serve cuban
12352,inform,cuban restauran
12353,negate,no i would like a cuban restaurant
12354,inform,i do not care
12355,inform,again i do not care
12356,affirm,ye
12357,inform,a restaurant that serves
12358,inform,cuban food
12360,affirm,breath correct
12361,negate,no
12362,negate,no cuban food cuban food
12363,negate,no asian oriental
12364,negate,no
12365,negate,no
12366,affirm,yes
12367,inform,a cuban restaurant cuban restaurant
12368,affirm,ye
12369,inform,serving cuban food
12370,reqalts,how about asian oriental
12371,inform,asian oriental
12372,thankyou,thank you goodbye
12373,inform,looking for mediterranean food uh west side of town
12374,inform,mediterranean
12375,inform,are there mediterranean restaurants in the center of town
12376,inform,are there mediterranean restaurants in the center of town
12377,ack,im good
12378,request,whats the address
12380,request,the phone number
12381,thankyou,thank you good bye
12382,null,noise
12384,inform,im looking for asian oriental type food
12386,request,what is the address and phone number
12387,thankyou,thank you good bye
12388,inform,id like a restaurant in the south part of town
12389,inform,basque food
12390,affirm,yes
12391,request,what is the phone number and address
12392,thankyou,thank you good bye
12394,inform,um then im looking for european food
12395,affirm,yes
12396,inform,any price range
12397,request,whats the address
12399,thankyou,thank you good bye
12401,negate,no in the south
12402,reqalts,how about portuguese food
12403,reqalts,how about portuguese food
12404,inform,portuguese type of food
12405,affirm,yes
12406,request,what is the phone number and address
12407,request,i want to know the phone number
12408,request,what is the address
12409,thankyou,thank you good bye
12410,thankyou,thank you good bye
12411,null,is
12412,inform,sea food
12413,inform,expensive
12414,inform,expensive
12415,request,address
12416,request,area
12417,request,what area
12418,thankyou,thank you good bye
12420,inform,british food
12421,inform,moderately priced
12422,inform,i dont care
12423,request,okay whats the phone number
12424,thankyou,thank you good bye
12425,inform,im looking for something moderate
12427,null,unintelligible
12428,null,unintelligible
12429,inform,the south side
12430,inform,the south side
12432,request,what type of food
12433,request,can you give me the phone number
12434,null,unintelligible
12436,inform,south
12437,inform,south
12440,inform,can i find a moderately priced restaurant
12442,affirm,yes
12443,affirm,yes
12444,hello,laughing hello
12445,request,what type of food
12446,thankyou,thank you goodbye
12447,inform,moderately priced
12448,inform,west part of town
12449,inform,any
12450,request,phone number
12451,request,address
12452,thankyou,thank you good bye
12453,inform,i want a moderately priced restaurant in the south part of town
12454,null,make a suggestion
12455,affirm,right
12457,thankyou,thank you good bye
12458,inform,im looking for a restaurant in the east part of town that serves british food
12460,request,and the post code
12461,thankyou,thank you good bye
12462,inform,expensive restaurant european food
12463,affirm,right
12464,affirm,yes
12465,inform,south
12466,null,noise
12467,null,noise
12468,request,phone number
12470,request,what area
12471,thankyou,thank you good bye
12472,null,noise
12473,null,noise
12474,inform,noise im looking for moderately priced in the north part of cleveland ohio
12475,affirm,yes
12476,affirm,yes
12477,thankyou,thank you good bye
12478,inform,i want a restaurant in the west part of town serving australian food
12479,negate,no australian food
12481,inform,italian food
12482,inform,italian
12483,affirm,yes
12484,inform,doesnt matter
12485,inform,moderate
12487,thankyou,thank you good bye
12490,affirm,yes
12491,inform,any part
12492,request,address
12493,request,can i get the address
12494,request,phone number
12495,thankyou,thank you good bye
12498,inform,british
12499,null,noise
12500,inform,im looking for a british restaurant
12501,affirm,yes
12502,inform,cheap
12503,null,noise
12504,inform,i dont care
12506,inform,moderately priced
12507,request,whats their address
12508,request,and their phone number
12509,request,what kind of food do they serve
12510,thankyou,thank you good bye
12511,inform,i am looking for a restaurant in the east part of town
12512,inform,eritrean
12513,reqalts,how about chinese food
12514,inform,what about a restaurant serving chinese food
12515,inform,what about a restaurant serving chinese food
12516,affirm,yes
12517,request,whats the address
12518,request,and would you be able to tell me the phone number
12519,thankyou,thank you goodbye
12520,inform,id like to find a restaurant in the west part of town that serves christmas food
12521,reqalts,how about italian food
12522,inform,italian food
12523,affirm,right that serves italian food
12524,inform,i dont care
12525,request,may i have the phone number
12526,thankyou,thank you good bye
12528,inform,swedish
12529,inform,asian oriental
12530,inform,i dont care
12531,null,unintelligible
12532,inform,cheap
12533,request,what is the phone number and address
12534,thankyou,thank you good bye
12535,thankyou,thank you good bye
12536,thankyou,thank you good bye
12539,inform,chinese restaurant
12540,inform,any part of town
12542,request,what is the address and phone number
12543,thankyou,thank you good bye
12544,inform,im looking for a restaurant in the north part of town serving international food
12545,reqalts,how about italian food
12546,inform,find me italian food
12547,inform,id like italian food
12548,request,what is the address and phone number
12549,thankyou,thank you good bye
12550,inform,uh im looking for a cheap restaurant in the north part of town
12551,inform,um it doesnt matter
12553,request,i need the address
12554,thankyou,okay thank you
12555,thankyou,thank you good bye
12556,inform,doesnt matter
12557,affirm,correct
12558,inform,south
12559,inform,moderate
12560,thankyou,thank you good bye
12564,negate,no
12566,thankyou,thank you good bye
12567,thankyou,thank you good bye
12568,inform,im looking for a moderately priced restaurant that serves sea food
12569,inform,sea food
12570,affirm,right
12571,confirm,is there a chinese restaurant
12572,inform,im searching for a chinese restaurant
12573,affirm,right
12574,inform,moderate
12575,inform,any
12576,request,phone number
12577,inform,dont care whats the phone number
12578,thankyou,thank you good bye
12579,inform,im looking for an expensive restaurant in the south part of town
12580,inform,i dont care
12582,request,what is the post code
12583,thankyou,thank you good bye
12584,affirm,yeah im looking for a restaurant serving kosher food
12585,inform,kosher
12586,inform,kosher
12587,negate,no
12588,negate,no thats good because i want um asian oriental
12589,negate,no
12590,null,oh my god
12591,inform,um asian oriental restaurant
12592,affirm,yes
12593,inform,i dont care
12594,inform,i dont care
12595,inform,moderate
12596,request,okay whats the address
12599,thankyou,i know thank you goodbye
12600,inform,looking for a restaurant that serves corsica food in any area
12601,negate,no
12603,reqalts,how about mediterranean
12604,reqalts,how about mediterranean
12606,inform,dont care
12607,inform,dont care
12608,request,what is the address
12610,request,what is the post code
12611,thankyou,thank you good bye
12612,null,uh
12613,affirm,yes
12614,reqalts,anything else
12615,request,uh what type of food
12616,request,and the address
12617,request,what type of food
12618,request,the address please
12619,thankyou,thank you good bye
12621,inform,spanish food
12623,inform,i want to find a restaurant moderately priced in the south part of town
12624,thankyou,thank you good bye
12626,inform,um british
12627,inform,uh italian
12628,inform,uh italian
12633,confirm,is it cheap
12634,inform,uh i need one in the cheap price range
12636,request,uh okay how about the address
12637,request,and the phone number
12638,thankyou,and i think thatll do it thank you good bye
12639,inform,im looking for belgian food in the south part of town
12642,inform,indian food
12644,thankyou,thank you good bye
12645,inform,cheap restaurant in th east part of town
12646,request,address
12647,request,phone number
12648,thankyou,thank you good bye
12649,negate,no
12650,inform,i dont care
12652,inform,i dont care
12653,negate,no
12654,negate,no
12655,thankyou,thank you good bye
12656,inform,id like to find a restaurant serving crossover food
12659,reqalts,what about vietnamese food
12660,reqalts,what about vietnamese food
12661,reqalts,how about vietnamese
12662,inform,vietnamese
12663,negate,no
12664,reqalts,what about vietnamese food
12665,reqalts,what about vietnamese food
12668,negate,no i am looking for a vietnamese restaurant
12669,request,what is the address
12670,thankyou,thank you goodbye
12671,inform,cheap restaurant in th east part of town
12672,request,what type of food does it have
12673,request,okay may i have the address
12674,request,may i have the address
12675,thankyou,thank you good bye
12677,inform,korean
12678,request,whats the address phone number and area of the venue
12679,thankyou,thank you good bye
12680,inform,unusual food
12681,inform,unusual food
12682,inform,unusual food
12684,inform,i dont care
12685,inform,i dont care
12686,request,address
12687,thankyou,thank you goodbye
12689,inform,eritrean food
12690,affirm,yes
12691,inform,expensive
12692,thankyou,okay thank you bye
12693,inform,im looking for a moderately priced restaurant serving creative food
12694,reqalts,what about international
12695,reqalts,what about international food
12697,inform,doesnt matter
12698,inform,dont care
12699,request,whats the address
12700,request,whats the post code
12701,thankyou,thank you good bye
12702,inform,italian
12703,inform,italian
12704,inform,italian
12705,inform,south
12706,inform,south
12707,inform,south town
12708,inform,south town
12709,inform,moderate
12710,inform,moderate
12711,affirm,yes
12712,request,can i have the address and phone number
12713,request,phone number
12714,thankyou,thank you good bye
12715,inform,i would like mexican food
12716,request,what is the address and post code
12718,thankyou,thank you good bye
12721,request,can i have the phone number please
12722,bye,very good thank you good bye
12723,null,noise
12724,inform,i want to find a cheap restaurant in the south part of town
12725,negate,no
12728,inform,can i have a cheap restaurant
12729,negate,no
12730,inform,i want to find a cheap
12731,inform,cheap
12732,inform,c h e a p cheap
12733,null,laugh
12735,null,cough
12737,inform,cheap
12738,reqalts,how about the south part of town
12739,inform,ok i want to find a restaurant in the south part of town
12741,negate,no
12744,inform,restaurant in the south part of town
12745,inform,a cheap restaurant in the south part of town
12746,negate,no
12747,thankyou,thank you good bye
12748,thankyou,thank you good bye
12749,null,unintelligible
12750,inform,a moderately priced restaurant
12751,null,noise
12752,null,noise
12753,null,noise
12754,inform,north part of town please
12756,null,noise
12757,null,noise
12758,null,noise
12759,null,noise
12762,request,what is their special dish
12764,bye,goodbye
12765,inform,expensive restaurant east part of town
12766,inform,any any type
12767,affirm,yes
12768,reqalts,anything else
12769,request,phone number
12770,request,the phone number
12771,request,post code
12773,inform,moderately priced
12774,inform,it doesnt matter
12775,affirm,yes
12776,request,and the address
12777,thankyou,thank you good bye
12778,inform,im looking for european food
12779,inform,any
12780,inform,any
12781,inform,any price range
12782,inform,any price range
12785,inform,french food
12786,negate,no french food
12787,inform,any
12788,inform,any
12789,inform,any part
12790,inform,expensive
12792,request,what the phone number
12793,thankyou,thank you good bye
12794,inform,christmas food
12795,inform,asian oriental
12796,inform,north
12797,null,noise
12798,inform,north
12799,request,address
12800,request,phone number
12801,thankyou,thank you good bye
12802,inform,im looking for a restaurant in the north part of town that serves caribbean food
12803,negate,no caribbean
12804,affirm,yes
12805,reqalts,how about asian oriental
12806,inform,asian oriental
12807,negate,no
12808,inform,im looking for a restaurant in the north part of town that serves asian oriental food
12809,inform,asian oriental
12810,negate,no
12811,inform,asian oriental
12812,request,what is the address
12813,request,and the phone number
12814,thankyou,thank you good bye
12815,inform,restaurant with corsica food
12816,affirm,yes
12817,null,how about
12818,inform,gastro
12819,reqalts,how about gastropub food
12820,inform,gastropub food
12822,affirm,yes
12823,inform,any
12824,request,address phone number and postcode
12825,thankyou,thank you goodbye
12826,inform,im looking for an african restaurant
12827,request,address and the post code
12828,thankyou,thank you good bye
12829,inform,i want to find a moderately priced restaurant in the west part town
12830,inform,moderately priced
12831,inform,moderately priced
12832,inform,moderate
12833,inform,moderate
12835,request,what type of food does it have
12838,thankyou,thank you good bye
12840,thankyou,thank you good bye
12841,inform,looking for romanian food in the east part of town
12842,reqalts,how about chinese food
12844,affirm,yes
12845,thankyou,thank you good bye
12846,reqalts,is there a restaurant in the west part of town that serves thai food
12847,inform,is a restaurant in the west part of town that serves
12852,inform,thai
12855,affirm,yes
12856,confirm,is there a thai restaurant in the west of town
12857,confirm,is there a thai restaurant in the west of town
12858,thankyou,thank you goodbye
12859,inform,west part of town
12860,null,sil
12861,inform,west
12863,inform,moderate price
12864,inform,west part of town
12865,negate,no
12866,inform,west part of town
12868,inform,moderate
12869,inform,moderate
12870,inform,moderate
12871,inform,moderate moderate moderate moderate
12872,inform,moderate
12873,confirm,is it moderately priced
12874,affirm,yes moderate priced
12875,affirm,yes
12876,affirm,yes
12877,null,left
12878,inform,west
12879,inform,west
12880,inform,west part of town
12881,thankyou,thank you goodbye
12882,inform,indian food
12886,affirm,right
12887,thankyou,thank you good bye
12889,request,okay um whats the price range
12890,request,okay can i get the address
12891,request,and whats the phone number
12893,null,cough
12894,inform,uh gastropub
12896,null,um
12897,inform,center
12898,request,okay can i get the address
12899,request,okay can i get the address
12900,ack,okay um
12901,thankyou,thank you and good bye
12902,inform,cheap restaurant in the west part of town
12903,inform,gastropub
12904,inform,italian
12905,inform,italian
12907,null,sil
12909,request,what area
12910,null,noise
12911,null,sil
12912,request,what area is it located
12913,null,what is the
12914,request,address
12915,request,what is the postcode
12916,thankyou,thank you goodbye
12917,inform,im looking for a turkish restaurant in the east part of town
12918,reqalts,how about any part of town
12920,reqalts,how about a turkish restaurant
12921,request,whats the address
12922,null,sil
12923,request,whats the address
12924,thankyou,thank you good bye
12926,inform,any
12927,affirm,yes
12928,request,may i have the address
12929,request,phone number
12930,thankyou,thank you good bye
12932,inform,i dont care
12933,request,what is the telephone number
12935,thankyou,thank you good bye
12936,inform,moderately priced
12937,negate,no
12938,negate,no
12939,inform,south
12940,inform,south
12942,inform,moderately priced
12943,reqalts,another type of food
12944,restart,reset
12945,affirm,yes
12946,inform,chinese
12947,affirm,yes
12948,affirm,yes
12949,thankyou,thank you good bye
12950,inform,indonesian food east part of town
12951,inform,indian food
12953,inform,any
12954,request,address and phone number
12955,request,address and phone number
12956,request,address
12957,thankyou,thank you goodbye noise
12958,inform,halo food
12959,affirm,yes
12963,inform,moderately
12964,inform,any
12965,inform,moderately
12966,inform,moderate
12967,request,phone number
12968,request,phone number
12969,thankyou,thank you good bye
12970,inform,breath i want a cheap restaura
12971,inform,south part of town
12972,null,um breath
12973,inform,i dont care
12974,affirm,ye
12975,request,what type of food is it
12977,thankyou,thank you goodbye
12978,inform,im looking for a place that serves mexican food
12979,null,i dont
12980,request,what is the address
12981,inform,im looking for a place that serves mexican food
12982,request,the address
12983,thankyou,thank you good bye
12984,inform,im looking for a cheap restaurant in the south part of town
12985,inform,any
12986,request,whats the address
12987,request,whats the post code
12988,thankyou,thank you good bye
12989,null,noise
12990,inform,i need to find a restaurant in the west part of town that serves chinese food
12991,affirm,yes
12994,affirm,yes
12995,affirm,yes
12996,inform,doesnt matter
12997,inform,anything
12998,request,give me the address phone number and price range
12999,request,what is the address
13000,request,what is the price range
13001,thankyou,thank you good bye
13002,inform,a restaurant in the south part of town hungarian food
13003,affirm,yes
13004,inform,modern european food
13005,affirm,yes
13006,request,address
13008,request,phone number
13009,thankyou,thank you good bye
13014,request,can i get the address
13015,null,noise
13016,request,can i get the address
13018,thankyou,thank you goodbye noise
13019,null,sil
13020,null,sil
13021,inform,chinese food thats moderately priced
13022,inform,moderate
13023,inform,it doesnt matter
13024,request,can i have the address and phone number
13025,thankyou,thank you good bye
13026,inform,looking for a restaurant in the north part of town and it should serve korean food
13027,inform,korean
13028,request,can i have the address and the price range
13029,null,please
13030,affirm,yes please can i have the address and the price range of the restaurant please
13031,request,and what is the price range
13032,thankyou,thank you good bye
13033,inform,irish food in the south part of town
13035,inform,irish
13036,inform,modern european
13037,affirm,yes
13038,request,address
13039,request,address
13040,request,phone number
13041,thankyou,thank you good bye
13042,inform,i need a restaurant in the north part of town that serves lebanese food
13043,inform,lebanse
13044,negate,no
13045,negate,no
13046,inform,i dont care
13047,affirm,yes
13050,reqalts,how about italian food
13051,reqalts,how about italian food
13052,request,whats the address
13054,thankyou,thank you good bye
13055,inform,greek restaurant north of town
13056,reqalts,uh what about indian
13057,inform,indian food
13058,affirm,yes
13059,inform,uh low price range
13060,inform,moderate
13061,request,give me the address and phone number
13062,thankyou,thank you good bye
13063,inform,hungarian
13064,negate,no
13065,null,sil
13066,inform,hungarian
13068,negate,no
13069,null,can you hear me
13070,null,okay
13074,inform,i need a restaurant in the east part of town
13075,inform,moderate
13076,request,address
13077,request,address
13078,request,telephone number
13079,thankyou,thank you good bye
13081,inform,any
13082,inform,north part of town
13083,inform,the north part
13084,inform,moderate
13085,request,whats its address
13086,thankyou,thank you good bye
13087,null,sil
13088,inform,i dont care
13089,inform,north
13090,inform,moderate
13091,reqalts,anything else
13092,reqalts,anything else
13093,request,phone number
13094,request,post code
13095,thankyou,thank you good bye
13096,inform,restaurant in west part of town
13097,null,sil
13099,negate,no
13102,inform,restaurant in west part of town
13103,negate,no
13107,thankyou,thank you good bye
13108,null,sil
13109,null,noise
13110,negate,no
13111,negate,no im looking for an expensive restaurant in the east part of town
13112,reqalts,new garden do you have any other
13113,request,do you have the address
13114,thankyou,thank you good bye
13115,inform,im looking for a cheap restaurant in the north part of town
13116,inform,im looking for a cheap restaurant in the north part of town
13117,inform,i dont care
13119,request,what type of food does it serve
13120,thankyou,thank you good bye
13122,null,unintelligible
13123,null,unintelligible
13124,null,unintelligible
13125,inform,moderate
13126,null,unintelligible
13127,inform,i dont care
13128,null,unintelligible
13129,null,unintelligible
13130,affirm,right
13131,affirm,yes
13132,affirm,right
13134,inform,moderate
13135,null,unintelligible
13136,affirm,yes
13137,null,unintelligible
13138,affirm,correct
13139,null,unintelligible
13140,affirm,correct
13141,null,unintelligible
13143,thankyou,thank you goodbye
13144,inform,im looking for a restaurant in any area that serves persian food
13145,reqalts,how about a restaurant serving vietnamese food
13148,request,whats the address
13149,request,and whats the phone number
13150,thankyou,thank you good bye
13151,inform,cheap list
13152,inform,doesnt matter west part of town
13153,affirm,yea in the west part of town
13154,affirm,yes
13156,request,what kind of food do they serve
13157,bye,alright thank you good bye
13158,null,noise
13159,null,noise
13160,null,sil
13161,inform,expensive restaurant
13162,inform,serving christmas food
13163,inform,british food
13164,inform,british
13165,request,phone number
13166,request,phone number
13167,null,sil
13168,inform,i am looking for an expensive restaurant in the south part of town
13169,inform,any type of food
13170,inform,cheap
13171,request,whats the address
13172,thankyou,thank you good bye
13173,inform,looking for a cheap restaurant
13175,request,whats the address
13177,thankyou,thank you good bye
13178,inform,looking for a restaurant in the east part of town
13179,inform,australian
13181,reqalts,are there any restaurants serving indian food
13182,reqalts,are there any restaurants serving indian food
13183,affirm,yes
13184,inform,i dont care
13185,request,thank you and whats the address
13186,request,and the phone number
13187,thankyou,thank you good bye
13188,inform,can i have a moderately priced restaurant in the south part of town
13189,inform,italian
13191,reqalts,is there any other type of food
13192,inform,restaurant there
13193,request,can i have the address and phone number please
13194,thankyou,thank you good bye
13195,inform,a restaurant in the west part of town
13196,inform,spanish food
13197,inform,spanish food any area
13198,inform,spanish food any area
13199,inform,any area
13200,inform,any price range
13201,request,an address
13203,bye,goodbye
13204,inform,polish food
13205,inform,modern european food
13206,inform,modern european food
13207,negate,no
13208,inform,any area
13209,inform,i dont care
13210,inform,i dont care
13212,thankyou,thank you goodbye
13213,inform,im looking for a cheap restaurant serving mediterranean food
13214,request,can i have the address of the venue
13215,thankyou,thank you good bye
13216,inform,i want to find a restaurant in the west part of town
13217,inform,moroccan
13218,reqalts,how about british
13219,affirm,yes
13220,affirm,yes
13221,negate,no
13222,request,what is the price
13223,request,what are the price ranges available
13224,inform,moderate
13225,request,whats the address
13226,request,the phone number
13227,thankyou,thank you good bye
13228,inform,im looking for a moderately priced restaurant that serves labenese food
13230,request,and can i have the post code please
13231,thankyou,thank you good bye
13232,inform,i want cantonese food
13235,inform,any price range
13236,reqalts,anything else
13237,request,what is the address
13238,request,what is the address
13239,thankyou,thank you good bye
13242,request,whats the address
13243,request,and the price range
13244,thankyou,thank you good bye
13245,affirm,yes
13246,null,noise
13247,affirm,yes
13248,inform,indian food
13249,affirm,yes
13250,inform,moderate
13251,thankyou,thank you good bye
13252,inform,dont care
13253,inform,doesnt matter
13254,inform,doesnt matter
13255,inform,does not matter
13256,inform,south
13257,inform,south
13258,inform,dont care
13260,request,where is the address and phone number
13261,request,what is the area
13262,thankyou,thank you good bye
13264,null,noise
13265,inform,dont care
13266,inform,west
13267,null,unintelligible
13268,inform,west
13269,inform,west
13270,inform,west
13271,request,phone number
13272,null,noise
13273,request,what is their phone number
13274,request,phone number
13275,request,what is their phone number
13276,null,unintelligible
13277,thankyou,thank you good bye
13278,null,unintelligible
13279,inform,dont care
13280,negate,no
13282,negate,no
13283,inform,dont care
13284,inform,i dont care
13289,inform,swedish food
13290,inform,swedish food
13291,null,sil
13292,inform,center part of town
13293,inform,modern european food
13294,request,address
13295,request,address
13296,thankyou,thank you good bye
13297,inform,i am looking for a restaurant in the center
13299,inform,catalan food
13300,negate,no
13301,negate,no
13302,inform,a restaurant in the center
13303,inform,a restaurant in the center
13304,null,serve
13305,inform,italian food in the center
13306,inform,italian food in the center
13307,affirm,yes
13308,request,can i get the phone number and price range
13309,request,price range
13310,thankyou,thank you good bye
13311,inform,im looking for a restaurant in the center part of town
13312,inform,belgium food
13313,inform,asian oriental
13314,inform,asian oriental
13315,affirm,yes
13316,inform,any
13317,inform,i dont care
13318,request,can i have the phone number
13319,thankyou,thank you good bye
13320,thankyou,thank you good bye
13321,inform,im looking for a restaurant in the east part of town that serves spanish food
13322,negate,no
13323,inform,spanish
13324,inform,spanish food
13325,inform,spanish
13326,reqalts,how about chinese food
13328,affirm,yes
13329,request,can i have the address phone number and postal code
13336,thankyou,thank you good bye
13337,inform,moderately priced restaurant in the south part of town
13338,inform,i dont care
13340,thankyou,thank you good bye
13341,null,sil
13342,inform,a cheap restaurant serving caribbean food
13344,inform,spanish food
13345,inform,spanish food
13346,inform,spanish food
13347,inform,spanish food
13348,inform,i dont care
13349,affirm,yes
13350,request,what is the address
13351,request,what is the signature dish
13352,request,what is the signature dish
13353,request,what is the signature dish
13354,request,what is the signature dish
13355,request,signature dish
13356,request,what is the signature dish
13357,thankyou,thank you good bye
13358,thankyou,thank you good bye
13359,inform,italian food
13360,negate,no
13361,inform,spanish
13362,inform,spanish food
13363,inform,doesnt matter
13364,inform,any part
13365,inform,any range
13366,inform,moderate
13367,request,address
13368,request,address
13369,thankyou,thank you good bye
13370,inform,expensive restaurant
13371,inform,vegitarian
13372,inform,asian oriental
13373,inform,asian oriental
13374,inform,the west
13375,inform,the west
13376,request,what area are the asian oriental restaurants
13377,inform,asian oriental
13379,inform,any
13380,inform,any
13381,inform,expensive
13382,inform,expensive restaurant
13383,inform,expensive restaurant
13384,thankyou,thank you goodbye
13385,inform,australian food
13386,inform,any area
13387,inform,any price range
13389,request,what is the post code
13390,thankyou,thank you good bye
13391,inform,looking for a restaurant in the north side of town
13394,reqalts,how about asian oriental
13395,reqalts,how about asian
13396,inform,asian
13397,negate,no asian
13398,inform,asian
13399,inform,asian
13400,null,sil
13402,negate,no
13403,inform,asian
13404,thankyou,thank you good bye
13405,inform,south
13406,inform,south
13407,affirm,yes
13408,affirm,yes
13409,inform,expensive
13410,reqalts,anything else
13411,request,address
13412,request,address
13413,request,phone number
13414,thankyou,thank you good bye
13416,inform,any
13417,inform,expensive
13418,null,noise
13419,inform,expensive
13421,inform,im looking for a cheap restaurant in the east part of town
13422,thankyou,thank you good bye
13423,affirm,yes can i get an expensive restaurant in the south part of town
13424,inform,doesnt matter
13425,affirm,yes
13426,reqalts,anything else
13427,inform,the food
13428,thankyou,thank you good bye
13430,reqalts,how about mediterranean food
13431,inform,mediterranean food
13433,thankyou,thank you good bye
13434,inform,moderately priced restaurant
13435,inform,in the north part of town
13436,inform,any
13439,thankyou,thank you good bye
13440,inform,noise cheap restaurant
13441,inform,doesnt matter
13442,null,noise
13443,affirm,correct
13444,inform,south
13445,inform,south
13446,inform,south
13448,affirm,correct
13449,null,noise
13450,inform,cheap
13451,affirm,correct
13452,request,address
13453,request,phone number
13454,request,post code
13455,request,post code
13456,thankyou,thank you good bye
13457,inform,i wanted an expensive restaurant
13458,request,in the wouth part of town
13459,affirm,yes
13461,null,sil
13466,repeat,please repeat
13468,null,what is the
13469,request,phone number
13472,request,what is the type of food
13473,thankyou,thank you goodbye
13474,null,sil
13475,inform,im looking for a restaurant in the center of town that serves russian food
13476,inform,korean food
13477,inform,korean food
13478,request,what is the address and phone number
13479,null,sil
13480,request,what is the address and phone number
13481,thankyou,thank you good bye
13482,inform,i need a cheap restaurant serving eritrean food
13483,inform,eritrean food
13484,inform,eritrean food
13486,restart,reset
13490,inform,eritrean food
13491,reqalts,how about italian food
13492,inform,italian food
13493,inform,dont care
13495,thankyou,thank you good bye
13496,null,im looking
13498,negate,no im looking for a moderately priced restaurant that serves kosher food
13499,null,how about one that serves
13500,inform,asian oriental
13501,reqalts,how about one that serves asian oriental food
13502,request,can i have the address and the phone number
13503,request,the phone number
13504,thankyou,thank you good bye
13505,thankyou,thank you good bye
13506,inform,looking for a restaurant that serves spanish food
13507,inform,i dont care
13508,inform,i dont care
13510,request,may i have the address and phone number for that venue
13511,thankyou,thank you good bye
13512,null,sil
13513,inform,cheap restaurant in the south part of town
13514,negate,no cheap restaurant in the south part of town
13516,request,what is the address
13517,thankyou,thank you goodbye
13518,inform,im looking for a restaurant in the center of town
13519,inform,unusual food
13520,reqalts,how about international food
13521,affirm,yes
13522,inform,i dont care
13526,thankyou,thank you good bye
13527,inform,i want a restaurant in the center
13528,null,serving
13529,negate,no singaporean
13530,negate,no singaporean
13531,inform,singaporean
13532,inform,i want singaporean food
13533,reqalts,how about italian food
13534,negate,no italian food
13535,inform,in the center
13537,request,what is the price range
13538,thankyou,thank you goodbye
13539,inform,i want to find a cheap restaurant that serve
13540,inform,swedish food
13541,inform,indian type food
13542,reqalts,kay how about indian food
13543,reqalts,kay how about indian food
13544,affirm,ye
13545,inform,any part of town
13546,affirm,ye
13548,thankyou,kay thank you goodbye
13549,inform,moderately priced restaurant in
13550,inform,any
13551,request,address phone number and post code
13552,null,unintelligible
13553,request,address phone number and post code
13554,request,post code
13555,thankyou,thank you good bye
13556,inform,aristrain food
13557,inform,aristrain food
13558,null,aristrain
13559,inform,asian oriental
13560,negate,no
13561,inform,any area
13562,inform,asian oriental
13563,inform,any
13564,inform,cheap
13565,request,phone number
13566,request,phone number
13567,request,address
13568,null,noise
13569,null,noise
13570,request,address
13571,thankyou,thank you good bye
13572,inform,can i find something in the south side
13574,inform,doesnt matter
13575,request,may i have the address
13576,thankyou,thank you good bye
13577,inform,im looking for a restaurant in the center part of town that serves creative food
13578,affirm,yes
13579,inform,in the center part of town
13580,inform,looking for a restaurant in the center that sales creative food
13581,inform,mediterranean
13582,inform,im looking for a restaurant in the center of town that serves mediterranean
13583,inform,moderate
13584,inform,cheap
13585,inform,cheap
13586,request,address
13587,request,phone number
13588,request,address
13589,thankyou,thank you good bye
13590,inform,dont care
13591,request,address
13592,request,address
13593,request,phone number
13594,thankyou,thank you good bye
13595,null,unintelligible
13596,null,unintelligible
13597,null,sil
13598,negate,no
13599,null,noise
13600,null,unintelligible
13601,inform,i am looking for a cheap restaurant in the north part of town
13602,inform,north part of town
13603,null,noise
13604,inform,cheap
13605,inform,cheap price range
13606,negate,no
13607,inform,north
13608,inform,north
13609,inform,north part of town
13610,inform,cheap price range
13614,request,can i have the phone number and the type of food
13615,thankyou,noise thank you goodbye
13616,inform,im looking for a moderately priced resturant in the east part of town
13617,inform,i dont care
13619,request,what is the address and phone number
13620,thankyou,thank you good bye
13622,inform,i would like to find an expensive restaurant that serves japanese food
13623,negate,no
13625,inform,expensive restaurant
13627,inform,expensive
13628,inform,the expensive price range
13629,inform,the expensive
13630,request,price
13631,inform,anything
13632,request,i would like the address and phone number
13633,thankyou,thank you good bye
13634,inform,im looking for cheap restaurants in the north part of town
13635,inform,any kind of food
13636,affirm,yes
13637,request,can i have the address please
13638,thankyou,thank you good bye
13639,null,noise
13640,inform,i want a restaurant in the center and it should serve european food
13641,affirm,yes
13642,null,noise
13643,inform,moderate
13644,request,what is the address
13645,thankyou,thank you good bye
13646,inform,im looking for a restaurant in the east part of town serving swiss food
13647,affirm,yes
13648,reqalts,how about chinese food
13649,inform,im looking for a restaurant in the east part of town serving chinese food
13650,negate,no
13651,inform,chinese
13652,inform,im looking for a restaurant serving chinese food
13653,inform,im looking for a restaurant in the east part of town serving chinese food
13654,request,what is the address phone number and post code
13655,request,what is the post code
13656,thankyou,thank you good bye
13657,inform,moderately priced restaurant
13658,inform,in the east part of town
13659,request,address
13660,thankyou,thank you good bye
13661,hello,unintelligible hello
13662,null,unintelligible
13663,inform,i would like international food please
13664,bye,goodbye
13665,null,unintelligible
13666,null,unintelligible
13667,null,unintelligible
13668,null,unintelligible
13669,null,unintelligible
13670,bye,goodbye
13671,hello,unintelligible hello
13672,bye,goodbye
13673,inform,i would like to find a restaurant in any area serving international food
13675,thankyou,thank you goodbye
13677,null,sil
13678,inform,cheap price range
13679,null,sil
13680,inform,cheap price range
13681,inform,cheap price range
13682,inform,cheap
13683,inform,cheap
13684,inform,any type of food
13686,inform,west
13687,inform,west
13688,inform,west
13689,inform,fucking west
13690,inform,west
13691,inform,west
13692,request,phone number
13693,request,phone number
13694,thankyou,thank you good bye
13695,inform,restaurant in the east part of town
13696,inform,british food
13697,request,address
13698,request,address
13699,request,phone number
13700,thankyou,thank you good bye
13701,null,sil
13702,thankyou,thank you good bye
13703,null,sil
13704,inform,tuscan
13705,inform,any
13706,inform,moderately
13707,inform,moderate
13708,request,can i get the address
13709,request,the address
13710,request,post code
13711,thankyou,thank you good bye
13712,inform,i dont care
13713,null,unintelligible
13714,affirm,yes
13715,inform,expensive
13716,reqalts,is there any thing else
13717,request,please let me have the address
13719,request,what area is that
13720,thankyou,thank you good bye
13721,inform,i need a restaurant in the east part of town that serves canape food
13722,reqalts,how about one serving unintelligible food
13724,reqalts,how about canape food
13727,null,unintelligible
13728,reqalts,how about canapes
13729,reqalts,how about canapes
13730,inform,canapes
13731,negate,no
13732,inform,canapes
13733,inform,canapes
13734,inform,canapes
13735,inform,canapes
13736,inform,canapes
13737,inform,canapes
13740,inform,indian food
13742,inform,i dont care
13743,request,the address
13744,request,the phone number
13745,thankyou,thank you good bye
13746,inform,i want a restaurant in the north part of town that serves moroccan food
13747,inform,i want a restaurant in the north part of town that serves french food
13748,inform,i want a restaurant in the north part of town that serves french food
13749,request,and whats the phone number
13750,thankyou,thank you good bye
13751,inform,center
13754,inform,vietnamese
13755,inform,center
13757,inform,turkish
13758,inform,turkish food
13759,null,s
13760,null,s
13761,inform,cheap
13762,null,tape
13763,inform,cheap
13764,inform,cheap price range
13765,null,sigh
13766,inform,expensive
13767,inform,i cant answer in spanish
13768,negate,no
13769,null,sil
13770,inform,vietnamese vietnamese food
13771,null,sigh
13772,thankyou,thank you good bye
13774,inform,i dont care
13775,request,whats the address
13777,request,what kind of food do they serve
13778,thankyou,thank you good bye
13779,inform,im looking for an expensive restaurant and it should serve malaysian food
13780,null,sil
13781,reqalts,what about korean food
13782,reqalts,what about korean food
13783,inform,korean food
13784,request,whats the address
13786,thankyou,thank you good bye
13787,inform,portuguese food noise
13788,inform,noise any area
13789,inform,any price range
13790,request,whats the address
13791,null,noise
13794,thankyou,noise thank you goodbye
13796,inform,gastropub
13797,negate,no gastropub
13798,affirm,yes
13799,inform,dont care
13800,inform,expensive
13801,request,what is the address
13802,thankyou,thank you good bye
13803,inform,im looking for a italian restaurant in east part of town
13805,thankyou,thank you good bye
13807,inform,im looking for a restaurant that serves singaporean food
13808,null,type
13810,inform,gastropub
13811,inform,any
13812,request,whats the address
13813,request,address
13814,inform,any
13815,request,whats the address
13816,request,and the phone number
13817,request,whats the post code
13818,thankyou,thank you goodbye
13819,null,sil
13820,inform,restaurant
13821,inform,chineese
13822,null,sil
13823,inform,chineese
13824,inform,chineese
13825,affirm,yes
13826,inform,moderate
13828,request,phone number please
13829,request,address
13830,null,sil
13832,thankyou,thank you good bye
13833,thankyou,thank you good bye
13834,inform,im looking for a turkish food restaurant
13835,null,okay
13837,negate,no
13838,thankyou,thank you good bye
13840,inform,asian
13841,affirm,yes
13842,request,what is the address
13843,null,noise
13845,request,what is the post code
13846,thankyou,thank you good bye
13848,affirm,yes
13849,reqalts,how about chinese type of food
13851,inform,im looking for a restaurant that serves chinese food
13852,affirm,yes yea
13853,inform,i do not care
13855,request,may i have the phone number
13856,thankyou,thank you good bye
13858,inform,i dont care
13860,request,whats the address
13861,thankyou,thank you good bye
13862,inform,hungarian food
13863,inform,hungarian
13864,inform,hungarian
13865,negate,no
13866,inform,hungarian food
13867,inform,hungarian food
13868,inform,im looking for a hungarian restaurant
13869,negate,no hungarian
13870,inform,british
13871,inform,british feed
13872,inform,it doesnt matter hungarian food
13874,inform,i am looking for hungarian food
13876,inform,hungarian food
13879,inform,hungarian food
13880,thankyou,thank you good bye
13881,inform,im looking for traditional food
13882,reqalts,how about korean food
13883,inform,korean food
13884,request,okay whats the phone number
13885,thankyou,thank you good bye
13886,affirm,yes i am currently in the north part of town and im looking to see if theres any restaurant that serves brazilian food
13887,affirm,correct
13888,null,okay
13889,inform,is there any place that serves italian food
13890,affirm,yes
13891,request,great could you tell me the address and phone number to that place
13892,thankyou,uh thank you
13893,request,whats the phone number again
13895,thankyou,thank you good bye
13896,inform,id like a moderately priced restaurant
13897,inform,in the east part of
13898,inform,it doesnt matter salad
13899,affirm,yeah
13900,null,noise
13902,null,noise
13903,inform,it doesnt matter
13906,thankyou,thank you good bye
13907,inform,looking in the west of town moderately priced
13908,inform,west
13909,inform,moderately priced
13910,inform,i dont care
13911,inform,west part of town moderately priced
13912,request,address and phone number
13913,thankyou,thank you good bye
13914,inform,im looking for a cheap restaurant in the south part of town
13915,inform,i want a cheap restaurant in the south part of town
13916,inform,i dont care
13918,thankyou,thank you goodbye
13919,thankyou,thank you goodbye
13920,inform,i need a restaurant in any area with swedish food
13921,reqalts,how about vietnamese
13923,request,can i have the address and phone number
13924,request,and the phone number
13925,thankyou,thank you good bye
13926,inform,im looking for a restaurant that serves gastropub food
13927,inform,i dont care
13928,inform,i dont care
13929,request,whats their address
13930,thankyou,thank you good bye
13931,null,noise
13932,inform,catalan food
13933,inform,catalan food expensive
13934,inform,dont care
13935,affirm,yes
13936,inform,asian oriental
13939,thankyou,thank you good bye
13940,affirm,oh god uh yes mediterranean food
13941,inform,uh mediterranean food
13942,inform,uh doesnt matter
13944,affirm,uh yes that serves mediterranean food
13946,reqalts,uh is there anything else
13948,reqalts,okay is there any others
13949,null,okay and um
13950,request,can i have the address of the last one
13951,ack,okay uh can i
13952,reqalts,can i get the next one
13953,request,uh i want the address of the or the address of the mediterranean food part
13954,request,okay can i get the address
13955,request,and the phone number
13957,inform,moderately priced
13958,inform,dont care
13959,reqalts,anything else
13960,request,address
13961,request,address
13962,request,address
13963,request,address
13964,request,phone number
13965,thankyou,thank you good bye
13967,inform,i dont care
13969,thankyou,thank you good bye
13970,inform,im looking for a romanian restaurant
13971,negate,no romanian
13972,reqalts,how about chinese food
13973,affirm,right
13974,inform,well what about chinese food
13976,affirm,right
13978,request,whats the address
13979,request,phone number
13980,request,post code
13981,thankyou,thank you good bye
13982,inform,im kind of looking for some french food
13983,inform,any area is fine with me
13984,affirm,yes
13985,inform,i dont care
13986,request,okay can i have the phone number
13987,bye,very good thank you good bye
13988,bye,thanks good bye
13989,inform,im looking for an expensive restaurant in the south part of town
13990,inform,i dont care
13991,null,noise
13992,request,may i have the address
13993,request,may i have the address
13995,request,and their post code
13996,thankyou,okay thank you good bye
13997,inform,im looking for russian food
13998,affirm,yes
13999,inform,i dont care
14000,inform,i dont care
14001,request,whats the address
14002,request,and the phone number
14003,thankyou,thank you good bye
14005,inform,japanese
14006,inform,west part of town
14007,inform,italian food in the west part of town
14009,request,phone number
14010,request,i need a phone number
14011,thankyou,thank you good bye
14012,null,noise
14013,null,i would like
14014,inform,singaporean food
14015,null,cough
14017,reqalts,how about mediterranean food
14018,affirm,yes
14019,inform,it doesnt matter
14020,request,what is the address
14021,thankyou,thank you good bye
14022,hello,breath hi im looking for a danish food
14023,inform,danish
14024,reqalts,okay how bout thai food
14025,inform,can you find me a place that has thai food
14026,negate,no im looking for thai food
14027,inform,i dont know
14028,negate,no im looking for thai food
14029,inform,cough im looking for expensive danish food
14030,negate,no
14031,null,cough
14032,negate,no im looking for thai food
14034,inform,breath do you have danish restaurants
14035,deny,no i dont want chinese i want thai food
14036,inform,breath can you find me danish restaurant
14037,negate,no
14038,inform,thai
14040,negate,no chinese
14041,inform,i want thai food
14042,bye,okay forget it goodbye
14043,affirm,yeah do you have thai food
14044,null,sil
14045,null,sil
14046,negate,no goodbye thank you
14047,null,cough
14048,inform,i want a restaurant
14049,inform,i want a restaurant in the north part of town that serves swiss food
14051,inform,indian food
14052,inform,that serves indian food
14054,inform,moderate
14055,request,could i have the address phone number
14056,thankyou,thank you good bye
14057,inform,im looking an expensive dr expensive restaurant that serves canapes food
14058,reqalts,how about ah one that serves asian oriental
14060,inform,is there one that serves asian oriental food
14061,negate,no
14062,null,im loo
14063,inform,im looking for one that serves asian oriental food
14064,inform,any area
14065,affirm,yes
14066,request,ah where is it
14068,thankyou,thank you goodbye
14069,inform,i need a restaurant in the north part of town
14070,inform,i dont care
14071,inform,moderate
14072,reqalts,do you have anything else
14073,request,can i have the address and phone number
14074,request,phone number
14075,thankyou,thank you good bye
14076,inform,looking for a restaurant in any area
14077,inform,any restaurant that serves moroccan food
14078,inform,any restaurant that serves asian oriental food
14079,inform,asian oriental
14080,affirm,yes
14081,inform,doesnt matter
14082,inform,i dont care
14083,request,may i have its address
14084,request,whats its number
14085,request,whats its number
14086,thankyou,thank you good bye
14087,inform,restaurant in the south part of town
14089,affirm,yes
14090,inform,cheap
14091,request,address
14092,request,phone number
14093,request,phone number
14094,thankyou,thank you good bye
14095,inform,moderate
14096,inform,any
14097,affirm,yes
14098,inform,south
14099,inform,south
14100,inform,moderate
14101,request,address
14102,request,phone number
14104,thankyou,thank you good bye
14105,inform,i want a moderately priced restaurant in the north part of town
14106,inform,any
14107,inform,it doesnt matter
14108,request,what is the address
14110,null,unintelligible
14111,inform,im looking for a expensive restaurant that serves vegetarian food
14115,thankyou,thank you good bye
14116,null,sil
14117,negate,no
14118,null,sil
14119,inform,im looking for a cheap restaurant in the east part of town
14120,null,noise
14121,inform,cheap price range
14122,null,sil
14123,null,noise
14124,thankyou,thank you good bye
14125,inform,west part of town
14126,inform,dont care
14127,inform,moderately priced
14128,request,address
14129,request,post code
14130,thankyou,thank you good bye
14131,inform,cheap restaurant in the east part of town
14133,thankyou,thank you good bye
14134,inform,moderately priced
14135,inform,jamcian food
14136,reqalts,how about asian oriental
14137,inform,asian oriental
14138,request,can i get the address
14141,inform,i need a restaurant in the moderate price range
14142,inform,it doesnt matter
14143,inform,in the north part of town
14144,request,whats the address
14145,request,and the phone number
14146,thankyou,thank you good bye
14149,thankyou,thank you good bye
14150,inform,cheap
14151,inform,north
14152,inform,italian
14154,request,whats the address
14155,request,what is the address
14156,thankyou,thank you good bye
14157,inform,im looking for an expensive restaurant that serves vietnamese food
14158,reqalts,how about in any price range
14159,inform,vietnamese food in any price range
14161,request,the address
14162,thankyou,thank you good bye
14163,inform,spanish food
14164,inform,spanish
14165,inform,spanish
14166,inform,center of town
14167,inform,center
14169,inform,mexican food
14170,reqalts,anything else
14171,inform,spanish food
14172,inform,spanish food
14173,thankyou,thank you good bye
14174,inform,im looking for an expensive restaurant
14175,inform,sells english food
14176,inform,i need an expensive restaurant
14177,inform,im looking for an expensive restaurant
14178,reqalts,what about turkey food
14179,reqalts,are there any restaurants serving turkish food
14180,reqalts,are there any restaurants serving turkish food
14181,null,noise
14182,inform,are there any turkish restaurants at all
14184,request,whats the address
14185,thankyou,okay thank you
14186,null,thats all i need
14188,inform,i want to find a restaurant in the west part of town that serves english food
14189,reqalts,how about vietnamese type of food
14190,inform,vietnamese type of food
14191,affirm,yes
14192,inform,i dont care
14194,inform,i want to find a restaurant in the west part of town that serves vietnamese food
14196,request,what type of food does it serve
14198,thankyou,thank you goodbye
14199,inform,a spanish restaurant in the center
14200,affirm,yes
14201,affirm,yes
14202,affirm,right
14203,affirm,yes
14204,inform,i dont care
14205,request,address
14206,request,whats the address
14208,thankyou,thank you good bye
14209,inform,japanese
14210,affirm,yes
14211,request,address
14212,inform,indian food
14213,null,unintelligible
14214,null,unintelligible
14215,null,after
14216,request,address
14217,request,address
14219,request,what is their phone number
14220,thankyou,thank you good bye
14222,request,what is the phone number and address
14223,request,what is the address
14224,thankyou,thank you good bye
14225,inform,can i have a restaurant in the center
14227,inform,irish
14228,negate,no i said irish
14229,inform,can i have a restaurant in the center
14231,inform,can i have a restaurant in the center
14232,inform,it doesnt matter
14233,inform,can i have irish food
14234,inform,what about irish food
14235,reqalts,what about international food
14236,request,can i have the phone number
14237,request,and whats the price range
14238,thankyou,thank you good bye
14239,inform,im looking for a restaurant that serves traditional food
14240,affirm,yes
14241,reqalts,how about korean food
14242,reqalts,do you have a restaurant that serves korean food
14243,request,what is their phone number
14244,thankyou,thank you good bye
14245,inform,north part of town
14246,inform,dont care
14247,inform,cheap
14248,request,what is the phone number and address
14249,thankyou,thank you good bye
14250,inform,in the east part of town
14252,affirm,yes
14255,inform,i dont care
14258,request,um whats the phone number
14259,thankyou,thank you good bye
14261,inform,anything
14262,affirm,yes
14263,inform,any
14264,request,address
14265,inform,looking for a cheap restaurant in the north part of town
14266,inform,any type of food
14267,request,what is the address
14268,thankyou,thank you good bye
14269,null,looking for a
14270,inform,eritrean food
14271,inform,eritrean
14272,negate,no eritrean
14273,negate,no im looking for eritrean food
14274,inform,i dont care
14275,negate,no i want
14276,inform,eritrean
14277,inform,eritrean
14278,inform,okay uh spanish food
14279,inform,spanish food
14280,inform,im looking for spanish food
14281,negate,no spanish food
14282,inform,i dont care
14284,request,what area is it in
14285,thankyou,thank you good bye
14286,inform,im looking for a cheap restaurant that serves welsh food
14287,affirm,yes
14288,reqalts,how about mediterranean food
14289,reqalts,how about mediterranean food
14290,inform,mediterranean food
14291,request,may i have the phone number
14293,thankyou,thank you good bye
14294,inform,a restaurant
14295,inform,spanish food
14296,inform,spanish food
14297,inform,spanish food
14298,inform,restaurant serving spanish food
14299,inform,spanish food
14300,thankyou,thank you good bye
14301,null,sil
14303,inform,any type of food
14304,affirm,right
14305,request,can i have the phone number and the type of food
14306,request,and what type of food do they serve
14307,request,kind of food do they serve
14308,thankyou,thank you goodbye
14309,thankyou,thank you goodbye
14310,inform,im looking for a restaurant in the east part of town and it should serve greek food
14311,affirm,yes
14313,reqalts,how about indian type of food
14314,inform,indian food
14315,reqalts,what about indian
14317,affirm,yes
14318,affirm,yes
14319,null,sil
14320,inform,any
14321,inform,im looking for a moderately priced restaurant
14322,inform,doesnt matter
14323,affirm,yes it should be in the east part of town
14324,affirm,yes
14325,request,uh whats the phone number
14326,thankyou,thank you good bye
14328,negate,no
14329,inform,hungarian food
14330,null,uh
14332,inform,any price range
14333,confirm,is it hungarian food
14334,request,what type of food
14335,null,noise
14336,reqalts,do you have a restaurant that serves turkish food
14337,inform,do you have a place that serves turkish food
14338,inform,any price range
14339,inform,any price range
14340,inform,turkish food any price range
14341,inform,any price range
14342,request,and the address
14343,request,and price range
14344,request,the address
14345,thankyou,thank you goodbye
14346,inform,looking for a moderately priced restaurant in the east part of town
14347,inform,any kind of food
14348,affirm,yes
14349,request,what kind of food
14350,request,could i have the address and phone number
14351,request,could i have the address
14352,thankyou,thank you good bye
14353,null,noise
14355,negate,no austrian food
14357,inform,indian food
14358,negate,no indian restaurant
14360,inform,unintelligible food
14361,null,unintelligible
14362,null,unintelligible
14363,inform,indian food in the west part of town
14364,affirm,yes indian food
14365,inform,i dont care
14366,request,address and phone number
14367,request,address
14368,request,phone number
14369,thankyou,thank you good bye
14370,inform,expensive
14371,inform,expensive
14372,inform,vietnamese
14373,affirm,yes
14374,affirm,yes
14375,request,phone number
14376,request,address
14377,null,knocking
14378,request,address
14379,thankyou,thank you good bye
14380,inform,i would like a moderately priced restaurant serving african food
14381,request,what is the address
14382,request,what type of food is it
14384,request,what is the price range
14385,inform,i wanted moderately priced
14387,request,what type of food
14388,request,what is the address
14390,thankyou,thank you good bye
14391,null,cough
14392,inform,im looking for
14393,null,unintelligible
14394,inform,spanish food
14395,inform,spanish food
14396,affirm,yes
14397,inform,i dont care
14398,inform,i dont care
14401,thankyou,thank you good bye
14402,inform,hungarian
14403,inform,west side
14404,negate,no
14406,thankyou,thank you good bye
14407,inform,russian food
14408,inform,french food
14409,inform,north
14410,request,phone number
14411,request,phone number
14412,thankyou,thank you good bye
14413,inform,portuguese food
14415,inform,i dont care
14416,inform,i dont care
14417,reqalts,next
14418,reqalts,next
14419,reqalts,anything else
14420,request,okay show me the address
14421,request,address
14422,request,address
14423,request,phone number
14425,inform,it doesnt matter
14426,affirm,right
14427,inform,moderate
14428,request,whats the address
14429,thankyou,thank you good bye
14430,null,noise
14432,inform,north part of town
14433,reqalts,noise is there anything else
14434,affirm,yes
14435,request,whats the address
14436,request,phone number
14437,request,what type of food
14439,thankyou,thank you good bye
14441,request,whats their post code
14444,thankyou,okay thank you good bye
14445,null,breathing
14446,inform,moderately priced south of town
14447,inform,moderate price range
14448,inform,uh any
14449,affirm,yes
14451,request,post code
14452,thankyou,thank you good bye
14453,inform,danish food
14454,inform,danish
14455,inform,danish
14456,inform,danish
14457,inform,vietnamese
14458,inform,vietnamese
14459,inform,west part of town
14461,thankyou,thank you good bye
14463,inform,any
14464,request,whats the address
14465,request,and the phone number
14466,thankyou,thank you good bye
14468,inform,i dont care
14471,thankyou,thank you good bye
14472,null,town
14474,inform,indian food
14475,inform,i dont care
14476,request,address
14477,request,address
14478,request,address
14479,null,dress
14480,null,dress
14481,null,dress
14482,null,dress
14483,request,what is the address
14484,request,what is the address
14485,request,phone number
14487,bye,unintelligible bye
14488,bye,you good bye
14489,thankyou,thank you good bye
14490,inform,vietnamese in the center part of town
14491,inform,vietnamese
14492,affirm,correct
14493,affirm,yes
14494,request,and the price range
14495,thankyou,thank you good bye
14497,inform,i dont care
14498,affirm,right
14499,request,whats the address
14500,request,whats the post code
14501,thankyou,thank you good bye
14502,null,sil
14503,inform,mediterranean food
14504,inform,i dont care
14505,inform,i dont care
14506,inform,i dont care
14508,null,noise
14509,request,phone number
14510,thankyou,thank you good bye
14511,thankyou,thank you good bye
14512,inform,i want an indian food restaurant moderate priced
14514,inform,it doesnt matter
14517,thankyou,thank you good bye
14518,inform,i need a restaurant that serves turkish food
14519,inform,i dont care
14520,inform,i dont care
14521,request,whats the address
14522,request,post code
14523,thankyou,thank you good bye
14525,inform,catalonia food
14526,affirm,right
14527,inform,chinese
14529,request,may i have the address and phone number and post code
14530,request,may i have the address
14532,thankyou,thank you good bye
14533,inform,may i have an expensive restaurant
14534,inform,canapes
14535,reqalts,what about asian oriental food
14537,reqalts,how about asian oriental
14538,inform,it doesnt matter
14539,request,can i have the phone number
14540,request,and what area is that in
14541,thankyou,thank you good bye
14542,inform,south part of town
14543,inform,expensive
14544,null,suggestion
14545,affirm,right
14546,request,address
14547,request,phone number
14548,thankyou,thank you good bye
14549,inform,im looking for a restaurant in the west part of town that serves crossover food
14550,reqalts,how about a restaurant in the west part of town that serves vietnamese food
14551,reqalts,how about a restaurant in the west part of town serving vietnamese food
14553,thankyou,thank you goodbye
14554,null,noise
14555,null,noise
14556,affirm,yes
14557,request,address
14558,thankyou,thank you good bye
14559,inform,i would like an africa restaurant in the center
14561,request,what is the address
14562,thankyou,thank you good bye
14563,inform,gastro pub food
14564,inform,gastro pub food
14565,inform,dont care
14566,inform,dont care
14567,request,address
14570,thankyou,thank you good bye
14571,null,i need
14572,inform,moroccan food
14573,negate,no
14575,affirm,yes
14576,inform,doesnt matter
14577,inform,any
14578,affirm,yes
14579,inform,expensive
14580,request,price range
14581,inform,expensive
14582,inform,expensive
14583,inform,cheap
14584,inform,expensive
14585,thankyou,thank you good bye
14586,inform,im looking for a cheap restaurant in the east part of town
14587,request,uh phone number
14588,request,the phone number
14589,thankyou,thank you good bye
14590,inform,moderately priced restaurant in the south part of town
14591,inform,i dont care
14592,request,what type of food
14593,request,and the address
14594,request,and the phone number
14595,thankyou,thank you good bye
14596,inform,african food
14597,inform,african
14598,negate,no
14599,inform,dont care
14600,inform,african
14601,request,phone number and area
14602,request,area
14603,request,what area
14604,thankyou,thank you good bye
14605,inform,looking for a cheap restaurant east part of town
14606,inform,cheap
14607,request,what type of food
14610,thankyou,thank you good bye
14612,reqalts,anything else
14613,thankyou,thank you good bye
14614,inform,unusual food
14615,inform,french food
14616,null,sil
14617,null,was
14618,affirm,yes
14619,thankyou,thank you good bye
14620,inform,id like a moderately priced restaurant in the west part of town
14621,inform,i dont care
14623,request,what is prezzos address
14624,request,what is their post code
14625,thankyou,thank you good bye
14626,inform,im looking for a restaurant in the south part of town that serves creative food
14629,inform,i need chinese food
14630,negate,no
14631,inform,im looking for
14632,inform,a chinese restaurant in the south part of town
14633,inform,i dont care
14634,request,can i can i have the address and price
14635,null,range please
14636,request,whats the address
14638,thankyou,thank you goodbye
14640,inform,cheap
14641,affirm,yes cheap
14642,affirm,yes
14643,inform,cheap
14644,inform,cheap
14645,request,phone number
14646,request,phone number
14647,request,phone number
14649,thankyou,thank you good bye
14650,null,noise
14651,null,noise
14652,null,sil
14653,null,noise
14654,null,noise
14655,null,noise
14656,inform,im looking for a cheap restaurant in the south part of town
14658,request,what is the address
14659,null,noise
14660,request,what is the address
14662,thankyou,thank you good bye
14663,thankyou,thank you good bye
14665,inform,it doesnt matter
14667,request,what is the address
14668,request,what is the type of food
14670,thankyou,thank you good bye
14671,thankyou,thank you good bye
14673,inform,anything
14674,affirm,yes
14675,inform,south
14676,reqalts,anything else
14677,request,phone number
14678,request,telephone number
14679,request,telephone number
14680,request,phone number
14681,request,post code
14682,thankyou,thank you good bye
14683,null,sil
14686,null,unintelligible
14687,inform,west
14688,negate,no
14690,reqalts,how about italian food in the west part of town
14692,inform,i dont care
14693,request,what is their phone number
14694,request,phone number
14695,thankyou,thank you good bye
14697,inform,it doesnt matter
14699,request,address and post code
14700,request,post code
14701,thankyou,thank you good bye
14702,inform,cheap mexican food
14703,affirm,yes
14704,request,phone number
14705,request,phone number
14706,request,phone number
14707,thankyou,thank you goodbye
14708,null,noise
14709,inform,italian food
14710,inform,cheap
14711,inform,any area
14712,request,their address
14713,request,phone number
14714,inform,im looking for a cheap restaurant in the north part of town
14716,inform,cheap
14717,inform,cheap food
14718,inform,cheap food
14719,inform,cheap
14721,null,noise
14723,thankyou,thank you is there anything else
14725,inform,north part of town
14728,null,noise
14729,inform,any food
14730,inform,north part of town
14731,inform,inexpensive
14732,inform,inexpensive
14733,inform,moderately priced
14734,inform,cheap
14735,reqalts,anything else
14737,thankyou,thank you goodbye
14739,inform,moderately priced
14740,inform,doesnt matter
14741,request,what type of food
14743,thankyou,thank you good bye
14744,inform,im looking for a moderately priced restaurant in the north part of town
14745,inform,dont care
14746,request,what kind of food does it serve
14748,thankyou,thank you good bye
14750,inform,it doesnt matter
14753,thankyou,thank you good bye
14754,null,noise
14755,inform,im looking for a restaurant in the north part of town
14756,inform,greek food
14758,inform,indian food
14760,request,what is the address and phone number
14762,affirm,yes
14763,confirm,is it moderately priced
14764,confirm,is it moderately priced
14765,inform,i want a moderately priced restaurant
14766,reqalts,how about asian oriental
14767,inform,i want asian oriental food
14768,inform,moderate
14769,request,what is the address
14771,inform,cheap restaurant in the south part of town
14772,inform,any
14773,request,address
14774,request,and post code
14775,request,address
14776,thankyou,thank you good bye
14778,inform,greek
14779,null,incorrect
14780,null,incorrect
14781,inform,thats not important
14782,deny,that information is not important
14783,inform,that information does not matter
14784,inform,dont care
14785,null,is there
14786,inform,greek food in the moderate
14787,inform,i dont care
14788,null,is there
14789,inform,greek restauran
14790,inform,i dont care
14792,inform,in the moderately price range
14794,inform,im searching for turkish food
14795,request,what is its address
14796,thankyou,thank you goodbye
14797,null,noise
14798,inform,i would like irish food in the north part of town
14804,request,and the phone number
14805,request,and the price range
14806,thankyou,thank you good bye
14807,null,sil
14809,negate,no
14810,negate,no
14811,negate,no
14812,inform,cheap
14813,null,noise
14814,inform,cheap price range
14815,inform,cheap price range
14817,request,can i have the phone number
14818,thankyou,thank you good bye
14819,inform,crossover restaurant west part of town
14820,inform,crossover
14822,negate,no vietnamese
14823,affirm,yes
14824,inform,i do not care
14825,request,may i have he phone number please
14826,thankyou,thank you good bye
14827,inform,i want a moderately priced restaurant in the north part of town
14828,affirm,yes
14830,request,what is the address
14832,inform,indian food in the west part of town
14834,inform,i dont care
14835,request,phone number
14836,reqalts,anything else
14837,request,phone number
14838,request,phone number
14839,request,the address
14840,thankyou,thank you goodbye
14841,inform,im looking for a restaurant in the center of town
14842,inform,malaysian
14843,inform,what about mediterranean food
14844,inform,mediterranean food
14845,inform,mediterranean food
14846,inform,center
14847,inform,i dont care
14848,request,what part of town is it in
14850,null,unintelligible
14852,request,whats the address
14854,thankyou,thank you good bye
14856,inform,i dont care
14858,request,whats the address phone number and type of food
14859,request,type of food do they serve
14860,request,what kind of food
14861,thankyou,thank you good bye
14863,reqalts,how about gastropub food
14864,reqalts,is there a restaurant that serves gastropub food
14865,inform,im looking for a restaurant that serves gastropub food
14866,affirm,yes
14867,inform,i dont care
14868,request,what is the address
14869,request,and the phone number
14870,thankyou,thank you good bye
14871,null,unintelligible
14872,inform,moderate
14873,inform,anything
14874,affirm,yes
14875,reqalts,something else
14876,request,phone number
14877,request,phone number
14878,thankyou,thank you good bye
14879,null,noise
14880,inform,i want to find a moderately priced restaurant and it should be in the west part of town
14882,request,and what type of food
14883,null,sil
14884,request,what type of food
14885,null,sil
14886,thankyou,thank you good bye
14887,inform,any
14888,inform,south
14889,inform,south
14890,null,give me the least
14891,request,give me the address
14892,request,and what kind of food
14893,thankyou,okay thank you good bye
14894,inform,cheap
14895,null,sil
14896,inform,enlish
14897,reqalts,how about mediterranean
14898,inform,mediterranean
14899,inform,mediterranean
14900,thankyou,thank you good bye
14901,inform,german food in the centre of town
14902,inform,center
14903,inform,center of town
14904,null,what about
14905,inform,korean
14906,inform,korean food
14907,request,address and phone number
14908,thankyou,thank you goodbye
14909,inform,i want a singaporean food restaurant
14910,inform,singapore
14911,inform,i want a singaporean food restaurant in the center
14912,inform,singaporean
14913,reqalts,how about italian
14914,inform,italian food
14915,inform,i want italian food
14916,affirm,yes
14917,inform,i want an italian restaurant in the center
14919,request,what is the price range
14920,thankyou,thank you good bye
14921,inform,expensive restaurant breath
14922,inform,dont care
14923,request,address
14924,request,post code
14925,thankyou,breath thank you goodbye
14926,null,sil
14927,inform,spanish food
14928,inform,north part of town
14929,inform,asian
14930,inform,asian oriental
14931,request,address
14932,request,phone number
14933,request,address
14935,request,telephone number
14936,null,unintelligible
14937,thankyou,thank you good bye
14938,inform,i need a moderately priced restaurant in the south part of town
14939,inform,it doesnt matter
14941,request,what is the address
14942,request,phone number
14943,request,the post code
14944,thankyou,thank you good bye
14946,affirm,yeah
14947,reqalts,okay how about a venue with italian food
14948,inform,uh italian food
14949,inform,okay uh forget that then can i get a restaurant serving italian food
14950,negate,uh no
14951,inform,im looking for an italian restaurant
14952,affirm,yes
14953,inform,uh the west part of town
14954,inform,um medium price range
14955,inform,uh cheap moderate
14956,request,and whats the phone number
14957,request,uh could you repeat the phone number
14958,thankyou,okay thank you good bye
14959,hello,hi im looking for a restaurant that serves vegetarian food
14960,inform,okay international food
14961,inform,dont care
14962,inform,dont care
14963,request,whats the address
14964,thankyou,thank you good bye
14966,inform,greek
14967,inform,chinese
14968,inform,chinese food east part of town
14969,inform,chinese food east part of town
14970,inform,chinese oriental
14972,request,address
14973,request,address
14974,request,phone number
14975,request,post code
14976,thankyou,thank you good bye
14977,inform,moderately priced restaurant
14978,inform,any
14979,inform,any
14980,null,noise
14981,request,phone number
14982,request,phone number
14983,thankyou,thank you good bye
14984,inform,i want some british food
14985,request,okay whats their address
14986,request,whats their address
14988,null,cough
14989,request,and phone number
14990,request,phone number please
14991,thankyou,thank you good bye
14992,inform,i need a restaurant in the west part of town that serves crossover food
14997,thankyou,thank you goodbye
14998,null,cough
14999,inform,scottish
15001,null,unintelligible
15003,inform,modern european food
15004,reqalts,how about european food
15006,inform,i do not care
15007,request,may i have their address please
15011,inform,portuguese food
15012,inform,portuguese food
15013,inform,i dont care
15014,request,whats the address
15016,thankyou,thank you good bye
15017,inform,id like a cheap restaurant in the south part of town
15018,inform,any type of food
15019,inform,cheap
15021,thankyou,thank you good bye
15023,reqalts,what about chinese in the south part of town
15024,affirm,yeah
15025,reqalts,im sorry but what about chinese food
15027,affirm,yes
15028,request,what are the price ranges
15029,inform,i dont care
15030,request,whats the address
15031,thankyou,thank you good bye
15032,inform,unusual food
15033,inform,unusual
15034,inform,city center
15035,inform,cheap
15036,inform,cheap
15037,inform,cheap
15038,inform,cheap
15039,inform,moderate
15040,thankyou,thank you goodbye
15041,inform,i want an expensive restaurant in the east part of town
15042,inform,it doesnt matter
15043,request,whats their address
15044,request,and a phone number
15045,thankyou,thank you good bye
15046,null,unintelligible
15047,inform,im looking for a restaurant in the east part of town that serves indonesian food
15048,reqalts,is there a restaurant in the east part of town that serves indian food
15049,affirm,yes id like a restaurant in the east part of town that serves indian food
15051,negate,no indian
15054,inform,it doesnt matter
15055,request,can i get their address and phone number
15056,request,and their address
15057,thankyou,thank you goodbye
15058,inform,breath i would like port portuguese food
15059,inform,north
15060,inform,south
15061,inform,west
15062,inform,west
15063,inform,centre
15064,inform,the centre
15065,affirm,yes
15066,request,what is the address
15067,thankyou,thank you goodbye
15068,inform,im looking for a moderately priced restaurant
15069,null,unintelligible
15070,affirm,yes
15072,request,and what is the address
15073,thankyou,okay thank you good bye
15074,inform,uh im looking for an expensive restaurant in the east part of town
15075,inform,any type of food
15076,reqalts,what else
15078,reqalts,another one
15079,request,the address
15082,affirm,yes
15083,request,whats the address and post code
15084,request,post code
15085,thankyou,thank you good bye
15086,inform,modern european food
15087,inform,austria asian food
15088,inform,australia asian food
15089,thankyou,thank you good bye
15090,request,whats the address
15091,request,and the post code
15092,thankyou,thank you good bye
15094,inform,north part of town
15095,inform,traditional food
15096,inform,asian oriental
15097,inform,asian
15098,request,address
15099,request,address
15100,request,phone number
15101,thankyou,thank you good bye
15103,inform,i do not care
15105,thankyou,thank you good bye
15106,inform,it doesnt matter
15107,reqalts,anything else
15108,request,phone number
15109,request,phone number
15110,thankyou,thank you good bye
15111,null,noise
15115,affirm,yes
15116,inform,any
15117,null,noise
15118,request,phone number
15119,request,phone number
15120,thankyou,thank you good bye
15121,inform,moderate
15122,inform,portugese
15123,reqalts,how about any price range
15124,inform,any price range
15125,request,any price rage
15126,inform,anything
15127,affirm,yes
15128,inform,any area
15129,request,phone number and address
15130,inform,im looking for indian food in the east part of town
15131,affirm,yes in the east part of town
15132,inform,i dont care
15134,request,whats the address
15135,thankyou,thank you goodbye noise
15136,inform,im looking for bistro food
15137,affirm,yes
15138,inform,asian oriental
15139,inform,asian oriental
15140,inform,any
15141,request,what is the address
15142,request,what is the address
15143,inform,i dont care
15144,inform,moderate
15145,request,what is the post code
15146,thankyou,thank you good bye
15147,inform,expensive restaurant
15148,inform,south part of town
15149,affirm,yes
15150,request,address
15151,thankyou,thank you good bye
15152,inform,im looking for a cheap restaurant in the north of town
15153,inform,i dont care
15155,thankyou,thank you good bye
15156,inform,austallison
15157,inform,austallison
15158,null,noise
15159,inform,gastropub
15160,inform,any
15161,affirm,yes
15162,inform,moderate
15163,inform,moderate
15164,thankyou,thank you good bye
15165,inform,i would like a restaurant in the south part of town
15166,inform,cuban food
15167,reqalts,how about portuguese food
15168,reqalts,how about portuguese good
15170,request,what is the address
15171,thankyou,thank you goodbye
15173,inform,im looking for vegetarian food in any price range
15174,reqalts,how about international food in any price range
15175,inform,any price range
15176,inform,any area
15177,request,may i have the address pleas
15178,request,and the price range
15179,thankyou,thank you good bye
15180,inform,im looking for a restaurant in the east part of town that serves chinese food
15181,inform,chinese
15183,thankyou,thank you good bye
15184,request,the address
15185,request,the phone number
15187,thankyou,thank you good bye
15188,reqalts,what about north american food
15189,inform,north american food
15190,reqalts,what about north american food
15191,request,what is the phone numbere
15192,request,what is the post code
15193,thankyou,thank you good bye
15194,thankyou,thank you good bye
15195,thankyou,thank you good bye
15196,inform,cheap restaurant south part of town
15197,inform,cheap
15198,inform,dont care
15199,null,sil
15200,request,what type of food does it serve
15201,request,address and phone number
15202,thankyou,thank you good bye
15203,inform,im looking for a restaurant in the center of town that serves romanian food
15204,reqalts,what about thai food
15205,reqalts,what about thai food
15207,request,okay what is the address
15209,thankyou,thank you good bye
15210,inform,west part of town moderatley price
15211,inform,dont care
15212,inform,west
15213,inform,moderately
15214,request,phone number
15215,thankyou,thank you good bye
15217,inform,australian
15218,reqalts,okay how about thai food
15219,reqalts,what about thai food
15220,negate,no thai
15221,negate,no i want thai food
15222,inform,i would like thai food
15223,affirm,yes
15224,confirm,is there a thai restaurant in the west part of town
15225,inform,im looking for a thai restaurant
15226,inform,im looking for a thai restaurant
15227,confirm,is there a thai restaurant
15228,inform,i want thai food
15231,thankyou,thank you goodbye
15232,null,sil
15233,inform,i want to find a moderately priced restaurant and it should be in the west part of town
15234,inform,im looking for a moderately priced restaurant in the west part of town
15235,affirm,yes
15236,request,what is the address and phone number
15237,thankyou,thank you good bye
15238,inform,expensive australian restaurant
15239,affirm,yes
15240,inform,expensive french restaurant
15241,inform,french
15242,inform,any
15243,request,phone number
15244,request,phone number
15245,thankyou,thank you good bye
15247,request,may i get the address and phone number
15248,request,what about the post code
15249,thankyou,thank you good bye
15250,null,sil
15251,inform,restaurant center serves spanish food
15252,inform,center
15253,inform,restaurant center spanish food
15254,inform,moderate
15255,null,sil
15256,null,sil
15258,request,phone number
15259,request,phone number
15261,request,phone number
15262,thankyou,thank you good bye
15263,inform,looking for a restaurant in the east part of town
15265,request,may i have the phone number
15266,thankyou,thank you good bye
15268,affirm,yes
15269,inform,i want a turkish restaurant in the center part of town
15270,inform,turkish type food
15271,negate,no
15273,affirm,yes
15274,inform,it doesnt matter
15275,request,what is the address
15276,request,what is the price range
15277,thankyou,thank you goodbye
15278,thankyou,thank you goodbye
15279,null,care
15280,affirm,ye
15281,null,unintelligible
15282,inform,north
15283,inform,moderate price
15284,inform,moderate
15285,inform,moderate
15286,inform,moderate
15287,inform,moderate
15288,inform,moderate
15289,request,price range
15290,inform,north part of town
15295,null,i need the nor
15296,request,what is the address and phone number
15297,request,what is the post code
15298,thankyou,thank you goodbye
15299,thankyou,thank you goodbye
15300,inform,expensive restaurant serve korean food
15301,inform,korean
15302,request,address
15303,request,phone number
15304,request,area
15305,request,the area of the venue
15306,thankyou,thank you good bye
15307,inform,italian food
15308,request,address
15309,request,address
15312,inform,spanish
15313,inform,spanish food
15314,inform,any area
15315,inform,west
15316,null,sil
15317,inform,west
15318,inform,north
15319,inform,north
15320,inform,west
15322,negate,no
15323,inform,spanish food
15324,inform,spanish food
15325,null,sil
15326,inform,any
15327,inform,any
15328,inform,cheap
15329,request,address
15330,request,address
15331,inform,yea im looking for a restaurant in the moderate price range serving vietnamese food
15332,confirm,is it moderately priced
15335,inform,im looking for a restaurant serving vietnamese food
15336,request,whats the address
15337,affirm,yes
15338,request,what is the address
15339,thankyou,okay thank you good bye
15340,inform,a cheap restaurant and it should be in the west part of town
15341,inform,any
15342,affirm,yes
15344,affirm,yes
15345,request,whats the address
15346,request,and phone number
15347,thankyou,thank you good bye
15348,inform,im looking for a restaurant in the south part of town and it should serve canapes food
15350,inform,um portuguese food
15351,inform,portuguese food
15354,request,whats the address
15355,thankyou,thank you good bye
15357,inform,turkish food
15358,inform,cheap
15359,inform,italian food
15360,inform,italian food
15361,inform,north
15362,request,whats the address
15363,request,and the phone number
15364,inform,looking for a restaurant in the center that serves vegetarian food
15365,reqalts,how about asian oriental type of food
15369,inform,asian oriental type of food
15370,affirm,correct
15371,affirm,yes
15372,inform,i dont care
15374,thankyou,thank you good bye
15376,inform,i dont care
15377,affirm,yeah
15378,request,the address
15380,thankyou,thank you good bye
15381,inform,south
15383,reqalts,how about italian
15384,inform,italian
15385,inform,south
15386,inform,moderate
15387,request,phone number
15388,thankyou,thank you good bye
15389,hello,hi im looking for a restaurant that servers
15390,inform,kosher food
15391,inform,um any time of european type food
15392,null,uh
15393,reqalts,how about european type food
15394,inform,european type food
15395,inform,european type food
15396,inform,any
15397,affirm,yes
15398,inform,expensive
15399,affirm,yes
15401,inform,cheap
15406,thankyou,thank you good bye
15407,inform,for something moderately priced on the east part of town
15408,inform,i dont care
15409,request,good could you give me the phone number
15411,thankyou,thank you good bye
15412,inform,dont care
15413,request,what is the address
15414,thankyou,thank you good bye
15415,inform,expensive restaurant south part of town
15417,inform,expensive
15418,reqalts,anything else
15419,request,phone number
15420,request,phone number
15422,inform,food type
15423,reqalts,anything else
15424,reqmore,more
15426,reqalts,anything else
15427,thankyou,thank you good bye
15428,null,noise
15430,inform,serve persian food
15431,inform,if theres no persian food about about chinese
15432,inform,i want to find chinese food
15433,affirm,yes yes
15434,affirm,yes
15435,null,noise
15436,null,noise
15437,inform,i dont care
15438,request,may i have their address and phone number
15440,null,sil
15441,inform,cantonese
15442,inform,thai
15443,negate,no
15445,inform,any area
15446,inform,expensive
15447,request,address
15448,request,phone number
15449,thankyou,thank you good bye
15450,inform,restaurant west
15451,inform,afghan food
15454,request,phone number
15455,request,phone number
15456,thankyou,thank you good bye
15457,null,noise
15458,inform,cheap
15459,affirm,yes
15460,affirm,yes
15461,inform,cheap
15462,inform,south
15463,request,address
15464,request,phone number
15465,thankyou,thank you good bye
15467,inform,it doesnt matter
15468,affirm,yes
15470,null,sil
15471,inform,im looking for a cheap restaurant in the east part of town
15472,request,whats the address
15473,request,whats the address
15474,null,sil
15475,request,whats the address
15477,thankyou,thank you good bye
15478,inform,id like a restaurant in any area that serves vegetarian food
15479,reqalts,how about a restaurant that serves international food
15480,affirm,right
15481,inform,i dont care
15482,request,could i have the phone number and post code please
15483,thankyou,thank you good bye
15484,inform,im looking for a restaurant serving unusual food
15485,reqalts,how about mediterranean food
15486,inform,mediterranean food
15487,inform,any area
15488,inform,it doesnt matter
15489,request,what is the address
15491,request,what is the post code
15492,thankyou,thank you good bye
15493,hello,hi im looking for a restaurant with japanese food
15495,request,what is the address
15496,thankyou,thank you good bye
15501,inform,i am looking for a british restaurant
15502,thankyou,thank you good bye
15503,inform,moderate
15504,inform,dont care
15505,inform,north
15506,inform,moderate
15508,request,what is their phone number
15509,thankyou,thank you good bye
15510,null,sil
15511,inform,expensive
15512,inform,i dont care
15513,inform,south
15515,request,the post code
15516,thankyou,thank you good bye
15517,inform,west part of town
15518,inform,west
15519,request,phone number
15520,request,price range
15521,thankyou,thank you good bye
15522,inform,im looking for a restaurant in the north part of town
15523,inform,english
15524,inform,chinese
15526,affirm,yes
15527,inform,any price range
15528,inform,any price range
15529,request,phone number
15530,thankyou,thank you good bye
15531,inform,uh im looking for a moderately priced restaurant
15532,inform,any
15534,thankyou,thank you goodbye
15535,null,sil
15536,inform,im looking for cheap food
15537,inform,i dont care in the north part of town
15538,inform,cheap
15539,null,noise
15540,request,can i have the phone number and address
15541,thankyou,thank you good bye
15542,null,noise
15543,inform,any
15544,inform,north
15545,inform,cheap
15546,request,address
15547,request,phone number
15548,request,post code
15549,thankyou,thank you good bye
15550,inform,oh i dont care
15552,thankyou,thank you good bye
15553,inform,im looking for a restaurant that serves african food
15554,null,okay
15555,request,address
15557,request,address
15559,thankyou,thank you good bye
15561,inform,any area
15562,request,whats the address
15563,thankyou,thank you good bye
15564,inform,can i have moderately priced restaurant in the west part of town
15565,inform,any type of food
15566,request,can i have the address and phone number please
15567,request,what is the address
15568,thankyou,thank you good bye
15569,null,sil
15571,inform,how bout european
15572,inform,uh i dont care
15573,inform,i dont care
15574,request,talking whats the address
15575,request,whats the phone number talking
15576,null,sil
15577,null,sil
15578,null,sil
15579,null,sil
15580,null,sil
15581,null,sil
15582,null,sil
15583,request,whats the phone number for noise
15584,request,whats the phone number for hotel dubai
15585,null,sil
15586,null,background_speech
15588,null,sil
15589,null,background_speech
15590,thankyou,thank you goodbye
15591,inform,north creative
15592,inform,chinese food north part of town
15594,affirm,yes
15595,inform,i dont care
15597,null,noise
15598,thankyou,thank you good bye
15599,inform,african
15600,inform,african
15601,inform,center
15602,request,address
15603,request,post code
15604,request,post code
15605,request,post code
15606,thankyou,thank you good bye
15607,inform,im looking for european food
15608,inform,i dont care
15609,inform,i dont care
15611,request,whats the address
15612,thankyou,thank you good bye
15613,inform,can i have moderately priced restaurant
15614,inform,it doesnt matter
15615,inform,the south
15616,inform,the south
15619,thankyou,thank you good bye
15620,inform,i need to find a cheap restaurant
15621,inform,any
15622,affirm,yes
15623,inform,south
15624,request,can i get the address
15626,thankyou,thank you good bye
15627,null,sil
15628,inform,im looking for a moderately priced restaurant in the west part of town
15629,inform,dont care
15630,request,whats the address
15632,thankyou,thank you good bye
15633,inform,im looking for an expensive restaurant in the south part of town
15634,inform,dont care
15635,request,whats the address
15636,thankyou,thank you good bye
15637,inform,swedish food
15638,inform,swedish
15639,inform,spanish
15640,affirm,yes
15641,inform,any area
15642,inform,any
15643,request,what is the price range
15644,thankyou,thank you good bye
15645,inform,any
15646,affirm,yes
15647,inform,north
15648,inform,moderate
15649,inform,i would like one thats moderately priced
15650,confirm,is it moderately priced
15653,request,phone number
15654,request,what type of food
15655,request,how much is the food
15656,request,where is it
15657,request,how much does it cost
15658,request,how much does it cost
15659,thankyou,thank you good bye
15660,inform,moderately priced restaraunt
15661,inform,anything
15662,reqalts,anything else
15664,thankyou,thank you good bye
15665,inform,i want an expensive restaurant
15666,null,and
15668,reqalts,what about european food
15669,reqalts,how about european food
15672,thankyou,thank you good bye
15675,inform,any
15676,negate,no north
15677,inform,any
15679,thankyou,thank you good bye
15681,negate,no thai food
15682,negate,no
15683,negate,no
15684,inform,i dont care
15685,inform,id like thai food please
15686,inform,breath i dont care
15689,inform,i dont care
15690,inform,uh i dont care
15694,inform,id like thai food
15695,inform,i dont care
15696,inform,id like a moderately priced restaurant that serves thai food
15697,thankyou,thank you goodbye
15698,inform,im looking for a restaurant in the south part of town that serves
15699,affirm,right
15700,reqalts,how about chinese food
15701,reqalts,how about chinese food
15703,affirm,yes serving chinese food
15704,inform,it doesnt matter
15706,request,and what is the price range
15707,thankyou,thank you good bye
15708,inform,it doesnt matter
15710,request,can i have their address
15711,request,and the phone number
15712,thankyou,thank you good bye
15713,inform,i need a vietnamese restaurant
15714,inform,vietnamese
15715,negate,no vietnamese food
15717,request,whats the post code
15718,thankyou,thank you good bye
15719,affirm,yeah im looking for a cheap restaurant
15720,inform,it doesnt matter
15721,affirm,right in the south side of town though
15722,request,okay whats the phone number
15723,bye,awesome thanks good bye
15724,thankyou,okay but im going to nandos thank you good bye
15725,thankyou,thank you good bye
15726,null,oh my god
15728,negate,thank you good bye no thank you good bye
15729,negate,no
15731,inform,looking for a cheap restaurant in the north part of town
15732,affirm,yes
15734,thankyou,thank you good bye
15735,null,noise
15736,hello,hi noise
15737,hello,hi i;m
15738,null,noise
15739,null,noise
15740,negate,no no im looking
15745,inform,im looking for a restaurant in the south part of town and it should serve chinese food
15746,inform,doesnt matter
15747,inform,doesnt matter
15748,inform,i dont care
15749,request,whats the address
15750,request,and the price range
15751,null,noise
15752,null,noise
15753,request,and whats the price range
15754,null,noise
15755,thankyou,thank you good bye
15758,inform,expensive
15759,request,price range
15760,inform,any
15761,request,phone number
15762,request,phone number
15763,thankyou,thank you good bye
15764,null,noise
15765,inform,cheap
15767,affirm,yes
15768,null,noise
15769,null,breathing
15770,null,breathing
15771,null,noise
15772,inform,cheap
15773,request,phone number
15774,thankyou,thank you good bye
15775,inform,id like a cheap restaurant in the south part of town
15776,inform,i dont care
15777,request,can i have the address please
15778,thankyou,thank you good bye
15779,null,sil
15780,inform,im looking for a cheap restaurant in the east part of town
15781,inform,chinese
15782,affirm,yes
15783,inform,in the east part
15784,request,what is the address and phone number
15785,thankyou,thank you good bye
15786,null,noise
15787,inform,im looking for a cheap restaurant in the south part of town
15788,request,what is the address
15789,request,and the phone number
15790,thankyou,thank you good bye
15791,inform,south
15792,inform,cheap
15793,affirm,yes
15794,affirm,yes
15795,affirm,yes
15796,null,breathing
15797,inform,south
15798,inform,cheap
15799,reqalts,anything else
15800,null,noise
15801,thankyou,thank you goodbye
15802,inform,looking for a cheap spanish restaurant
15803,affirm,yes cheap spanish restaurant
15804,request,where is it
15806,thankyou,thank you good bye
15807,null,unintelligible
15808,inform,barbecue food
15809,reqalts,how about turkish food
15810,inform,turkish food
15811,inform,i am looking for a restaurant in the center of town serving turkish food
15812,null,i would like
15813,null,you tell me
15814,inform,doesnt matter
15815,affirm,right
15816,request,whats the address
15817,request,and whats the price range
15818,thankyou,thank you good bye
15819,inform,im looking for a moderately priced restaurant
15820,inform,that should be in the east part of town
15821,affirm,yes
15822,request,can i have the phone number
15823,request,and what type of food do they serve
15826,thankyou,thank you good bye
15827,negate,no
15828,inform,italian food
15829,inform,italian food
15830,inform,any
15831,inform,any
15832,inform,cheap
15833,request,address
15834,request,phone number
15835,thankyou,thank you good bye
15836,inform,um im looking for an expensive restaurant
15837,inform,i dont care
15838,inform,south part of town
15839,inform,south part
15840,inform,south
15843,inform,i dont care
15844,inform,expensive
15845,negate,no
15846,inform,im looking for an expensive restaurant in the south part of town
15847,inform,im looking for an expensive restaurant
15848,inform,and it should be in the south part of town
15849,inform,im looking for an expensive restaurant
15850,inform,and it should be in the south part of town
15851,inform,im looking for an expensive restaurant in the south part of town
15853,request,do you have the phone number
15855,request,what type of food
15859,thankyou,thank you goodbye
15861,affirm,yeah
15862,inform,any part of town
15863,inform,any
15864,inform,moderate
15865,inform,any price range
15866,inform,expensive
15867,request,can i get the address
15868,thankyou,thank you good bye
15869,inform,im looking for a restaurant in the north part of town that serves traditional food
15871,reqalts,how about asian oriental type of food
15872,request,whats the address
15873,request,phone number
15874,thankyou,thank you good bye
15875,inform,korean food
15876,inform,korean
15877,request,the address
15878,thankyou,thank you good bye
15879,null,noise
15880,inform,im looking for a moderate priced restaurant serving jamaican food
15881,null,noise
15882,reqalts,how about asian oriental type of food
15883,reqalts,how about asian oriental type of food
15884,inform,asian oriental type of food
15885,affirm,yes
15886,inform,any part of town
15887,affirm,yes
15888,request,can i have the address and phone number
15889,request,can i have the phone number
15890,thankyou,thank you good bye
15891,inform,japanese
15892,request,address
15893,request,phone number
15894,thankyou,thank you good bye
15895,inform,im looking for a restaurant that serves austral austrian food
15896,inform,austrian food
15897,reqalts,how about spanish
15898,affirm,yeah
15899,inform,any area
15900,inform,any price range
15902,thankyou,thank you good bye
15903,affirm,uh yes i would like a restaurant in the south
15904,inform,part of town and it serves mediterranean food
15905,inform,south
15906,inform,south
15907,reqalts,okay how about indian food
15908,reqalts,okay how about indian food
15909,affirm,yes
15910,request,okay and can i get the phone number
15912,null,noise
15913,inform,basque
15914,reqalts,how about italian
15915,inform,italian
15916,inform,i dont care
15918,thankyou,thank you good bye
15919,inform,north part of town austral asian food
15920,affirm,yes
15921,reqalts,how about asian oriental type of food
15922,reqalts,how about asian oriental
15923,inform,asian oriental
15925,thankyou,thank you good bye
15926,inform,an expensive restaurant in the south part of town
15927,request,address
15928,bye,goodbye
15929,inform,steak house food noise steak house food
15931,inform,french food
15932,inform,north part of town north part of town
15933,request,can i have the phone number
15934,bye,thank you good bye thank you good bye
15935,inform,need a cheap restaurant
15936,inform,cheap
15937,request,address
15938,request,phone number
15939,request,post code
15940,thankyou,thank you good bye
15941,inform,portuguese food
15942,inform,i dont care
15943,inform,i dont care
15944,request,address
15945,thankyou,thank you good bye
15947,inform,seafood
15948,inform,seafood
15949,inform,seafood
15950,inform,seafood
15951,inform,seafood
15952,inform,seafood
15953,inform,seafood
15954,inform,seafood
15955,inform,seafood
15956,inform,seafood
15957,inform,seafood
15961,inform,s e a f o o d
15962,negate,no
15963,inform,seafood
15964,negate,no
15965,inform,seafood
15966,inform,seafood
15967,request,phone number
15969,request,what is the price range
15972,inform,gastropub
15974,thankyou,thank you good bye
15975,inform,breath expensive
15976,inform,indonesian
15977,negate,no
15978,inform,expensive indonesian
15979,inform,doesnt matter
15980,inform,indonesian
15981,inform,doesnt matter
15982,inform,dont care
15983,inform,indonesian
15984,request,what type of food
15985,confirm,is it expensive
15986,confirm,is it expensive
15988,thankyou,thank you goodbye
15989,inform,im looking for a cheap restaurant that serves vietnamese food
15991,thankyou,thank you good bye
15992,inform,i want a french restaurant that serves expensive food
15993,null,not sure
15994,inform,um dont care
15995,reqalts,is there another restaurant
15997,request,whats the phone number and post code
15998,thankyou,thank you good bye
15999,null,sil
16000,inform,i want a cheap restaurant in the south part of town
16001,inform,it doesnt matter
16002,reqalts,anything else
16003,request,whats the address
16004,thankyou,thank you good bye
16005,inform,moderately priced
16006,inform,french
16007,affirm,yes
16008,inform,dont care
16009,inform,moderate
16010,inform,moderate
16011,inform,moderate
16012,inform,moderate
16013,inform,moderate
16014,inform,cheap
16015,inform,cheap
16016,inform,moderate
16017,inform,moderate
16018,inform,moderate
16019,affirm,yes
16020,inform,moderate
16021,inform,moderate
16022,request,phone number
16023,request,telephone number
16024,thankyou,thank you goodbye
16025,request,phone number
16026,thankyou,thank you goodbye
16028,inform,anything
16029,inform,expensive
16030,inform,south part of town
16031,reqalts,uh anything else
16032,request,phone number
16033,thankyou,thank you good bye
16034,inform,i want to find a turkish food
16035,inform,i dont care
16036,inform,i dont care
16037,null,noise
16038,null,noise
16039,null,uh have
16041,null,noise
16042,request,where is it
16043,request,where is the area
16045,null,noise
16047,repeat,can you repeat that
16048,null,noise
16049,request,what kind of food do they serve
16050,null,noise
16051,request,what food do they serve
16052,null,noise
16053,null,noise
16054,thankyou,thank you good bye
16056,inform,could i have a restaurant that serves asian oriental food
16057,inform,like a restaurant that serves asian oriental
16060,null,sil
16061,inform,i need a restaurant that serves
16062,inform,oriental food
16063,inform,i need asian food
16065,negate,no
16067,null,sil
16068,thankyou,thank you good bye
16069,inform,moderate priced in the north part of town
16071,request,phone number
16072,request,phone number
16073,request,address
16074,inform,i want to find a restaurant in the north part of town that serves italian food
16076,thankyou,thank you good bye
16078,inform,british food
16080,negate,no indian
16081,negate,no
16083,inform,indian food
16084,affirm,yes
16085,inform,any
16086,request,give me the address please
16087,request,what is the address
16089,request,what is the price range
16090,thankyou,thank you good bye
16091,inform,i am looking for an expensive restaurant that serves swedish food
16092,inform,im looking for a korean restaurant
16093,affirm,right
16094,request,what is the address and area
16095,request,what is the area
16096,thankyou,thank you good bye
16097,inform,looking for a restaurant in any area that serves irish food
16098,inform,turkish food
16099,inform,turkish food
16100,inform,turkish food
16101,affirm,yes
16102,inform,any
16103,affirm,correct
16104,request,what is the address
16105,thankyou,thank you good bye
16106,inform,im looking for a cheap restaurant in the north part of town
16107,inform,doesnt matter
16108,affirm,yes
16109,request,ok whats the phone number
16110,thankyou,thank you goodbye
16111,inform,persian
16112,inform,persian
16114,inform,dont care
16115,inform,cheap
16116,request,address
16117,request,address
16118,thankyou,thank you good bye
16119,null,sil
16120,affirm,yes
16121,reqalts,how about canapes
16123,affirm,yes
16124,null,uh
16125,inform,expensive
16127,request,whats the address
16128,request,and whats the telephone number
16130,inform,moderately priced
16131,inform,christmas food
16134,null,sil
16135,inform,chinese
16136,negate,no chinese
16137,inform,chinese
16139,inform,moderately priced restaurant
16140,inform,moderately priced
16141,inform,chinese
16142,inform,chinese type of food
16143,inform,moderately priced
16144,request,phone number
16145,request,phone number
16146,thankyou,thank you good bye
16147,thankyou,thank you good bye
16149,inform,barbecue
16150,inform,any asian oriental
16151,affirm,yes
16152,inform,north side
16153,request,whats its address
16154,request,could you give me the number
16155,thankyou,uh thank you and goodbye
16156,null,noise
16157,affirm,yes
16158,inform,i dont care
16159,affirm,yes
16160,affirm,yes
16161,affirm,yes
16162,negate,no
16163,negate,no
16167,affirm,yes
16168,request,whats the address
16170,request,whats the post code
16171,thankyou,thank you good bye
16172,inform,im looking for a moderately priced restaurant
16173,inform,any
16174,request,what is the address
16175,request,phone number
16176,request,what is the type of food
16177,thankyou,thank you good bye
16178,inform,im looking for a cheap restaurant that serves portuguese food
16180,affirm,yes
16181,inform,i dont care
16182,null,unintelligible
16183,request,what is the address and phone number
16185,thankyou,thank you good bye
16186,inform,can i get a restaurant in the center
16187,reqalts,okay how about asian oriental
16191,inform,id like a restaurant that serves asian food
16193,thankyou,thank you good bye
16194,inform,expensive restaurant south part of town
16195,inform,any
16196,request,address
16197,thankyou,thank you good bye
16198,null,unintelligible
16200,inform,i want french
16201,inform,french food any french food
16202,inform,doesnt matter
16204,inform,any area
16205,affirm,ye
16206,affirm,yes
16207,inform,um doesnt mater
16208,request,can i have the phone number
16210,bye,goodbye
16211,null,sil
16212,null,sil
16213,null,sil
16214,affirm,yes
16215,null,sil
16216,inform,north
16217,inform,north
16218,affirm,yes
16219,null,sil
16220,null,sil
16221,null,sil
16222,null,sil
16223,null,sil
16224,null,sil
16225,null,sil
16226,null,sil
16227,null,sil
16228,null,sil
16229,null,sil
16230,null,sil
16231,null,sil
16232,inform,moderate
16233,null,sil
16234,thankyou,thank you good bye
16235,null,cough
16236,inform,center
16237,affirm,yes fusion
16238,inform,british
16239,affirm,yes
16240,inform,center
16241,inform,any
16242,request,address
16243,request,phone number
16244,thankyou,thank you good bye
16246,inform,center area
16247,inform,center area
16248,affirm,yes
16249,inform,any
16250,request,price range
16251,request,address
16252,request,price range
16253,thankyou,thank you good bye
16254,inform,south part of town
16255,inform,polynesian food
16258,request,phone number
16259,request,phone
16260,request,phone number
16261,request,address
16262,request,phone number
16263,thankyou,thank you good bye
16264,inform,i am looking for a moderately priced restaurant that serves russian food
16265,inform,russian food
16267,request,type of food do they serve
16269,inform,i am looking for a moderately priced restaurant that serves russian food
16274,inform,any part of town
16275,inform,i am looking for a moderately priced restaurant
16277,inform,russian food
16278,inform,russian food
16279,inform,russian food
16286,inform,i am looking for a restaurant in the moderate price range that serves russian
16287,inform,chinese foo
16288,null,what about
16289,inform,chinese foo
16290,request,what is their phone number
16291,thankyou,thank you goodbye
16292,inform,im looking for an expensive restaurant that serves danish food
16293,reqalts,how about korean food
16294,inform,is there an expensive restaurant that serves korean food
16295,request,what is the address
16296,thankyou,thank you good bye
16297,negate,no
16298,request,phone number
16299,request,phone number
16300,request,post code
16301,thankyou,thank you good bye
16302,thankyou,thank you good bye
16303,inform,expensive
16304,inform,dont care
16305,inform,south
16306,null,noise
16307,null,noise
16308,reqalts,anything else
16309,request,address
16310,request,phone number
16312,thankyou,thank you good bye
16313,inform,looking for a cheap restaurant in the east part of town
16314,inform,i dont care
16315,inform,i dont care
16317,thankyou,thank you good bye
16318,inform,north
16322,affirm,yes
16323,inform,any
16324,request,address
16325,request,address
16326,request,phone number
16327,request,price range
16328,request,price range
16329,thankyou,thank you good bye
16331,negate,no
16332,inform,vietnamese
16333,inform,vietnamese
16334,inform,vietnamese
16335,inform,vietnamese
16336,inform,vietnamese
16337,request,address
16338,request,address
16339,request,address
16340,thankyou,thank you good bye
16341,inform,looking for a moderately priced restaurant that serves tuscan food
16342,reqalts,how about european food
16343,reqalts,what about european food
16344,inform,it doesnt matter
16345,request,whats the address
16346,request,whats the post code
16347,thankyou,thank you good bye
16348,inform,expensive
16349,inform,sea food
16350,inform,sea food
16351,inform,sea food
16352,inform,any
16353,null,breathing
16354,inform,expensive
16355,negate,no
16356,inform,expensive restaurant
16357,inform,sea food
16358,inform,sea food
16359,request,address
16360,thankyou,thank you good bye
16361,affirm,right
16362,reqalts,is there a restaurant in the north part of town that serves indian food
16363,reqalts,is there a restaurant in the north part of town that serves indian food
16364,affirm,right
16365,affirm,right
16366,null,unintelligible range
16367,inform,moderate
16368,request,whats its address
16370,thankyou,thank you good bye
16373,inform,world
16374,inform,veitnamese
16375,inform,vietnamese
16377,inform,vietnamese
16378,inform,vietnamese
16379,inform,vietnamese
16380,inform,vietnam
16381,inform,vietnam
16382,inform,vietnamese
16383,inform,vietnamese
16384,affirm,yes
16385,inform,vietnamese
16386,affirm,yes
16387,request,phone number
16388,request,address
16389,thankyou,thank you good bye
16391,reqalts,how about international food
16392,affirm,yes
16393,inform,dont care
16394,inform,moderately priced
16395,request,can i have the address and post code
16396,thankyou,thank you good bye
16397,affirm,yes can i have a vegetarian restaurant in the east part of town
16398,inform,indian indian food in the east part of town
16399,inform,indian indian food in the east part of town
16400,inform,dont care
16401,request,the address
16402,request,the phone number
16403,thankyou,thank you good bye
16404,inform,find spanish restaurant
16405,affirm,yes
16406,inform,doesnt matter
16407,inform,doesnt matter
16408,affirm,yes
16409,inform,any
16410,request,the address and post code
16411,request,what is the address
16412,thankyou,thank you good bye
16413,inform,i want an indonesian restaurant in the north part of town
16414,inform,indonesian
16415,inform,asian
16419,affirm,yes
16420,request,what is the address and phone number
16421,thankyou,thank you good bye
16423,inform,doesnt matter
16424,inform,dont care
16425,request,address
16426,request,address
16427,request,address
16428,request,address
16429,request,phone number
16430,thankyou,thank you goodbye
16431,inform,i want to find a cheap restaurant and it should serve portuguese food
16432,affirm,yes
16433,inform,any
16435,thankyou,thank you good bye
16436,inform,i need to find an expensive restaurant in the south park of town
16439,reqalts,anything else
16440,request,what is the address and phone number
16441,request,and what is the address
16442,thankyou,okay thank you good bye
16444,inform,south part of town
16445,affirm,yes
16446,affirm,yes
16447,affirm,yeah
16448,inform,south
16449,request,address
16450,request,phone number
16452,thankyou,thank you good bye
16453,inform,im looking for a moderately priced restaurant in the west part of town
16454,null,uh unintelligible
16455,affirm,yes
16456,request,address
16457,request,phone number
16458,thankyou,thank you good bye
16459,inform,im looking for a restaurant in any area that serves cantonese food
16461,inform,is there any serving spanish food
16464,inform,i dont care
16465,request,whats the address and price range
16466,request,and the price range
16467,thankyou,thank you good bye
16469,reqalts,how about gastropub type of food
16470,inform,breath i am looking for a venue that serves gastropub food
16471,affirm,yes im looking for barbecue food
16472,reqalts,how about gastropub food
16473,inform,breath i am looking for a restaurant in any area that serves gastropub type of food
16475,inform,gastropub
16476,inform,gastropub type of food
16477,inform,that serves gastropub
16479,inform,do not care
16480,inform,i dont care
16482,thankyou,thank you goodbye
16483,inform,it doesnt matter
16484,request,may i have the address phone number and postcode
16485,request,may i have the address
16486,thankyou,thank you goodbye
16487,inform,im looking for halal food
16488,inform,im looking for turkish food
16489,affirm,right
16490,inform,i dont care
16491,inform,i dont care
16492,request,whats the address
16493,request,whats the post code
16494,thankyou,thank you good bye
16495,inform,singaporean
16496,inform,singapore
16497,inform,singaporean food
16498,ack,fine
16499,inform,any
16500,request,phone number
16501,request,phone number
16503,inform,singapore
16504,inform,dont care
16505,inform,dont care
16506,affirm,mmhm
16507,affirm,yes
16508,inform,singapore
16509,request,phone number
16510,thankyou,thank you good bye
16511,inform,i would like a restaurant in the west part of town that serves russian food
16512,inform,russian food
16513,inform,russian food
16514,inform,russian food
16515,inform,italian food
16516,inform,italian food
16517,affirm,yes
16519,inform,moderate
16521,thankyou,thank you good bye
16522,null,sil
16523,inform,im looking for a restaurant in the center that serves bistro food
16526,inform,north american food
16528,thankyou,thank you good bye
16529,inform,belgian food
16530,affirm,yes
16531,inform,asian oriental
16532,null,cough
16533,inform,dont care
16534,request,phone number
16535,null,noise
16536,request,phone number
16537,request,phone number
16538,request,phone number
16539,request,phone number
16540,thankyou,thank you good bye
16542,inform,uh it does i dont care
16543,inform,west
16544,inform,west part of town
16545,request,can i have the address and post code
16546,request,whats the post code
16547,thankyou,thank you good bye
16548,inform,id like an expensive restaurant in the south part of town
16549,inform,any type of food
16551,request,what is the post code
16552,thankyou,thank you good bye
16553,inform,id like a cantonese resturant in the south part of town
16554,reqalts,how about chinese food
16555,reqalts,how about chinese food
16557,affirm,yes
16558,inform,any price range
16559,inform,any price range
16560,request,what price range is it
16561,request,what is the address
16562,thankyou,thank you good bye
16563,inform,im looking for a restaurant in the south part of town that serves european food
16564,affirm,yes in the south part of town
16566,inform,center area
16567,inform,center
16568,affirm,yes
16569,inform,i dont care the center part of town
16570,inform,i dont care
16571,inform,i dont care
16573,null,sil
16574,request,post code
16578,thankyou,thank you goodbye
16579,thankyou,thank you goodbye
16580,affirm,yeah im looking for a restaurant in the south part of town that serves international food
16581,request,and whats the price range
16582,thankyou,thank you good bye
16583,inform,i need a cheap restaurant that serves romanian food
16584,reqalts,how about chinese food
16586,reqalts,how about chinese food
16588,reqalts,how about chinese food
16589,negate,no
16590,reqalts,how about chinese food
16591,negate,no
16592,reqalts,how about chinese food
16593,affirm,yes
16594,inform,i dont care
16596,inform,cheap
16597,request,whats the address
16598,request,phone number
16599,thankyou,thank you good bye
16600,affirm,yes can i have malaysian food
16601,inform,malaysian restaurant
16602,inform,malaysian food
16603,inform,french food
16604,inform,dont care
16605,inform,dont care
16606,request,address
16607,request,address
16608,request,phone
16609,thankyou,thank you good bye
16610,hello,hello and welcome to the cambridge
16611,affirm,yes
16612,inform,south
16613,inform,moderate
16614,reqalts,is their anything else
16615,request,could i have the address phone number and type of food
16616,request,phone number
16618,thankyou,thank you good bye
16619,hello,hi i want to serve a cheap restaurant that serves traditional food
16620,reqalts,how about cheap portuguese food
16623,negate,no
16624,null,okay
16625,inform,portuguese food
16626,inform,i dont care
16627,null,sil
16628,request,what is nandos address
16630,inform,im looking for a cheap restaurant in the north part of town
16631,inform,any
16633,thankyou,thank you good bye
16634,inform,i want a moderately priced restaurant in the south part of town
16635,inform,it doesnt matter
16636,request,what kind of food does it serve
16637,request,and whats their address
16638,thankyou,thank you good bye
16639,inform,i want a jamaican food restaurant in the center part of town
16640,inform,jamaican food
16641,inform,i want a modern european food
16642,affirm,ye
16643,affirm,yes
16644,inform,i dont care
16645,request,what is the address
16646,thankyou,thank you goodbye
16647,null,noise
16648,inform,i dont care
16649,null,noise
16650,null,noise
16651,inform,moderate
16652,inform,cheap
16653,request,whats the address
16654,request,and the phone number
16655,request,and what kind of food
16656,thankyou,thank you good bye
16658,affirm,yeah
16659,inform,i dont care
16660,request,can i get the address
16661,request,could i get the address please
16662,request,and the phone number
16663,thankyou,thank you good bye
16665,request,whats the address
16667,thankyou,thank you goodbye
16668,inform,find cheap restaurant
16669,inform,christmas food
16672,inform,doesnt matter
16673,inform,doesnt matter
16674,inform,i dont care
16675,request,what is the address
16677,thankyou,thank you good bye
16678,inform,looking for a cheap restaurant and it should be in the west part of town
16679,inform,doesnt matter
16681,reqalts,anything else
16682,request,uh the post code
16683,thankyou,thank you good bye
16684,inform,moderate
16685,inform,polynesian food
16686,inform,polynesian food
16687,inform,polynesian food
16688,inform,polynesian
16689,inform,polynesian
16692,inform,hold on im working hold on gastro pub
16693,request,address
16694,request,phone number
16695,request,area
16696,request,area
16697,thankyou,thank you good bye
16698,thankyou,thank you good bye
16699,thankyou,thank you good bye
16700,inform,im looking for a cheap restaurant in the south part of town
16701,inform,i dont care
16702,null,noise
16704,reqalts,anything else
16706,request,can i have the phone number
16707,request,what type of food is it
16708,inform,can i have a restaurant in the east part of town
16709,inform,gastropub
16710,request,and what is the post code
16711,thankyou,thank you good bye
16712,inform,uh north american food
16713,inform,north american food
16714,request,can i get the address
16716,request,whats the post code
16717,thankyou,thank you good bye
16719,inform,any type of food
16720,request,what is the address and phone number
16721,thankyou,thank you good bye
16723,inform,i dont care
16724,request,what is the address
16725,request,what is the post code
16726,thankyou,thank you good bye
16727,inform,yea im looking for a moderately priced restaurant in the south of town
16728,inform,american
16729,inform,north american
16730,inform,spanish
16731,inform,english food
16732,null,noise
16733,inform,moderate
16734,null,unintelligible
16735,inform,moderately priced restaurant in the south of town
16736,request,whats the phone number of burger kitchen
16737,request,and the type of food at gourmet burger kitchen
16738,thankyou,thank you good bye
16739,inform,id like a moderately priced restaurant in the west part of town
16740,inform,i dont care
16741,affirm,yes
16742,request,what is the address
16743,thankyou,thank you good bye
16744,null,unintelligible
16745,inform,gastropub food
16747,null,uh
16748,request,address
16749,inform,any
16750,reqalts,next
16752,reqalts,another restaurant
16753,reqalts,next
16754,null,sil
16755,request,address
16756,request,address
16757,request,area
16758,thankyou,thank you good bye
16759,inform,im looking for a restaurant in any area serving turkish food
16760,affirm,yes
16761,inform,dont care
16762,request,could i get the post code
16763,thankyou,thank you good bye
16764,null,sil
16765,inform,uh italian
16766,inform,west
16767,inform,moderate
16768,request,phone number
16769,request,phone number
16771,thankyou,thank you good bye
16772,null,unintelligible
16773,inform,lebanese
16774,inform,center
16775,request,address
16776,inform,lebanese
16777,request,address
16778,request,address
16779,request,address
16780,null,sil
16781,request,address
16782,request,phone number
16783,request,price range
16784,thankyou,thank you good bye
16787,null,um
16788,affirm,yes i would like to know the address
16789,thankyou,thank you good bye
16790,null,sil
16793,inform,vietnamese
16794,confirm,is there a vietnamese restaurant
16795,request,may i have the phone number please
16796,thankyou,thank you good bye
16797,inform,im looking for a restaurant in the center of town that serves lebanese food
16798,affirm,yes
16802,thankyou,thank you good bye
16803,thankyou,thank you good bye
16804,inform,caribbean food
16805,inform,north part of town
16806,inform,dont care
16807,request,address
16808,request,address
16809,request,phone number
16810,request,price range
16811,thankyou,thank you good bye
16812,inform,im looking for unintelligible food
16814,negate,no
16815,negate,no
16816,negate,no
16817,negate,no
16818,inform,i dont care
16819,inform,im looking for portuguese food
16820,inform,im looking for portuguese food
16821,negate,no
16822,null,unintelligible
16823,null,pizza
16824,inform,im looking for portuguese food
16825,reqalts,how about the west of town
16826,request,what is the address
16827,request,may i have the address
16828,thankyou,thank you good bye
16829,null,sil
16830,inform,im looking for a cheap restaurant and it should be in the north part of town
16831,inform,italian
16832,null,okay
16833,request,what is the address and phone and postal code
16834,thankyou,thank you good bye
16835,inform,cheap portugeuse
16836,inform,any area
16837,request,address
16838,request,phone number and area
16839,request,area
16840,thankyou,thank you goodbye
16842,inform,polynesian food
16843,reqalts,how about modern european
16845,inform,modern european food
16846,affirm,yes
16847,inform,i dont care
16849,thankyou,thank you good bye
16850,null,unintelligible
16851,null,unintelligible
16852,null,unintelligible
16853,inform,barbecue food
16854,inform,north american food
16855,inform,north american food
16856,request,address
16857,request,phone number
16858,request,post code
16859,thankyou,thank you good bye
16861,inform,breath malaysian food
16862,reqalts,how about portuguese food
16865,affirm,thats correct
16867,inform,portuguese food
16868,inform,portuguese food
16869,request,breath may i have the phone number and address please
16870,thankyou,breath thank you goodbye
16872,inform,doesnt matter
16873,affirm,yes
16877,thankyou,thank you goodbye
16878,inform,im looking for restaurant that serves chinese food
16879,inform,chinese
16880,inform,it doesnt matter
16881,reqalts,anything else
16882,reqalts,and anything else
16883,request,do you have the address of the lucky star
16884,request,the address
16885,request,the phone number
16886,thankyou,okay thank you good bye
16887,null,sil
16888,inform,im looking for a restaurant in the north part of town serving kosher food
16892,inform,french type of food
16893,request,im looking for a restaurant in the north part of town serving french type of food
16895,negate,no
16896,inform,im looking for a restaurant in the north of town serving french type of food
16897,thankyou,thank you goodbye
16898,inform,yea im looking for an expensive restaurant in the south part of town
16899,inform,chinese
16900,request,what is the address and postcode
16902,thankyou,thank you goodbye
16903,null,noise
16904,inform,moderately priced
16905,inform,south
16906,request,addre
16907,request,addre
16908,thankyou,thank you goodbye
16909,inform,im looking for an expensive restaurant in the south part of town
16910,inform,i dont care
16912,request,what is the phone number and post code
16913,thankyou,thank you good bye
16914,inform,i want to find a expensive restaurant and it should serve english food
16916,reqalts,how about european food
16917,request,can i get the address phone number and area
16918,inform,any area
16919,affirm,yea the area
16920,thankyou,thank you good bye
16921,inform,moderately priced moderately priced
16922,inform,doesnt matter
16923,inform,west part of town
16924,affirm,yes
16925,request,address
16926,request,phone number
16927,thankyou,thank you goodbye
16928,affirm,yes
16929,inform,uh dont care
16930,inform,um dont care
16931,reqalts,uh is there anything else
16932,request,and the address
16933,request,address
16934,request,address
16935,request,address
16936,request,address
16937,request,address
16938,request,address
16939,thankyou,thank you good bye
16941,inform,south part of town
16942,affirm,right
16943,null,cough
16944,request,address
16945,request,phone number
16946,thankyou,thank you good bye
16948,reqalts,how about chinese food
16949,request,what kind of food does it serve
16950,inform,i would like chinese food
16951,confirm,does it serve chinese food
16952,affirm,yes
16953,request,what is the address and post code
16955,thankyou,thank you good bye
16956,inform,moderate
16957,inform,north
16958,inform,north
16959,reqalts,anything else
16960,request,phone number
16961,request,post code
16962,thankyou,thank you good bye
16963,inform,uh id like steakhouse food
16964,inform,any area
16965,inform,steakhouse
16966,reqalts,uh how about turkish type of food
16967,inform,turkish
16968,inform,uh medium
16970,request,the address please
16971,thankyou,thank you good bye
16972,inform,bistro
16973,inform,dont care expensive
16974,affirm,yes
16975,request,address
16976,request,address
16977,request,phone number
16978,request,area
16979,request,area
16980,thankyou,thank you good bye
16981,inform,any kind of food
16982,reqalts,anything else
16983,request,what is the address and phone number
16984,thankyou,thank you good bye
16985,inform,im looking for a moderately priced restaurant that serves vietnamese food
16987,inform,indian food
16988,inform,i dont care
16989,request,whats their address and phone number
16990,thankyou,thank you good bye
16991,inform,moderately priced
16992,inform,any
16993,request,phone number
16994,request,phone number
16995,request,post code
16996,thankyou,thank you good bye
16997,inform,iam looking for an expensive restaurant and it should be in the south part of town
16998,inform,i do not care
17000,request,could i have the phone number please
17001,thankyou,thank you good bye
17002,inform,cheap restaurant in the south part of town
17003,inform,i dont care
17004,request,what is the address
17006,thankyou,thank you good bye
17007,thankyou,thank you good bye
17008,inform,restaurants
17009,null,noise
17010,affirm,yes
17011,inform,singaporean
17012,inform,vietnamese
17013,reqalts,how about vietnamese
17015,affirm,yes
17016,negate,no
17017,inform,vietnamese
17019,request,price range
17020,request,price range
17021,request,what is price range
17022,request,phone number
17023,affirm,yes
17024,null,noise
17025,request,phone number please
17026,thankyou,thank you goodbye
17028,inform,uh it doesnt matter
17029,reqalts,do you have anything else
17032,inform,i dont care
17033,inform,unusual
17034,reqalts,how about european food
17035,null,i would like
17036,inform,i dont care
17037,request,and the phone number
17039,request,whats the telephone number
17040,request,can i have the phone number
17041,thankyou,thank you good bye
17042,inform,i want a restaurant that serves french food
17043,request,what is the address phone number and post code
17044,request,what is the address
17045,thankyou,thank you good bye
17046,inform,im looking for a restaurant on the east part of town that serves scandinavia food
17047,negate,uh no
17048,inform,im looking for a restaurant in the east part of town serving chinese food
17049,inform,im looking for a restaurant serving chinese food
17050,request,can i get the address phone number and post code
17052,thankyou,thank you good bye
17053,inform,south
17054,inform,afghan
17056,inform,portuguese food
17057,inform,portuguese food
17058,affirm,yes
17059,request,what type of food
17060,reqalts,how about portuguese food
17061,request,what is the address
17062,request,phone number
17063,thankyou,thank you good bye
17064,null,sil
17067,inform,doesnt matter
17068,affirm,yes
17069,inform,british food
17070,inform,cheap
17071,inform,moderately priced
17072,affirm,yes
17073,inform,moderately priced
17074,affirm,yes
17075,affirm,yes
17076,affirm,yes
17077,null,okay
17078,request,phone number
17080,ack,well take that one
17081,thankyou,thank you good bye
17082,inform,breath i want to find a restaurant in the north part of town
17083,inform,barbecue food
17084,inform,how bout asian oriental
17085,reqalts,how bout asian oriental type of food
17086,reqalts,thats fine how bout asian food
17087,null,noise okay
17088,inform,fine i want restaurant in the north part of town
17089,reqalts,how about asian oriental type of food
17090,negate,no
17091,reqalts,how about asian oriental type of food
17093,reqalts,sure how about asian food
17094,affirm,ye
17095,negate,no
17096,deny,not any more
17098,reqalts,how about asian
17100,thankyou,thank you goodbye
17101,null,sil
17102,null,sil
17103,inform,moderately priced restaurant that serves thai food
17104,inform,any
17105,request,whats the address
17106,request,phone number
17107,request,what type of food
17108,thankyou,thank you good bye
17109,inform,looking for a moderately priced restaurant
17110,inform,any
17112,request,whats its address
17114,thankyou,thank you good bye
17115,inform,moderately priced restaurant
17116,inform,serves halal food
17117,inform,any
17118,inform,halal
17119,negate,no
17121,affirm,yes
17122,inform,any
17124,affirm,yes
17125,affirm,yes
17126,request,address and phone number
17127,null,noise
17128,request,address
17129,request,and phone nubmer
17130,null,unintelligible
17131,request,address
17132,null,noise
17133,request,address
17134,thankyou,thank you good bye
17136,inform,doesnt matter
17137,affirm,yes
17138,affirm,right
17140,thankyou,thank you good bye
17141,inform,id like moderately priced moroccan food
17142,affirm,yes
17145,request,what type of food
17147,inform,it doesnt matter
17148,request,what is the address
17150,thankyou,thank you good bye
17151,null,noise
17152,reqalts,what about north american type of food
17153,negate,breath no american food
17155,negate,no
17156,affirm,yes
17158,thankyou,thank you goodbye
17159,hello,hi im looking for a moderately priced restaurant in the west part of town
17160,inform,uh any type
17162,request,what is the address and phone number
17163,thankyou,thank you good bye
17164,inform,im looking for a restaurant in the west part of town that serves moroccan food
17165,inform,is there one that serves indian food
17166,thankyou,thank you good bye
17167,thankyou,thank you good bye
17168,inform,moderate price
17169,inform,south
17170,inform,dont care
17171,inform,moderate
17172,request,address
17173,request,address
17177,thankyou,thank you goodbye
17178,thankyou,thank you goodbye
17179,request,may i have the phone number to the turkiesh
17180,inform,restaurant
17181,inform,the turkiesh
17182,null,sil
17183,inform,turkish food
17184,inform,the turkiesh food
17185,inform,turkey food
17187,inform,restaurant
17188,inform,turkiesh food
17189,thankyou,thank you good bye
17190,thankyou,thank you good bye
17192,thankyou,thank you good bye
17193,affirm,uh yes can i find a moderately priced restaurant and it serve it should serve brazilian food
17194,ack,okay uh
17195,inform,okay moderate price range gastropub
17196,request,okay can i get the address
17199,inform,im looking for a restaurant that serves swiss food
17200,reqalts,what about vietnamese type of food
17201,negate,no im looking for one that serves vietnamese food
17202,request,can i have the address and phone number please
17203,thankyou,thank you good bye
17205,inform,i dont care
17207,request,what is the whats the phone number
17208,thankyou,thank you good bye
17209,inform,im looking for a korean restaurant in the expensive price range
17210,request,could i have the address phone number and area
17211,thankyou,thank you good bye
17212,inform,spanish food
17213,inform,spanish
17214,inform,i dont care
17215,inform,moderate
17216,request,address
17217,thankyou,thank you good bye
17218,inform,moderately priced in the north part of town
17219,inform,moderate
17220,inform,doesnt matter
17221,affirm,yes
17222,request,address
17223,request,phone number
17224,thankyou,thank you good bye
17225,null,noise
17226,inform,any kind of food id like a cheap restaurant
17227,affirm,yes
17228,request,can i get their address and phone number
17229,thankyou,thank you good bye
17230,thankyou,thank you good bye
17231,inform,id like an expensive restaurant that serves mediteranean food
17232,request,could i get the phone number and post code
17233,thankyou,thank you good bye
17234,inform,moderately priced restaurant serving indian food
17235,inform,i dont care
17239,thankyou,thank you good bye
17240,inform,moderately priced restaurant in the south part of town
17241,null,uh continental
17242,inform,chinese
17243,inform,moderate
17244,inform,cheap price range
17245,inform,cheap
17246,affirm,right
17247,request,may i have the address
17248,thankyou,thank you good bye
17249,inform,expensive restaurant in the east part of town
17250,inform,any
17252,request,may i have the phone number
17253,thankyou,thank you good bye
17254,null,sil
17255,inform,cheap restaurant south part of town
17256,request,phone number
17257,request,type of food they served
17258,inform,food type
17260,request,what type of food is served
17261,thankyou,thank you good bye
17262,inform,cheap
17263,inform,any
17264,inform,spanish
17265,inform,cheap
17266,request,address
17267,request,post code
17268,thankyou,thank you good bye
17270,inform,cheap
17272,thankyou,thank you goodbye
17273,inform,im looking for a restaurant that serves african food
17274,request,and the post code
17275,thankyou,thank you good bye
17276,inform,im looking for an expensive restaurant and it should be east part of town
17277,inform,any
17278,request,whats the address
17279,thankyou,thank you good bye
17281,inform,center of town
17282,inform,center of town
17283,inform,center of town
17284,inform,ese food
17286,inform,center
17287,null,chikkis
17288,request,what is the address
17290,bye,you good bye
17291,inform,lebanese food
17292,null,unintelligible
17293,inform,dont care
17294,inform,dont care dont care dont care
17295,inform,japanese
17296,inform,expensive
17297,negate,no
17298,null,sil
17299,request,phone number
17300,request,phone number
17301,request,phone number
17302,thankyou,thank you good bye
17303,reqalts,how about european food
17304,reqalts,how about european food
17305,request,can i have the address phone number and area
17306,thankyou,thank you goodbye
17307,inform,moderately priced
17308,inform,west
17309,inform,any
17310,request,address
17311,request,address
17312,thankyou,thank you good bye
17313,inform,im looking for lebanese food
17314,request,can i get the address
17315,request,address
17316,request,phone number
17317,thankyou,thank you good bye
17318,thankyou,thank you good bye
17319,inform,i dont care
17320,request,what is the address and phone number
17322,thankyou,thank you good bye
17323,reqalts,how about european food
17324,null,sil
17326,null,sil
17327,inform,im looking for european food
17328,request,what is the address
17329,thankyou,thank you good bye
17330,inform,i want to find a restaurant in the center and it should serve lebanese food
17331,inform,serves lebanese food
17332,affirm,yes
17333,inform,lebanese food
17334,inform,lebanese
17335,request,and what is the address
17336,thankyou,thank you good bye
17337,inform,im looking for world food
17339,inform,i dont care
17340,inform,i dont care
17341,request,whats the address
17342,request,whats the address
17343,request,phone number
17344,null,breathing
17345,request,whats the address
17347,request,whats the post code
17348,thankyou,thank you good bye
17350,null,noise
17351,thankyou,thank you goodbye noise thank you goodbye
17353,inform,i dont care
17354,inform,i dont care
17355,reqalts,anything else
17356,request,whats their address
17357,request,and mail postal code
17358,request,whats their post code
17359,thankyou,thank you good bye
17360,inform,singaporean food
17361,inform,singaporean food
17363,inform,italian
17364,affirm,yes
17365,inform,any
17366,request,phone number
17367,request,post code
17368,thankyou,thank you good bye
17369,null,sil
17370,inform,im looking for a restaurant that
17371,inform,um in the south part of town and its cheap
17372,affirm,yes yes
17373,inform,i dont care
17374,request,may i have the address
17375,thankyou,thank you good bye
17376,inform,im looking for greek food
17377,affirm,yes
17378,reqalts,how about european food
17379,reqalts,what about european food
17380,reqalts,noice how about european
17381,null,noise
17382,null,nosie
17383,request,whats the address
17384,request,and the phone number
17385,thankyou,thank you goodbye
17386,inform,id like a restaurant in any area that it serves canapes
17387,inform,canapes
17388,inform,canapes
17389,null,sil
17390,null,how about the
17391,inform,modern european
17392,affirm,yes
17393,inform,i dont care
17394,request,could i have the phone number please
17395,thankyou,thank you good bye
17396,null,cough
17397,null,unintelligible
17399,inform,chinese
17401,thankyou,thank you good bye
17402,inform,im looking for belgian food
17403,inform,what about modern european
17404,inform,im looking for modern european food
17405,affirm,right
17406,inform,any area
17407,inform,i dont care
17409,thankyou,thank you good bye
17410,inform,looking for a cheap restaurant in the south part of town
17411,inform,south
17412,inform,i dont care
17413,inform,cheap
17414,reqalts,anything else
17415,request,may i have the address and the type of food
17416,request,and what type of food
17417,thankyou,thank you good bye
17418,inform,im looking for a restaurant in the west part of town that serves canape food
17420,request,can you give me the address and phone number
17421,thankyou,thank you good bye
17422,inform,i want to find a cheap restaurant and it should serve scandinavian food
17423,inform,uh scandinavian food
17424,inform,mediterranean food
17425,inform,um it doesnt matter its for a cheap restaurant
17426,inform,cheap price range
17427,inform,i want to find a cheap
17429,request,okay could i have the phone number and post code
17430,thankyou,okay thank you good bye
17431,inform,international food in the east part of town
17432,request,address
17433,request,address
17434,request,post code
17435,null,noise
17436,thankyou,thank you good bye
17438,inform,any
17439,reqalts,anything else
17441,request,and whats the address
17442,thankyou,thank you good bye
17443,inform,korean food
17444,inform,any area
17445,inform,i dont care
17446,inform,korean
17447,inform,korean
17448,inform,korean
17449,inform,korean food
17450,inform,korean food
17451,negate,no
17452,inform,korean food
17453,inform,korean
17454,null,aw give me the damn code
17456,inform,expensive restaurant serving world food
17457,request,whats the address
17458,request,phone number
17459,request,area
17460,request,area
17461,request,what area
17462,thankyou,thank you good bye
17463,null,sil
17464,null,sil
17466,inform,i dont care
17467,request,what type of food
17468,request,type of food does it serve
17469,request,what type of food does it serve
17470,request,whats the address
17472,thankyou,thank you good bye
17473,null,unintelligible
17474,null,sil
17475,inform,moderate
17476,inform,i would like to find a moderately priced restaurant and it should be in the east part of town
17477,inform,doesnt matter
17478,affirm,yes
17479,reqalts,anything else
17480,request,what type of food
17481,request,whats the address
17483,bye,goodbye
17484,inform,i am looking for an expensive restaurant that serves
17486,inform,i dont care
17487,request,what is their address phone number and post code
17488,request,what is the post code
17489,request,whats the address
17490,request,and the phone number again
17491,null,sil
17492,request,no the phone number
17493,request,what was the phone number for chiquito
17494,inform,chiquito
17495,inform,im looking for an expensive restaurant in south part of town
17496,request,what is the address phone number and post code
17497,request,post code
17498,thankyou,sorry about my mistakes thank you good bye
17499,null,noise
17500,inform,east noise
17501,inform,noise anything expensive
17502,inform,i dont care
17503,inform,expensive
17505,request,whats the address
17507,request,and whats the post code
17508,thankyou,thank you goodbye
17509,inform,any
17510,inform,venetian
17511,inform,venetian
17512,reqalts,how about korean food
17513,affirm,yes
17514,affirm,yes
17515,request,phone number
17516,request,phone number
17517,thankyou,thank you goodbye
17519,inform,italian food
17520,request,what kind of food
17521,inform,italian food
17522,request,what kind of food
17523,inform,italian food
17524,request,what kind of food do they serve
17525,null,usually
17526,inform,italian food
17528,null,sil
17529,inform,italian food
17532,thankyou,ah thank you goodbye
17533,thankyou,thank you goodbye
17535,inform,what about a spanish restuarant
17536,reqalts,how about spanish
17537,negate,no spanish food
17538,affirm,yes
17539,request,whats the address
17541,request,whats the post code
17542,thankyou,thank you good bye
17543,affirm,uh yes restaurant that serves danish food
17544,inform,uh doesnt matter
17545,inform,uh it doesnt matter
17546,inform,danish
17547,null,okay
17549,affirm,yes
17550,inform,i dont care
17551,request,okay and can i get the phone number
17552,request,phone number
17553,request,and post code
17555,inform,im looking for a moderately priced restaurant in the north part of town
17556,inform,british
17559,affirm,right
17560,reqalts,how about english food in the north part of town
17561,reqalts,is there any thing else
17562,request,the phone number please
17564,thankyou,thank you good bye
17565,inform,i want malaysian food in any area
17566,affirm,yes
17567,negate,no
17568,inform,korean
17569,affirm,yes
17570,request,what is the address
17571,request,what is the price range
17572,request,what is the price range
17573,inform,looking for a moderately priced restaurant and it needs to be in the south part of town
17574,inform,uh any type of food
17576,null,serve
17577,request,can i please have the phone number
17579,thankyou,thank you good bye
17582,inform,gastropub
17583,affirm,yes
17584,request,address
17585,null,unintelligible
17586,request,address
17587,request,address
17588,request,phone number
17589,request,post code
17590,request,post code
17591,thankyou,thank you good bye
17592,thankyou,thank you good bye
17593,inform,im looking for moderately priced restaurant and it should serve halal food
17594,inform,any
17596,null,noise
17597,request,what type of food
17598,null,noise
17599,null,noise
17600,null,noise
17601,inform,what type food
17602,inform,asian oriental type of food
17603,confirm,is that asian oriental type of food
17604,affirm,yes
17605,null,noise
17606,request,whats the address
17607,request,and the address
17608,request,and phone number
17609,null,noise
17610,request,phone number
17611,null,sil
17612,request,phone number
17614,thankyou,thank you goodbye
17615,inform,im looking for a cheap restaurant in the north part of town
17616,inform,dont care
17617,request,what is the phone number and address
17618,thankyou,thank you good bye
17621,inform,cheap european food
17622,inform,expensive european
17623,inform,expensive
17624,request,address
17625,request,phone number
17626,request,area
17627,request,what area
17628,request,what area
17629,request,where
17630,request,what area
17631,inform,north
17632,inform,south
17633,request,area
17634,request,what area
17635,request,address
17636,request,phone number
17637,thankyou,thank you goodbye
17639,request,whats the address
17640,thankyou,thank you good bye
17641,bye,good thank you good bye
17643,inform,breath can i get a restaurant serving chinese food
17644,inform,i need a restaurant serving chinese food
17645,negate,no chinese
17647,affirm,yes
17649,negate,no
17650,affirm,yes
17651,confirm,is there a chinese food
17652,inform,anywhere
17653,affirm,yes
17654,null,sil
17655,null,sil
17656,inform,what about other parts of town
17657,negate,no
17658,negate,no
17659,affirm,yes
17661,inform,what about other parts of town
17662,reqalts,what about the west part of town
17664,thankyou,thank you goodbye
17665,inform,i would like steakhouse food
17666,reqalts,how about european food
17667,reqalts,how about european food
17668,affirm,yes
17669,inform,doesnt matter
17670,affirm,yes
17671,inform,it doesnt matter
17673,thankyou,noise thank you goodbye
17674,inform,south
17675,null,unintelligible
17676,inform,tuscan
17677,inform,portugese
17678,request,phone number and address
17679,request,phone number
17680,request,address
17681,thankyou,thank you good bye
17682,inform,restaurant east
17683,inform,greek food
17684,inform,indian food
17685,inform,indian food
17686,inform,any
17687,inform,dont care
17688,request,address
17689,request,phone number
17690,thankyou,thank you good bye
17692,inform,im looking for swedish food
17693,reqalts,uh what about portuguese food
17694,affirm,yes
17696,request,whats the address
17697,thankyou,thank you good bye
17698,null,noise
17699,inform,west
17702,null,cough
17704,affirm,yes
17705,inform,indian food
17706,request,addrss
17707,request,address
17708,request,phone number
17709,thankyou,thank you good bye
17710,inform,cheap
17711,inform,anywhere
17712,inform,international
17713,request,address and phone number
17715,inform,i dont care
17716,request,what is the address
17717,thankyou,thank you good bye
17719,inform,any
17720,request,whats the address
17722,thankyou,thank you good bye
17724,request,okay and the phone number
17725,request,and the post code
17726,ack,okay um
17727,inform,spanish food
17728,inform,west
17729,request,what is the price range
17730,request,what is the address
17731,thankyou,thank you good bye
17732,null,unintelligible
17733,inform,west part of town
17735,reqalts,anything else
17736,request,phone number
17737,request,phone number
17738,request,address
17741,request,can i have the address and post code
17742,request,can i have the address of the venue
17743,thankyou,thank you good bye
17744,inform,i want to find a moderately priced restaurant
17746,inform,west
17747,inform,i dont care
17748,confirm,is it moderately priced
17749,request,what type of food
17750,thankyou,thank you good bye
17751,thankyou,thank you good bye
17752,inform,im looking for a cheap restaurant in the east part of town
17753,request,address phone number and type of food
17755,request,what type of food
17756,thankyou,thank you good bye
17757,inform,im looking for an expensive restaurant in the east of town
17758,inform,i dont care
17759,request,what is the address and post code
17760,request,what is the post code
17761,thankyou,thank you good bye
17766,affirm,yes
17767,inform,dont care
17768,inform,moderate
17769,inform,moderate
17770,request,address
17771,request,address
17772,null,um
17773,null,unintelligible
17774,thankyou,thank you good bye
17775,inform,restaurant in the east part of town serving basque food
17778,request,what is the address
17779,null,noise
17780,request,curry prince address and phone number
17781,inform,a restaurant in the east part of town serving indian food
17782,request,what is the address and phone number
17783,thankyou,thank you goodbye
17784,inform,african food
17786,thankyou,thank you good bye
17787,inform,i want a cheap restaurant in the south part of town
17788,inform,i dont care
17789,inform,cheap
17790,request,what is the address
17791,request,what is the post code
17793,thankyou,thank you good bye
17794,inform,im looking for a cheap restaurant in the north part of town
17795,affirm,yes
17796,inform,any
17797,request,can i get the address
17798,thankyou,thank you good bye
17799,null,7:30
17801,inform,doesnt matter
17802,inform,dont care
17803,null,sil
17805,request,address
17806,request,phone number
17807,request,phone number
17808,null,sil
17809,request,telephone number
17810,request,telephone number
17811,request,phone number
17812,request,phone number
17813,request,address
17814,request,phone number
17815,thankyou,thank you good bye
17816,inform,im looking for a restaurant in the center part of town
17817,inform,hungarian food
17819,inform,i dont care
17821,request,what is the address
17822,request,what is the price range
17823,thankyou,thank you good bye
17825,reqalts,what about british food
17826,request,what kind of food do they serve
17829,thankyou,thank you good bye
17830,hello,hi im looking for a moderately priced restaurant
17831,inform,dont care
17832,inform,afghan food
17833,affirm,yes
17835,thankyou,thank you good bye
17836,null,noise
17837,inform,im looking for a moderately priced restaurant in the west part of town
17838,affirm,yes
17839,inform,west part of town
17840,inform,west
17841,null,system
17842,inform,west part of town
17843,affirm,yes
17844,request,can i have the address and the phone number
17845,thankyou,thank you good bye
17847,inform,north part of town
17848,inform,doesnt matter
17849,affirm,yes
17850,inform,cheap
17851,request,whats the address
17853,request,whats the post code
17854,thankyou,thank you good bye
17856,null,cough
17858,request,what is the address
17859,thankyou,thank you good bye
17860,inform,expensive restaurant serving portuguese food
17861,inform,i dont care
17863,affirm,yes
17864,reqalts,how about korean food
17866,affirm,yes
17867,request,address
17868,request,area
17869,request,area
17870,request,what area is it in
17871,thankyou,thank you good bye
17872,inform,im looking for a moderately priced restaurant that serves european food
17874,request,whats the address
17875,request,what is the address
17876,thankyou,thank you good bye
17877,inform,im looking for a cheap restaurant in the north part of town
17878,inform,i dont care
17880,request,can i have the phone number
17881,thankyou,thank you goodbye
17882,inform,japanese
17883,request,price range
17884,request,price
17885,request,address
17886,request,price range
17887,thankyou,thank you goodbye noise
17888,inform,moderate price west part of town
17889,affirm,yes
17890,inform,it doesnt matter
17891,request,address
17892,request,what type of food is served
17893,thankyou,thank you good bye
17894,null,noise
17896,inform,center
17897,inform,south
17898,inform,french
17899,null,noise
17900,null,noise
17901,inform,noise french food
17903,request,address
17904,request,phone number
17905,request,post code
17906,thankyou,thank you good bye
17907,inform,im looking for a moderately priced restaurant
17908,inform,i dont care
17909,inform,spanish
17910,request,what area
17911,null,noise
17912,request,what area is it in
17913,request,in what area
17914,request,what is the address and phone number
17915,thankyou,thank you good bye
17916,inform,im looking for a cheap restaurant and it should be in the south part of town
17917,inform,i dont care
17919,request,and the post code
17920,thankyou,thank you good bye
17921,null,noise
17922,inform,im looking for a restaurant in the west part of town that serves jamaican food
17923,inform,jamaican food
17924,inform,jamaican food
17925,inform,jamaican food
17927,reqalts,what about thai food
17929,repeat,try calling again in one minuet
17932,request,address
17933,request,phone number
17934,request,price range
17935,thankyou,okay thank you good bye
17937,affirm,yes
17938,reqalts,how about french
17939,inform,id like to find a restaurant in the north part of town serving french food
17940,inform,french
17941,request,can i have the phone number
17942,thankyou,thank you good bye
17943,inform,moderate restaurant south part of town
17944,affirm,yes
17945,inform,south
17946,inform,south
17947,affirm,yes
17948,null,noise
17949,inform,any
17950,request,address
17951,null,noise
17952,request,noise address
17953,thankyou,thank you noise
17955,inform,im looking for a restaurant in the north part of town
17956,inform,polish food
17957,reqalts,how about italian
17959,affirm,yes
17960,request,whats their address
17961,request,and their phone number
17962,thankyou,thank you good bye
17965,request,address
17966,request,address
17967,request,area
17968,thankyou,thank you good bye
17969,inform,im looking for a moderately priced restaurant in the north part of town
17970,inform,it doesnt matter
17971,request,what is the address
17973,thankyou,thank you good bye
17975,inform,dont care
17976,inform,jamaican
17977,request,what kind of food does it serve
17978,deny,i dont want chinese
17979,request,what kind of food
17980,request,what kind of food does it serve
17981,request,what kind of food does it serve
17982,inform,jamaican
17983,inform,italian
17984,request,what kind of food does it serve
17985,inform,italian food
17986,request,address and phone number
17987,request,address
17990,inform,i dont care
17992,request,the phone number
17994,thankyou,thank you good bye
17995,inform,i want a moderately priced restaurant in the west part of town
17996,inform,i dont care
17997,request,whats the address
17998,request,what kind of food do they serve
17999,thankyou,thank you good bye
18000,request,can i get the address
18002,thankyou,thank you goodbye
18004,inform,i dont care
18005,request,what is the address
18006,thankyou,thank you good bye
18007,null,cough
18008,inform,any
18009,inform,malyasian
18010,inform,north american food
18011,request,may i get the address phone number and price
18013,request,may i get the price range
18014,thankyou,thank you good bye
18015,inform,im looking for a moderately priced restaurant in the west part of town
18016,inform,i dont care
18018,request,whats the address
18019,thankyou,thank you goodbye
18020,inform,west part of town
18021,inform,moderately priced
18022,inform,anything
18023,thankyou,thank you good bye
18024,inform,im looking for japanese food
18025,request,the address
18027,thankyou,thank you good bye
18028,inform,im looking for a restaurant in the south part of town serving jamaican food
18029,inform,jamaican food
18030,inform,jamaican
18031,inform,jamaican food
18032,reqalts,how about chinese food
18033,inform,im looking for a restaurant in the south part of town serving chinese food
18034,inform,im looking for a restaurant in the south of town serving chinese food
18035,negate,no chinese
18036,inform,i would like chinese food
18037,affirm,yes
18038,inform,i dont care
18039,request,what is the address and price range
18040,thankyou,thank you good bye
18041,affirm,yes
18042,inform,can i have greek food
18043,inform,dont care
18044,inform,dont care
18045,null,sil
18046,request,the address
18047,request,the phone number
18048,thankyou,thank you good bye
18049,null,sil
18050,inform,cuban food
18051,inform,chinese
18052,inform,chinese
18053,inform,cheap
18054,inform,chinese
18055,null,sil
18056,request,address
18057,request,address
18058,request,address
18059,request,address
18060,request,phone number
18061,thankyou,thank you good bye
18062,inform,im looking for a restaurant that serves bistro food
18063,affirm,yeah
18064,reqalts,how about turkish food
18065,inform,turkish food
18066,inform,turkish food
18067,inform,turkish food
18068,inform,any area
18069,inform,i do not care
18070,inform,im looking for a turkish type of restaurant
18072,inform,im looking for a restaurant in any area that serves bistro food
18075,thankyou,thank you good bye
18076,inform,i want a moderately priced restaurant in the west part of town
18077,inform,it doesnt matter
18079,thankyou,thank you good bye
18080,thankyou,thank you good bye
18081,null,noise
18082,null,sil
18083,inform,the east
18085,inform,i would like a cheap restaurant
18086,request,what type of food
18087,request,what type of food
18088,request,what is the address
18090,thankyou,thank you good bye
18091,inform,im looking for a restaurant in the center of town that serves african food
18092,request,what is the address
18094,request,what is the post code
18095,thankyou,thank you good bye
18096,inform,im looking a restaurant in the east part of town
18097,inform,belgian food
18101,affirm,yes
18102,inform,any
18103,negate,no
18104,request,address
18105,request,address
18106,request,phone number
18107,thankyou,thank you good bye
18108,inform,i want to find a cheap re
18109,thankyou,thank you good bye
18110,inform,i want to find a moderately priced restaurant and it should serve asian food
18111,inform,italian food
18112,null,noise
18113,reqalts,is there a restaurant that has british food
18114,request,what type of food
18115,confirm,is that persian food
18117,reqalts,how about british type food
18119,inform,british food
18120,affirm,yes
18122,thankyou,thank you good bye
18124,inform,moderate
18125,inform,moderate
18127,thankyou,thank you good bye
18129,request,what is the address and phone number
18130,request,what is the address
18131,request,what is the address
18132,thankyou,thank you good bye
18133,inform,i want a restaurant in the moderate price range
18134,inform,um is doesnt matter
18135,inform,christmas food
18137,affirm,yes
18138,inform,modern european
18140,thankyou,thank you good bye
18142,inform,i dont care
18144,reqalts,anything else
18145,reqalts,anything else
18146,reqalts,anything else
18147,request,okay can i get the address
18148,request,and phone number
18149,request,and the post code
18150,bye,see you good bye
18151,inform,i need a moderately priced restaurant that serves world food
18153,inform,i dont care
18155,reqalts,how about chinese food
18156,negate,no
18157,affirm,yes
18158,reqalts,how about chinese food
18159,request,the phone number
18160,null,unintelligible
18161,thankyou,thank you goodbye
18162,thankyou,thank you goodbye
18163,null,sil
18164,inform,i want to find a moderately priced restaurant that serves moroccan food
18165,reqalts,how about spanish types of food
18166,request,can i get an address phone number and post code
18167,request,and the post code
18168,thankyou,thank you good bye
18169,inform,im looking for a restaurant in the east part of town thats expensive
18170,inform,doesnt matter
18171,request,whats the address
18172,request,whats the post code
18173,thankyou,thank you good bye
18174,inform,price over food west part of town
18175,inform,west
18177,inform,cross over
18178,request,may i have the phone number
18179,null,noise
18180,affirm,yes
18181,request,may i have the phone number please
18182,thankyou,thank you good bye
18183,inform,im looking for a expensive restaurant in the east part of town
18184,request,can i get the address and phone number please
18185,thankyou,thank you good bye
18186,thankyou,thank you good bye
18187,null,unintelligible
18188,null,unintelligible
18189,null,unintelligible
18190,null,unintelligible
18191,inform,expensive
18192,null,sil
18193,null,sil
18194,request,address
18195,null,sil
18196,request,address
18198,thankyou,thank you good bye
18199,inform,brazilian food
18200,inform,i dont care
18202,inform,korean
18203,affirm,yes
18204,request,phone number
18206,thankyou,thank you good bye
18207,inform,expensive restaurant welsh food
18208,inform,british
18209,inform,british food
18210,inform,expensive restaurant
18211,request,phone number
18212,request,phone number
18213,thankyou,thank you good bye
18214,inform,want something in the south side of town thats moderately priced
18215,inform,i dont care
18216,inform,moderately priced
18217,request,okay whats the address
18218,request,whats the post code
18219,thankyou,thank you good bye
18220,inform,i need cheap hungarian restaurant
18221,affirm,yes
18222,request,whats the address
18223,request,see the address
18224,thankyou,thank you good bye
18225,inform,im looking for tuscan food
18226,reqalts,how about korean food
18227,reqalts,how about korean food
18228,negate,no
18229,inform,korean food
18230,request,what is little seouls phone number
18231,thankyou,thank you good bye
18232,null,sil
18233,inform,the south part
18234,null,sil
18235,null,sil
18236,negate,no the south part
18237,inform,um an expensive
18238,inform,restaurant
18239,inform,expensive
18240,null,sil
18241,null,sil
18242,negate,no
18243,thankyou,okay thank you good bye
18244,inform,restaurant in any area international food
18245,affirm,yes
18246,inform,i dont care
18247,request,address
18248,request,address
18249,request,phone number
18250,thankyou,thank you good bye
18251,null,noise
18254,null,noise
18255,request,noise what was their address again please
18257,null,sil
18258,inform,north part of town serving gastropub food
18260,confirm,do they serve chinese food
18261,inform,just chinese food in the north part of town
18262,inform,i dont care
18263,request,what is their phone number
18264,thankyou,thank you good bye
18265,inform,bistro
18266,inform,turkish
18267,inform,north
18268,inform,north
18269,negate,no
18270,affirm,yes
18271,thankyou,thank you goodbye noise
18272,null,noise
18273,inform,im looking for a restaurant
18274,inform,im looking for a restaurant that serves
18275,negate,no
18276,negate,no
18277,inform,im looking for a restaurant that serves polynesian food
18278,inform,i dont care about the price range
18279,confirm,does it serve polynesian food
18280,affirm,yes
18281,reqalts,how about european food
18285,thankyou,thank you good bye
18286,inform,im looking for a restaurant in the north part of town serving lebanese food
18287,affirm,yes
18288,reqalts,how about italian type of food
18290,inform,im looking for a restaurant in the north part of town serving italian food
18291,inform,im looking for a restaurant in the north part of town serving italian type of food
18292,negate,no
18293,thankyou,thank you goodbye
18294,inform,looking for afghan good
18295,reqalts,what about french food
18296,inform,i dont care
18297,request,uh whats the phone number
18298,bye,cool um thank you good bye
18299,inform,cheap restaurant in the south part of town
18300,inform,any
18301,request,phone number
18302,request,address
18303,thankyou,thank you good bye
18304,inform,un unusual food
18305,null,sil
18306,request,address
18307,request,area
18308,request,phone number
18309,request,phone number
18310,null,sil
18311,null,sil
18312,request,area
18313,thankyou,thank you good bye
18314,inform,im looking for a moderately priced labonese restaruant
18315,request,whats the address
18316,thankyou,thank you good bye
18317,inform,swedish food
18318,inform,in the north part of town
18319,affirm,yes
18320,inform,italian food
18321,inform,in the north part of town
18322,request,can i get the address
18324,thankyou,thank you good bye
18325,inform,im looking for an expensive restaurant in the south part of town
18326,inform,i dont care
18328,request,what type of food
18329,thankyou,thank you goodbye
18331,inform,i dont care
18332,inform,cheap
18335,reqalts,anything else
18336,ack,okay can you give me another restaurant
18337,reqalts,i believe you anything else
18338,request,okay whats the address
18339,request,phone number
18340,request,okay what type of food is that
18341,thankyou,thank you good bye
18342,inform,im looking for a moderately priced restaurant uh serving halal food
18343,confirm,does it serve halal food
18344,reqalts,um what about european
18345,request,whats the address
18346,request,whats the post code
18347,thankyou,thank you good bye
18348,inform,im looking for romanian food in the expensive price range
18349,inform,it doesnt matter
18350,inform,romanian
18351,reqalts,how about mediterranean food
18352,inform,mediterranean food
18354,inform,mediterranean
18355,inform,mediterranean
18357,request,can i have the address and phone number
18358,request,address and phone number please
18361,thankyou,thank you good bye
18362,inform,a cheap restaurant in the west part of town
18363,inform,i do not care
18364,request,may i have the address
18365,thankyou,thank you goodbye
18366,inform,im looking for a cheap restaurant in the north part of town
18368,request,and the address
18369,thankyou,thank you good bye
18370,inform,doesnt matter
18371,inform,i dont care
18373,request,what is the address
18374,request,what is the price range
18375,thankyou,thank you good bye
18378,inform,indian food
18379,inform,it doesnt matter
18380,request,what is the address
18382,thankyou,thank you good bye
18383,hello,hi im looking for mexican food
18386,thankyou,thank you good bye
18387,null,noise
18388,null,noise
18389,inform,west part of town
18390,null,noise
18391,inform,moderately priced restaurant
18392,null,noise
18393,thankyou,thank you goodbye
18394,inform,id like a pan asian restaurant
18395,inform,any part
18396,inform,pan asian
18398,inform,pan asian
18399,inform,pan asian
18402,reqalts,how about asian oriental
18403,reqalts,how about asian oriental
18404,affirm,yes
18405,negate,no
18406,reqalts,how about asian oriental
18407,inform,asian oriental
18408,inform,any price range
18409,inform,any
18410,affirm,right
18411,request,whats the address and post code
18412,thankyou,thank you good bye
18413,inform,cheap restaurant that serves german food
18414,null,bout
18415,inform,asian ori
18417,inform,asian
18419,reqalts,what about asian oriental
18421,null,type of foo
18422,inform,im looking for a restaurant in the cheap price range that serves asian oriental food
18423,inform,i dont care
18424,inform,dont care
18425,inform,asian oriental
18426,request,whats the phone number and address
18427,request,the address
18429,request,phone number
18430,request,phone number
18431,request,address
18432,thankyou,thank you goodbye
18433,inform,a moderately priced restaurant in the south part of town
18434,inform,i do not care
18435,affirm,correct
18438,thankyou,thank you good bye
18439,inform,moderately priced restaurant
18440,inform,moderate
18441,inform,moderately
18442,inform,gastropub
18443,inform,gastropub
18444,request,phone number
18445,request,phone number
18446,request,post code
18447,thankyou,thank you good bye
18448,inform,expensive restaurant south part of town
18449,negate,no south part of town
18450,inform,expensive
18451,reqalts,anything else
18452,request,address and phone number
18453,request,address
18454,thankyou,thank you goodbye
18455,thankyou,thank you goodbye
18456,request,part of town the address and postal code please
18457,inform,south
18458,inform,any
18459,null,moder
18460,affirm,yes in the moderately priced
18461,request,the address and post code please
18462,thankyou,thank you goodbye
18464,request,what is the address
18465,thankyou,thank you good bye
18466,null,noise
18467,inform,west
18468,null,cough
18469,inform,british food
18470,inform,any price range
18471,request,address
18472,request,phone number
18473,inform,im looking for a restaurant in the east part of the town with indian asian food
18475,inform,indian food
18476,inform,i dont care
18477,request,what is the address
18478,request,what is the address
18480,thankyou,thank you good bye
18482,inform,it doesnt matter
18484,request,address and phone number
18485,thankyou,thank you goodbye
18486,inform,cheap
18487,inform,restaurant
18488,inform,north
18489,negate,no north
18490,null,sil
18491,null,blow
18492,reqalts,anything else
18493,inform,cheap
18494,inform,north
18495,inform,cheap
18496,null,sil
18497,inform,cheap restaurant north part of town
18498,null,unintelligible
18500,reqalts,anything else
18501,request,address
18502,null,sil
18503,null,sil
18504,request,address
18505,request,address
18506,request,phone number
18507,thankyou,thank you goodbye
18508,request,what is the address
18509,request,what is the type of food
18510,thankyou,thank you goodbye
18511,inform,i want a moderate priced restaurant in the south of town
18512,inform,i dont care
18513,inform,moderate
18514,reqalts,anything else
18515,request,what is the address and phone number
18516,thankyou,thank you good bye
18517,thankyou,thank you good bye
18520,confirm,is it cheap
18521,confirm,is it in the west part of town
18522,inform,west part of town
18523,inform,i dont care
18525,thankyou,thank you good bye
18527,inform,i dont care
18531,repeat,could you repeat that
18533,thankyou,thank you good bye
18534,inform,korean food
18535,request,address
18536,request,phone number
18537,request,post code
18538,null,noise
18539,inform,the south
18540,inform,i dont care
18541,inform,moderate
18543,request,what type of food is it
18544,request,what type of food does it serve
18546,thankyou,thank you good bye
18547,inform,korean
18549,thankyou,thank you good bye
18551,inform,i dont care
18552,request,whats the address
18553,thankyou,thank you goodbye
18554,inform,west part of town
18555,affirm,yes
18556,inform,fusion food
18557,inform,vietnamese
18558,affirm,yes
18559,request,phone number
18560,request,phone number
18561,thankyou,thank you good bye
18563,null,sil
18564,null,sil
18565,affirm,yes
18566,null,sil
18567,null,sil
18568,null,sil
18569,null,sil
18570,null,unintelligible
18571,inform,expensive
18572,null,sil
18573,null,sil
18574,null,sil
18575,negate,no
18576,null,sil
18577,null,sil
18578,null,sil
18579,affirm,yes
18580,request,address
18581,request,phone number
18582,request,area
18583,request,area
18584,thankyou,thank you goodbye
18585,inform,moderately priced restaurant in the south part of town
18586,inform,any
18587,affirm,right
18588,request,phone number
18590,request,type of food do they serve
18591,thankyou,thank you good bye
18592,inform,west part of town
18593,inform,any
18594,null,noise
18595,inform,cheap
18596,affirm,yes
18597,request,phone number
18598,request,phone number
18599,request,address
18600,null,cough
18601,thankyou,thank you good bye
18603,inform,south
18604,inform,i dont care
18605,request,can i have the address of that
18606,request,can i have the post code
18607,thankyou,thank you good bye
18608,inform,indian food
18609,inform,west
18610,affirm,yes
18612,null,sil
18613,thankyou,thank you good bye
18614,inform,im looking for an expensive restaurant that serves greek food
18615,reqalts,how about asian oriental
18618,inform,i dont care
18619,request,can you give me the phone number
18620,request,and what area is it
18621,thankyou,uh okay thank you good bye
18623,affirm,right
18624,inform,any
18625,request,whats the address
18626,request,phone number
18627,thankyou,thank you good bye
18628,request,whats the address
18629,request,and the post code
18630,request,whats the post code
18631,thankyou,thank you good bye
18632,inform,caribbean food
18633,inform,dont care
18634,inform,dont care
18635,inform,caribbean food
18636,inform,modern european
18638,thankyou,thank you good bye
18639,inform,im looking for a restaurant in the north part of town
18640,inform,lebanese food
18641,reqalts,how about italian
18642,reqalts,how about italian food
18643,affirm,yes
18644,affirm,yes
18645,request,what is the address
18647,thankyou,thank you good bye
18648,thankyou,thank you good bye
18649,inform,im looking for a restaurant in the south part of town that serves malaysian food
18650,confirm,is it serving portuguese food
18652,request,what is the address
18653,thankyou,thank you good bye
18655,reqalts,how about asian oriental
18656,inform,asian oriental
18658,thankyou,thank you good bye
18659,inform,im looking for a moderately priced restaurant
18660,null,sil
18661,request,address
18662,request,phone number
18663,thankyou,thank you good bye
18665,inform,dont care
18667,thankyou,thank you good bye
18668,inform,restaurant in the north part of town that serves hungarian food
18670,null,what about
18671,inform,asian oriental type of food
18672,affirm,yes
18673,reqalts,how about asian oriental type of food
18674,request,address and phone number please
18675,thankyou,thank you good bye
18676,inform,looking for an expensive restaurant in the south part of town
18677,inform,it doesnt matter
18678,request,address and phone number
18679,request,phone number
18680,thankyou,thank you good bye
18681,inform,a restaurant cheap north part of town
18682,inform,i dont care
18684,null,sil
18685,request,okay may i have the address and phone number
18686,thankyou,thank you good bye
18688,inform,west
18689,inform,any
18690,request,phone number
18692,request,post code
18693,thankyou,thank you good bye
18694,inform,im looking for
18695,inform,an expensive restaurant
18696,inform,an expensive restaurant
18697,affirm,yes
18698,inform,french food
18699,request,and the phone number
18700,thankyou,thank you good bye
18701,null,ring
18702,inform,moderately priced
18703,inform,moderately priced
18704,request,address
18705,request,phone number
18708,thankyou,thank you good bye
18710,affirm,yes south part of town
18711,reqalts,uh how about italian
18712,inform,it deosnt matter
18713,request,okay phone number
18714,request,phone number
18715,request,post code
18716,null,noise
18717,request,post code
18718,request,post code
18719,request,post code
18720,thankyou,thank you good bye
18721,thankyou,thank you good bye
18722,inform,im looking for a moderately priced restaurant in the north part of town
18723,inform,any food
18724,affirm,yes
18725,reqalts,can i have another option
18726,thankyou,thank you good bye
18728,inform,any
18729,inform,any area
18732,thankyou,thank you goodbye
18733,inform,expensive restaurant in the south part of town
18734,inform,i dont care
18735,inform,expensive
18736,reqalts,anything else
18737,request,what type of food
18738,request,address
18739,request,phone number
18740,thankyou,thank you good bye
18742,affirm,yes
18744,request,could i have the address
18745,request,can i have post code
18746,thankyou,thank you good bye
18747,inform,barbecue
18748,affirm,yes
18749,affirm,right
18750,inform,barbecue food
18751,inform,barbecue food
18752,inform,indian food
18753,inform,can you do anything else beside repeat yourself
18754,inform,barbecue food
18755,inform,barbecue food
18756,affirm,yes
18757,negate,no
18758,inform,any price range
18759,inform,indian food
18761,thankyou,thank you good bye
18762,inform,in the east part of town
18763,inform,i dont care
18764,inform,expensive
18765,request,i need to know the phone number and price of food
18766,request,what type of food
18767,thankyou,thank you good bye
18768,null,sil
18769,inform,dont care
18770,inform,gastropub
18771,inform,dont care
18773,request,whats the address
18774,thankyou,thank you good bye
18776,request,whats the address
18777,request,and the phone number
18778,thankyou,thank you good bye
18779,inform,west
18780,inform,i dont care
18782,thankyou,thank you good bye
18783,thankyou,thank you good bye
18784,null,noise
18786,null,noise
18787,inform,north north part of town
18788,inform,doesnt matter
18789,affirm,yes
18790,request,phone number
18791,request,phone number
18792,null,noise
18793,request,address
18794,thankyou,thank you good bye
18795,null,unintelligible
18796,null,unintelligible
18797,null,unintelligible
18798,null,unintelligible
18799,null,sil
18800,null,unintelligible
18801,null,sil
18804,thankyou,thank you goodbye
18805,thankyou,thank you goodbye
18806,thankyou,unintelligible thank you goodbye
18807,bye,unintelligible bye
18808,inform,find a restaurant in the center of town
18809,request,what is their phone number
18810,request,phone number
18812,thankyou,thank you goodbye noise
18814,null,okay
18815,inform,can i find a restaurant that serves international food
18816,negate,no
18817,inform,can i find a restaurant
18819,negate,no
18820,request,phone number
18821,request,and the post code
18822,thankyou,thank you goodbye
18823,inform,im looking for a restaurant in the north part of town serving malaysian food
18827,thankyou,thank you good bye
18829,inform,i dont care
18830,request,whats the address
18831,request,whats the address
18833,thankyou,thank you good bye
18834,inform,i would like australian foo
18835,inform,talian food
18836,inform,italian food
18837,inform,west part of town
18838,inform,i dont care
18839,request,phone number
18841,thankyou,thank you goodbye
18842,thankyou,thank you goodbye
18843,null,sil
18844,inform,ah centre
18845,inform,the centre
18846,inform,world
18847,request,unintelligible part of town
18848,affirm,ye
18849,inform,expensive restaurant
18850,request,area
18851,request,what area is it in
18852,request,phone number
18853,request,phone number
18854,request,noise address
18855,thankyou,thank you goodbye
18857,request,can i have the phone number
18858,request,can i have its phone number
18859,thankyou,thank you good bye
18861,inform,i dont care
18863,thankyou,thank you good bye
18864,inform,im looking for an expensive restaurant and it should be the east part of town
18865,inform,any
18866,request,whats the address
18867,request,phone number
18868,request,phone number
18869,request,what type of food is it
18870,thankyou,thank you good bye
18871,inform,restaurant north part of town seafood
18872,inform,sea food
18873,null,unintelligible
18874,request,address
18875,null,noise
18876,null,noise
18877,thankyou,thank you and good bye
18879,request,whats the address
18880,thankyou,thank you good bye
18881,inform,um english
18882,null,pizza
18883,null,okay
18884,inform,american
18885,null,okay
18887,affirm,yes
18888,negate,no
18889,affirm,yes
18890,null,okay
18892,thankyou,thank you good bye
18893,inform,caribbean food
18895,inform,any
18896,request,address
18897,request,address
18898,request,address
18899,request,phone number
18900,thankyou,thank you good bye
18901,inform,im looking for an expensive restaurant that serves signaporean food
18903,inform,british food
18904,inform,any
18906,thankyou,thank you good bye
18907,inform,cantonese food
18908,inform,cantonese food
18909,inform,north american food
18910,inform,north american type food
18911,inform,any area
18912,negate,no
18913,inform,south of town
18914,affirm,yes right
18916,inform,west of town
18917,affirm,right
18918,thankyou,thank you good bye
18919,null,noise
18920,inform,west
18921,inform,dont care
18922,inform,cheap
18923,null,okay
18924,request,what is the address and phone number
18925,thankyou,okay thank you good bye
18926,inform,i dont care
18927,request,can i have the phone number
18928,request,address
18929,request,price range
18930,thankyou,thank you good bye
18931,inform,english food
18932,inform,italian food
18933,inform,south
18934,inform,any range
18935,affirm,yes
18936,request,phone number
18937,request,phone number
18938,thankyou,thank you goodbye
18939,inform,id like an expensive thai restaurant
18940,inform,any part of town
18941,reqalts,anything else
18943,thankyou,thank you good bye
18944,inform,i want a restaurant in the east part of town that serves singaporean food
18945,reqalts,what about indian
18947,null,noise
18949,thankyou,thank you good bye
18950,inform,cheap restaurant east part of town
18951,request,phone number
18952,request,phone number
18953,request,can i have the phone number
18954,request,and the post code
18955,thankyou,thank you good bye
18956,inform,im looking for a restaurant in any area and it should serve pan asian food
18957,reqalts,what about international food
18959,repeat,repeat that
18960,inform,any range is fine
18961,affirm,yes
18963,request,whats the post code
18964,thankyou,thank you good bye
18965,null,noise
18966,inform,the south part of town id like a restaurant that serves traditional food
18967,affirm,yes
18968,inform,any price range
18969,thankyou,thank you good bye
18971,affirm,yes
18972,request,whats the address
18973,thankyou,thank you good bye
18974,inform,im looking for a moderately priced restaurant in the north part of town
18975,inform,i dont care
18976,request,what type of food is it
18977,request,what type of food
18978,request,address
18979,request,address
18980,request,phone number
18981,thankyou,thank you good bye
18982,inform,european food any price
18983,inform,any
18984,inform,any
18985,affirm,yes
18987,thankyou,thank you good bye
18988,inform,im looking for a moderately priced restaurant that serves tuscan food
18989,inform,and at the gastropub
18990,affirm,yes
18991,request,okay whats the address phone number and area
18994,inform,north
18996,null,noise
18997,inform,north
18998,null,noise
18999,inform,uh indian
19000,affirm,yes
19001,inform,uh indian
19002,inform,any
19003,request,address
19004,request,price range
19005,request,phone number
19006,request,address
19007,thankyou,thank you good bye
19008,inform,south
19009,inform,south
19010,inform,south
19011,affirm,yes
19012,inform,portugese
19013,request,phone number
19014,request,phone number
19015,request,address
19016,thankyou,thank you good bye
19017,inform,im looking for a cheap restaurant in the north part of town
19018,request,can i get the phone number and address
19019,thankyou,thank you goodbye
19020,inform,i want a moderately priced restaurant in the north part of town
19021,inform,i dont care
19022,confirm,is that in the north part of town
19024,request,whats the address
19027,request,what kind of food
19028,request,what food do they serve
19029,thankyou,thank you good bye
19030,inform,i need a cheap restaurant
19031,inform,doesnt matter
19032,inform,doesnt matter
19033,inform,find me a cheap vietnamese restaurant
19034,affirm,yes
19035,affirm,yes
19036,inform,find me vietnamese food
19037,request,what is the address
19038,request,what is the address
19040,request,what area
19041,request,what kind of food does it serve
19042,thankyou,thank you good bye
19043,inform,im looking for an expensive restaurant that serves irish food
19044,inform,i dont care
19045,inform,irish
19046,inform,italian
19049,thankyou,thank you good bye
19052,thankyou,thank you good bye
19053,inform,expensive
19054,inform,i dont care
19055,reqalts,anything else
19056,request,phone number
19057,request,phone number
19058,thankyou,thank you good bye
19059,inform,i want a cheap restaurant that serves unusual food
19060,inform,how european
19061,reqalts,how european food
19062,reqalts,is there a restaurant that serves european food
19063,affirm,yes
19064,affirm,yes
19065,thankyou,thank you good bye
19067,inform,north part of town
19068,request,alright give me the address
19069,null,unintelligible
19070,request,whats the address
19071,request,and the phone number
19072,thankyou,thank you good bye
19073,inform,i am looking for a restaurant in the south part of town and it should serve cantonese food
19074,inform,cantonese food
19076,null,noise
19078,affirm,yes
19079,inform,cantonese
19081,request,whats their address
19082,request,whats their address
19084,null,noise
19085,null,sil
19086,null,sil
19087,null,sil
19088,null,unintelligible
19089,inform,i would like a cheap restaurant in the north part of town
19091,request,what type of food
19092,request,what is the address
19093,thankyou,thank you good bye
19094,reqalts,um how about chinese food
19095,inform,do you have chinese food
19097,request,can i have the address please
19098,request,and what is the price range
19099,thankyou,okay thank you
19100,thankyou,thank you goodbye
19101,inform,id like an expensive restaurant
19102,inform,south
19103,inform,south
19104,null,sil
19105,inform,any
19106,request,what is the address
19107,thankyou,thank you good bye
19108,inform,im looking for a restaurant that serves danish food
19109,reqalts,what about vietnamese food
19111,affirm,yes
19112,request,whats the address
19113,thankyou,thank you good bye
19114,inform,im looking for a cheap restaurant in the south part of town
19115,inform,any
19117,thankyou,thank you goodbye
19118,inform,im looking for a restaurant
19121,inform,asian oriental
19122,affirm,yes
19123,request,what is the address and phone number
19124,thankyou,thank you good bye
19125,inform,could i have a cheap restaurant
19126,inform,the north
19127,request,and whats the phone number
19128,thankyou,thank you goodbye
19129,null,sil
19130,inform,moderate
19131,inform,moderately priced
19132,null,noise
19133,affirm,yes
19134,request,whats the address
19135,null,sil
19136,null,sil
19137,request,whats the address
19138,null,noise
19139,request,address
19140,request,phone number
19141,thankyou,thank you good bye
19142,null,noise
19143,inform,im looking for a restaurant in the north part of town that serves belgian food
19144,reqalts,how about chinese food
19145,request,may i have the phone number please
19146,request,what type of food
19147,reqalts,how about chinese food
19148,request,may i have the phone number please
19149,thankyou,thank you good bye
19150,null,sil
19151,inform,i dont care
19152,inform,portuguese food
19153,reqalts,anything else
19156,inform,portuguese food any price
19157,request,price range
19159,thankyou,thank you good bye
19160,inform,moderately priced restaurant
19161,inform,dont care
19162,request,address
19163,request,phone number
19164,request,phone number
19165,request,post code
19166,thankyou,thank you good bye
19167,inform,im looking for a restaurant that serves russian food
19168,reqalts,how about mediterranean food
19169,reqalts,how about mediterranean food
19170,affirm,yes
19171,inform,i do not care
19173,thankyou,thank you good bye
19174,inform,moderately restaurant
19175,inform,moderate
19176,inform,north
19177,inform,any
19178,request,address
19179,request,phone number
19180,thankyou,thank you good bye
19181,null,sil
19183,inform,british food
19185,thankyou,thank you good bye
19187,inform,north part
19188,inform,moderately priced food
19189,inform,doesnt matter
19190,inform,moderately priced food
19191,request,okay can i have the address
19192,thankyou,thanks goodbye
19195,request,um whats the phone number
19196,request,whats the address
19197,inform,can i have a moderately priced restaurant
19198,inform,any
19199,inform,gastropub
19200,request,may i have the address
19201,request,and whats the phone number
19202,thankyou,thank you good bye
19203,reqalts,what about asian oriental
19205,inform,asian oriental
19207,request,and the address
19208,thankyou,thank you good bye
19209,inform,im looking for a restaurant in the east part of town that serves afghan food
19210,inform,how bout chinese food
19211,null,unintelligible
19212,inform,how how bout chinese food
19214,inform,chinese
19215,request,can i get the address phone number and post code
19216,request,and the post code
19217,thankyou,thank you goodbye
19218,inform,um im looking for a restaurant in the center part of town that serves lebanese food
19220,request,phone number
19221,thankyou,okay thank you good bye
19222,hello,noise hello
19225,request,what is the address
19226,null,noise
19227,null,noise
19228,null,noise
19230,inform,gastropub
19231,request,what is the address please
19232,thankyou,breath thank you goodbye
19233,inform,im looking for an expensive restaurant and it should be in the south part of town
19234,inform,south part of town
19235,inform,any
19237,request,whats the address
19238,request,and the phone number
19239,thankyou,thank you good bye
19240,inform,i want a moderately priced restaurant in the west part of town
19241,inform,dont care
19243,request,whats the address phone number and post code
19244,request,whats the address
19245,thankyou,thank you good bye
19246,inform,korean food
19247,inform,i dont care
19248,inform,korean
19249,request,address
19250,request,phone number
19251,thankyou,thank you goodbye
19253,affirm,yes that serves korean food
19254,inform,i am looking for a restaurant in the center that serves korean food
19256,request,could i have the address
19257,request,phone number
19258,request,could i have the address
19259,request,and price range
19261,thankyou,thank you good bye
19262,inform,im looking for a moderately priced restaurant in the west part of town
19263,inform,i dont care
19264,request,whats the address
19266,thankyou,thank you good bye
19268,affirm,yes
19269,inform,i dont care is there any north part of town
19273,null,sil
19274,affirm,yes
19276,reqalts,how about italian food
19277,inform,italian food
19278,inform,any
19279,affirm,yes
19280,affirm,yes
19282,thankyou,thank you good bye
19283,inform,id like an expensive restaurant that serves bat food
19284,reqalts,how about modern european
19285,thankyou,thank you good bye
19287,inform,that serves corsica
19289,inform,the indian food
19290,thankyou,thank you good bye
19291,inform,i would like to find an expensive restaurant that serves corsica food
19294,reqalts,is there another alternative
19295,request,oh so what is the phone number
19296,request,what about the post code
19297,thankyou,thank you good bye
19298,null,noise
19299,inform,cheap
19300,affirm,yes
19301,request,phone number
19302,null,unintelligible
19304,null,noise
19305,thankyou,thank you good bye
19306,null,noise
19307,thankyou,thank you good bye
19309,inform,any part of town
19310,inform,italian food
19311,request,whats the address
19313,thankyou,thank you good bye
19314,inform,i want to find a moderately priced restaurant in the east part town
19315,inform,a moderately priced restaurant in the east of town
19316,inform,i dont care
19317,request,what is the address and telephone number
19318,request,and the telephone number
19319,thankyou,uh thank you good bye
19320,hello,hi im looking for an expensive restaurant in the south part of town
19321,inform,i dont care
19322,request,can i have the address please
19323,request,and phone number
19325,request,and the post code
19326,thankyou,thank you good bye
19327,inform,west part of town
19328,inform,west
19329,inform,moderately priced
19330,request,what is the address
19331,request,post code
19333,null,sil
19334,repeat,go back
19335,null,okay
19336,request,post code
19337,request,whats the address
19338,request,and the phone number
19339,request,and the post code
19340,thankyou,thank you good bye
19341,affirm,uh yes i need the north part of town
19342,inform,uh cheap restaurant
19343,inform,cheap
19344,request,okay what kind of food
19345,request,uh phone number
19348,request,address
19349,request,phone number
19350,request,post code
19351,thankyou,thank you good bye
19352,null,sil
19353,null,sil
19354,inform,expensive
19355,inform,expensive
19356,thankyou,thank you good bye
19357,inform,could i have a moderately priced restaurant in the south part of town
19358,inform,moderately priced
19360,request,can i have the phone number
19361,request,whats the type of food
19362,request,the food of the venue
19364,reqalts,anything else
19365,request,food of the venue
19366,reqalts,anything else
19367,reqalts,anything else
19368,inform,can i have a moderately priced restaurant on this side of town
19369,reqalts,anything else
19370,request,phone number and food
19371,null,type
19372,inform,food type
19373,request,phone number
19375,inform,looking for a moderately priced restaurant that serves brazilian
19376,inform,how bout asian oriental
19377,reqalts,what about asian oriental
19378,request,whats the address
19379,request,and the phone number
19380,thankyou,thank you goodbye
19381,inform,restaurant
19382,inform,singaporean
19384,inform,moderate
19385,request,address
19386,request,address
19387,request,phone number
19388,thankyou,thank you good bye
19391,request,can i have their phone number
19392,request,can i have their phone number
19393,request,and the post code
19394,thankyou,thank you good bye
19395,inform,id like a restaurant in the north part of town that serves cross over food
19396,reqalts,how about chinese food
19397,reqalts,how about chinese food
19399,inform,im looking for a moderately priced restaurant
19400,inform,south part of town
19401,inform,doesnt matter
19402,affirm,yes
19405,thankyou,thank you good bye
19406,inform,i want a restaurant in the west part of town that serves australian food
19407,reqalts,how about italian
19408,inform,i want italian food
19409,inform,any
19410,inform,it doesnt matter
19412,inform,uh cheap restaurant in north part of town
19413,inform,cheap
19414,request,address
19415,request,phone number
19418,inform,moderately priced restaurant
19419,inform,west
19420,inform,dont care
19422,request,address
19423,null,noise
19424,request,address
19425,null,sil
19426,request,phone number
19427,request,address
19428,thankyou,thank you goodbye
19429,null,noise
19430,inform,thai
19431,inform,west
19432,inform,thai
19433,null,sil
19434,inform,thai
19436,affirm,yes
19437,reqalts,how about thai
19438,inform,asian
19439,request,address
19440,inform,thai
19441,affirm,yes
19442,thankyou,thank you good bye
19443,inform,looking for a japanese restaurant in the center
19444,request,whats the address
19445,request,whats the address
19447,thankyou,thank you good bye
19448,null,sil
19449,inform,cheap resataurant serving unintelligible food
19450,affirm,yes
19451,inform,unintelligible food
19453,inform,unintelligible food
19454,inform,unintelligible food
19455,affirm,yes
19457,inform,unintelligible food
19458,inform,unintelligible food
19459,affirm,yes
19462,negate,no
19463,inform,unintelligible food
19466,affirm,yes
19467,affirm,yes
19469,thankyou,thank you good bye
19472,thankyou,thank you good bye
19473,inform,im looking for a restaurant in any area that serves russian food
19474,affirm,yes
19476,inform,north american
19477,affirm,yes
19478,affirm,yes
19479,request,can i get the address
19480,request,the phone number
19481,request,and the price range
19482,thankyou,thank you good bye
19483,null,sil
19484,inform,uh i want cantonese food
19485,inform,cantonese
19486,reqalts,how about thai food
19487,request,what type of food
19489,reqalts,what about thai food
19490,null,sil
19491,thankyou,thank you good bye
19492,inform,expensive
19493,inform,south
19494,inform,expensive
19495,reqalts,anything else
19496,request,address
19497,thankyou,thank you good bye
19498,inform,tuscan food
19499,inform,west
19500,inform,tuscan
19502,affirm,yes
19503,affirm,right
19504,request,address
19505,request,address
19506,request,phone number
19507,request,price range
19508,thankyou,thank you good bye
19509,inform,im looking for a moderately priced restaurant in the west part of town
19510,inform,i dont care
19514,request,whats the post code
19515,null,unintelligible
19516,bye,thank you good bye crosstalk
19518,inform,i dont care
19519,inform,moderate
19520,inform,moderate
19521,reqalts,anything else
19522,request,whats their address
19523,request,whats their address
19524,request,and their phone number
19525,thankyou,thank you good bye
19527,inform,gastropub
19529,inform,gastropub
19530,inform,gastropub of food
19531,negate,no
19532,thankyou,thank you goodbye
19533,inform,im looking for corsica food
19534,reqalts,what about vietnamese food
19537,request,whats the address
19538,thankyou,thank you good bye
19540,reqalts,how about korean type food
19541,inform,i want a korean restaurant
19544,null,sil
19546,inform,i dont care
19547,inform,moderate
19548,request,whats their address
19549,thankyou,thank you good bye
19551,request,whats the address
19553,inform,a restaurant south part of town
19554,inform,south part of town
19555,inform,any
19556,reqalts,anything else
19557,request,address
19558,thankyou,thank you good bye
19559,null,unintelligible
19560,null,noise
19561,null,noise
19564,inform,north
19565,inform,west
19566,affirm,yes
19567,inform,kosher
19568,null,sil
19569,request,address
19570,null,noise
19571,request,noise phone number
19572,null,noise
19573,thankyou,thank you good bye
19574,inform,im looking for a restaurant in the south part of town serving austrian food
19575,reqalts,how about indian type of food
19576,inform,there is no such venue harbor indian type of food
19577,inform,indian type of food
19578,inform,theres no such venue unintelligible indian type of food
19579,inform,indian type of food
19580,inform,indian type of food
19581,inform,im looking for a restaurant in the south part of town serving indian type of food
19582,null,sil
19583,thankyou,thank you good bye
19584,inform,looking for a cheap restaurant in the east part of town
19585,request,whats the address
19587,request,and what is the post code
19588,thankyou,thank you good bye
19589,inform,cheap
19590,inform,any
19592,inform,chinese
19593,inform,cheap
19594,inform,cheap
19595,request,address
19596,request,phone number
19597,thankyou,thank you good bye
19598,inform,im looking for portuguese food
19599,inform,i dont care
19600,request,address
19601,thankyou,thank you goodbye
19602,inform,chinese
19603,inform,the south
19606,inform,i dont care
19607,reqalts,next
19608,reqalts,next
19609,reqalts,next
19610,request,phone number
19611,request,phone number
19612,thankyou,okay thank you good bye
19613,inform,i need a restaurant in the east part of town
19614,reqalts,how about indian type of food
19615,reqalts,how about indian type of food
19617,thankyou,thank you good bye
19618,inform,i dont care
19620,request,what is the price range
19621,thankyou,thank you goodbye
19622,inform,danish food
19623,inform,north
19624,inform,north
19625,inform,spanish
19626,inform,spanish food
19627,inform,asian oriental
19628,affirm,yes knocking
19629,thankyou,thank you good bye
19630,inform,im looking for a moderately priced restaurant
19631,inform,i dont care
19633,reqalts,how about asian oriental
19634,reqalts,how about asian oriental
19635,request,what is the address
19637,thankyou,thank you good bye
19638,inform,expensive restaurant south part of town
19639,inform,any
19640,inform,expensive
19641,request,phone number
19642,request,phone number
19643,request,post code
19644,null,sil
19645,request,post code
19646,null,sil
19647,thankyou,thank you good bye
19648,null,sil
19649,negate,no
19650,inform,i dont care
19651,inform,i dont care
19652,inform,west
19653,inform,i dont care
19654,inform,italian
19655,inform,i dont care
19656,inform,i dont care
19657,inform,polynesian food
19658,inform,i dont care
19659,inform,i dont care
19660,inform,polynesian food
19662,confirm,does it serve italian food
19663,inform,italian food
19664,inform,i dont care
19665,null,i dont
19666,null,care
19667,reqalts,what about expensive
19668,confirm,is it expensive
19669,request,okay whats the phone number
19670,thankyou,thank you goodbye
19671,affirm,yes
19673,inform,dont care
19674,reqalts,anything else
19675,request,phone number
19676,request,the address
19677,thankyou,thank you good bye
19679,inform,malaysian food
19680,inform,malaysian food
19681,affirm,yes
19682,inform,british food
19683,affirm,yes
19684,inform,british food
19685,affirm,yes
19686,inform,british food
19687,affirm,yes
19688,thankyou,thank you good bye
19690,inform,polynesian food
19691,inform,south
19692,inform,polynesian food
19693,inform,portuguese food
19694,request,phone number
19695,request,phone number
19696,request,address
19697,thankyou,thank you good bye
19699,inform,any
19700,request,can i get the address and phone number please
19701,thankyou,thank you good bye
19702,null,sil
19703,inform,im looking for moroccan food
19704,inform,i dont care
19705,inform,moroccon
19706,inform,moroccan food
19707,inform,moroccan food
19708,inform,french food
19709,request,what is the address and phone number
19710,request,phone number
19711,thankyou,thank you good bye
19712,inform,find a cheap restaurant
19713,inform,doesnt matter
19714,affirm,yes
19715,inform,unusual food
19716,inform,unusual food
19717,inform,cheap
19718,thankyou,thank you good bye
19719,inform,i need a cheap restaurant in the south part of town
19720,inform,i dont care
19721,request,what is the address
19722,thankyou,thank you good bye
19724,null,i need cant
19725,inform,unitelligible food
19726,affirm,yes
19727,reqalts,how about european food
19728,request,and whats their address
19729,request,tell me the post code
19730,affirm,right on good bye peace
19732,thankyou,thank you good bye
19734,inform,i dont care
19735,inform,vegitarian
19737,thankyou,thank you good bye
19738,inform,im looking for a restaurant that serves japanese food
19739,request,what is the address
19741,null,noise
19742,null,noise
19744,request,noise what is the phone number
19745,thankyou,thank you goodbye
19746,inform,cheap
19747,inform,south
19748,inform,dont care
19750,thankyou,thank you goodbye
19751,inform,it doesnt matter
19752,inform,moderate
19754,request,may i have the address
19755,thankyou,thank you good bye
19757,affirm,yes
19759,null,sil
19760,thankyou,thank you good bye
19762,inform,i dont care
19763,request,what kind of food is there
19764,request,what kind of food
19765,request,what is the address
19766,thankyou,thank you good bye
19767,inform,restaurant in the south part of town
19769,inform,indian type of food
19770,inform,indian food
19771,request,phone number
19772,request,phone number
19774,thankyou,thank you good bye
19776,inform,west side
19778,inform,any fine
19779,null,noise
19781,request,what type of food
19782,request,whats its number
19783,negate,no
19784,confirm,is it thai food
19786,request,phone number
19787,request,may i have its address
19788,request,what type of food is it
19789,thankyou,thank you good bye
19790,inform,i need a restaurant in the center of town that serves spanish food
19791,negate,no spanish
19792,inform,center
19794,request,what part of town is it in
19795,request,what is the address
19796,request,and whats the phone number
19797,thankyou,thank you good bye
19799,reqalts,uh okay how about french food
19800,affirm,yes and i dont care about the price range
19801,inform,i dont care
19802,inform,uh it doesnt matter
19803,ack,okay um
19804,request,whats the address
19805,request,okay and whats the phone number
19806,null,okay and um
19808,inform,expensive restaurants
19809,inform,dont care
19810,inform,sea food
19812,inform,sea food
19813,request,address
19814,request,address
19815,thankyou,thank you good bye
19816,inform,i need a restaurant serving corsica food
19818,inform,south
19819,request,phone number
19820,request,phone number
19821,thankyou,thank you good bye
19822,inform,polynesia food
19823,inform,thai
19825,inform,polynesian
19826,inform,thai
19828,reqmore,more
19830,inform,thai
19831,null,taiwanese
19832,negate,no
19833,inform,thai restaurant
19834,negate,no
19835,thankyou,thank you good bye
19837,inform,any
19838,inform,french food
19839,reqalts,anything else
19840,request,phone number
19841,reqalts,anything else
19842,inform,expensive restaurant
19843,request,phone number
19844,thankyou,thank you good bye
19845,inform,christmas food
19846,inform,asian oriental
19847,inform,any
19848,inform,cheap
19849,request,phone number
19850,request,phone number
19851,request,address
19852,thankyou,thank you good bye
19854,inform,i dont care
19856,thankyou,thank you good bye
19857,inform,north part of town
19859,inform,asian oriental
19861,thankyou,thank you good bye
19862,null,noise
19863,inform,im looking for a moderately priced restaurant and it should serve polynesian food
19864,null,noise
19865,affirm,yes
19867,reqalts,what about indian
19868,reqalts,how about indian type of food
19870,affirm,yes
19872,null,laugh
19875,affirm,yes
19876,reqalts,how about indian type of food
19878,thankyou,thank you good bye
19880,inform,south part of town please
19883,request,what is the address
19885,inform,im looking for a restaurant that serves afghan food
19886,reqalts,what about european food
19887,inform,are there any serving european food
19888,inform,i dont care
19889,inform,i dont care
19890,request,whats the address
19891,request,and the phone number
19892,thankyou,thank you good bye
19893,inform,im looking for something cheap
19894,inform,west side
19895,affirm,yes
19896,inform,doesnt matter
19897,affirm,yes
19899,request,whats its phone number
19900,thankyou,thank you good bye
19901,hello,hello and welcome
19902,inform,center
19903,inform,catalan
19904,inform,catalan
19905,inform,italian
19906,inform,moderate
19908,request,could i get the phone number and
19909,request,price range
19910,request,could i get the phone number and price range
19911,thankyou,thank you good bye
19912,null,breathing
19913,inform,cheap restaurant in the south part of town
19914,inform,it doesnt matter
19915,request,address
19916,thankyou,thank you good bye
19917,inform,doesnt matter
19918,request,uh what is the address
19919,thankyou,uh thank you good bye
19920,null,noise
19921,inform,south
19922,inform,expensive
19923,inform,i would like expensive food
19925,request,what is the address and phone number
19926,thankyou,thank you good bye
19927,inform,restaurant in the west part of town that serves cuban food
19928,reqalts,how about italian food
19929,inform,italian food
19930,inform,west
19931,affirm,yes
19932,inform,any
19933,request,phone number
19934,request,phone number
19935,thankyou,thank you good bye
19936,null,sil
19937,null,sil
19938,null,sil
19939,null,sil
19940,null,sil
19941,null,sil
19942,affirm,yes
19943,affirm,yes
19944,null,unintelligible
19945,null,sil
19946,inform,doesnt matter
19947,null,sil
19948,null,sil
19949,inform,dont care
19950,inform,dont care
19951,null,sil
19952,null,sil
19953,null,sil
19954,inform,dont care
19956,reqalts,anything else
19957,request,address
19958,request,address
19959,thankyou,thank you good bye
19960,thankyou,thank you good bye
19964,thankyou,thank you good bye
19965,inform,cheap restaurant that serves vegetarian food
19967,request,address
19968,thankyou,thank you good bye
19971,inform,im looking for a cheap restaurant that serves canapes food
19972,inform,im looking for a
19973,inform,restaurant that serves can canapes food
19974,inform,canapes
19975,inform,canapes
19977,affirm,ye
19978,thankyou,thank you goodbye
19979,inform,im looking for an expensive restaurant
19980,inform,it doesnt matter
19981,reqalts,how about thai food
19982,reqalts,what about thai
19983,inform,can i have a thai restaurant
19984,affirm,yes
19985,affirm,yes
19986,reqalts,what about thai food
19987,request,and what about the phone number
19988,thankyou,thank you good bye
19989,inform,im looking for a moderately priced restaurant in the west part of town
19990,inform,any kind of food
19991,thankyou,thank you good bye
19992,inform,moderately priced in south part
19993,inform,south part of town
19994,inform,it doesnt matter
19995,inform,moderate
19996,inform,moderately
19998,request,phone number
19999,request,phone number
20000,request,phone number
20001,request,post code
20002,null,post
20003,null,old
20004,request,phone number
20005,thankyou,thank you good bye
20006,inform,moderately priced
20007,affirm,yes
20008,inform,dont care
20010,thankyou,thank you good bye
20011,inform,noise looking for an expensive restaurant in the south part of town
20012,null,noise
20013,null,noise
20014,null,noise
20015,inform,south part
20017,null,noise
20018,null,noise
20019,null,noise
20020,null,noise
20021,null,noise
20022,null,noise
20024,inform,i want to find a restaurant that serves world food
20025,reqalts,what about french food
20026,reqalts,what about french food
20027,request,what is the address
20029,thankyou,thank you goodbye
20030,inform,looking for an expensive restaurant that serves indonesian food
20031,affirm,right
20032,reqalts,is there a restaurant serving british food
20033,inform,i dont care
20035,inform,i dont care
20036,affirm,right
20037,affirm,right
20038,inform,i dont care
20039,request,the phone number
20041,bye,you good bye
20042,null,sil
20043,inform,any part
20044,null,sil
20045,null,sil
20046,request,whats the address
20047,null,sil
20048,request,whats the address
20050,thankyou,thank you good bye
20051,thankyou,thank you good bye
20052,inform,looking for a cheap restaurant that serves creative food
20053,inform,is there one that serves creative food
20054,inform,uh are there any that serves mediterranean
20056,inform,mediterranean
20057,affirm,right
20058,request,okay can i have the phone number and the post code please
20059,thankyou,thank you good bye
20060,inform,find moderately priced restaurant in the west part of town
20061,inform,west
20062,inform,west
20063,inform,doesnt matter
20064,affirm,yes
20065,reqalts,what else
20067,request,what is the address and postcode
20068,null,sil
20069,request,what is the address of prezzo
20070,request,the postcode
20071,request,the phone number
20072,thankyou,thank you goodbye
20073,null,sil
20074,null,im looking
20075,inform,im looking for um
20076,inform,im looking for um
20078,null,sil
20081,request,what is the address
20082,null,sil
20083,thankyou,thank you good bye
20084,affirm,yes can i have can i get swedish food in any area
20085,inform,can i get swedish food
20086,inform,swedish food
20087,inform,north american food
20088,inform,north american food
20089,inform,north american
20090,inform,swedish food
20091,inform,swedish food
20092,inform,can i get swedish food
20093,negate,no
20094,inform,north american
20095,inform,american
20096,inform,swedish food
20097,inform,can i get american food
20098,request,can i get the address
20101,thankyou,thank you good bye
20103,inform,caribbean food
20104,reqalts,how about gastropub food
20105,inform,dont care
20106,request,what is the address
20108,thankyou,thank you good bye
20109,null,breathing
20110,null,sil
20111,inform,it doesnt matter
20112,inform,im looking for a cheap pan asian food
20113,affirm,yes
20116,reqalts,okay is there any portuguese food
20117,request,can you give me the address
20118,thankyou,thank you good bye
20119,inform,i need a moderately priced restaurant in the south part of town
20120,inform,i dont care
20121,request,whats the address
20124,thankyou,thank you good bye
20125,null,sil
20126,null,noise
20128,inform,any part of town
20129,inform,french
20130,request,can i have the phone number
20131,thankyou,thank you good bye
20132,inform,i want a restaurant in the center that serves seafood
20133,affirm,yes
20134,request,the address
20135,request,whats the address
20136,thankyou,thank you good bye
20137,inform,i dont care
20140,thankyou,okay cool uh good bye thank you
20141,inform,north
20142,inform,north
20143,inform,north
20144,null,sil
20145,inform,north
20146,inform,north
20147,inform,north
20148,inform,north
20149,inform,moderate
20150,inform,moderate
20151,inform,north
20152,inform,north
20153,inform,north
20154,request,address
20155,null,sil
20156,request,address
20157,thankyou,thank you goodbye
20158,null,noise
20159,inform,moderately priced
20160,inform,any
20161,inform,british
20163,request,phone number
20164,request,phone number
20165,thankyou,thank you good bye
20166,inform,like to find a restaurant in the east part of town and it should serve indian food
20167,request,type of food do they serve
20169,affirm,yes
20170,request,whats the address
20173,bye,ooh thank you good bye
20175,inform,modern european
20176,inform,any
20177,inform,anything
20179,request,phone number
20180,request,phone number
20181,thankyou,thank you good bye
20182,inform,north
20183,inform,greek
20184,inform,uh italian
20185,inform,um italian
20186,inform,italian type of food
20187,affirm,yes
20188,thankyou,thank you good bye
20189,inform,i want to find a restaurant in the north part of town
20190,inform,unusual food
20192,inform,i want to find indian food then
20193,null,unintelligible
20194,inform,indian food
20195,inform,i dont care
20196,affirm,yes
20197,null,unintelligible
20198,null,unintelligible
20199,null,unintelligible
20200,null,unintelligible
20201,request,may i have it its address
20202,request,may i have its address
20203,request,whats its phone number
20205,thankyou,thank you goodbye
20206,inform,im looking for a restaurant in the north part of town serving indian food
20207,request,price range
20208,inform,im looking for a restaurant in the north part of town serving indian food
20211,request,what is the address and post code
20212,inform,i am looking for a restaurant in the north part of town serving indian food
20213,inform,i dont care
20214,request,what is the address and post code
20215,thankyou,thank you good bye
20216,reqmore,more
20217,reqmore,more
20219,inform,asian
20220,inform,asian
20221,inform,i dont care
20222,affirm,yes
20223,negate,no
20224,inform,i dont care
20225,inform,asian
20226,negate,no
20227,affirm,yes
20228,negate,no
20229,thankyou,thank you goodbye
20230,inform,looking for an expensive restaurant in the south part of town
20231,inform,i dont care
20234,request,what type of food
20235,request,whats the address
20236,thankyou,thank you good bye
20237,inform,im looking for a restaurant in any area that serves polynesian food
20238,reqalts,how about modern european type of food
20239,reqalts,can i try another one
20240,inform,modern european
20241,affirm,yes
20242,inform,doesnt matter
20243,affirm,right
20244,reqalts,is there another one
20245,request,okay do you have their phone number
20246,thankyou,thank you good bye
20247,inform,im looking for a moderately priced restaurant in the west part of town
20248,inform,i dont care
20249,request,can i have the address and post code
20250,request,can i have the post code
20251,thankyou,thank you good bye
20253,inform,any kind of food
20254,reqalts,anything else
20256,request,whats the post code
20257,thankyou,thank you good bye
20258,inform,im looking for a moroccan restaurant in the center of town
20259,inform,im looking for a thai restaurant
20260,reqalts,how about thai food
20261,request,what type of food
20263,affirm,yes
20264,negate,no thai
20266,affirm,right
20267,reqalts,how about any price range
20269,reqalts,how about moderately priced thai food
20270,affirm,yes
20271,inform,i dont care
20272,request,what is the address and phone number
20273,thankyou,thank you good bye
20274,inform,moderately priced restaurant serving moroccan food
20276,inform,indian food
20277,inform,i dont care
20279,thankyou,thank you good bye
20280,null,sil
20281,inform,im looking for a restaurant in the north part of town
20282,inform,it doesnt matter
20283,reqalts,anything else
20284,request,do you have the address
20285,request,and the phone number
20286,request,and whats the price range
20287,thankyou,okay thank you good bye
20288,inform,i want a moderately priced
20289,inform,restaurant and it should serve steak house food
20290,inform,im looking for a restaurant serving asian oriental food
20291,affirm,yes
20293,thankyou,thank you good bye
20294,inform,moderate
20295,null,noise
20296,inform,moderate
20297,inform,north
20298,inform,any
20299,reqalts,anything else
20300,request,address
20301,request,phone number
20302,request,post code
20303,thankyou,thank you good bye
20304,inform,can i find an expensive restaurant that serves traditional food
20305,inform,can i have an expensive restaurant
20306,inform,serving modern european food
20307,request,can i have the address and phone number
20308,thankyou,thank you good bye
20309,inform,moderate
20310,request,price
20311,inform,north
20312,request,addre
20313,request,address
20314,request,phone number
20315,request,phone number
20316,request,phone number
20317,request,address
20318,request,phone number
20319,thankyou,thank you goodbye
20320,inform,west part of town
20321,inform,west
20322,inform,noise west
20323,inform,west
20324,inform,west
20325,inform,any
20326,inform,moderate
20327,request,address
20328,request,post code
20329,request,post code
20330,thankyou,thank you good bye
20332,inform,any part of town
20333,request,can i have the phone number and address
20334,thankyou,thank you good bye
20335,inform,im looking for a moderately priced restaurant that serves traditional food
20339,inform,im looking for a moderately priced restaurant that serves spanish food
20340,request,uh can i have the address
20341,request,and the phone number
20342,request,and what is the post code
20343,thankyou,thank you good bye
20344,inform,i would like european food
20345,inform,i dont care
20346,inform,i dont care
20347,request,what is the price range
20348,request,okay can i have the address
20349,thankyou,thank you good bye
20350,inform,any
20351,request,what is the address
20352,request,what is the address
20354,request,what is the post code
20355,thankyou,thank you good bye
20358,request,may i have the address phone number and price range
20359,request,and what is the price range
20360,thankyou,thank you good bye
20362,inform,i dont care
20363,request,what is the address
20364,thankyou,thank you good bye
20365,hello,hi im looking for an restaurant in the center that serves korean food
20369,request,and whats the price range
20370,thankyou,thank you good bye
20371,inform,id like a moderately priced restaurant that serves cuban food please
20372,reqalts,how about chinese food
20373,reqalts,how about chinese food
20374,request,could i have the phone number please
20375,thankyou,thank you good bye
20376,inform,polynesian food
20377,inform,south
20378,inform,south
20379,inform,thai
20380,request,whats the phone number and address
20381,thankyou,thank you good bye
20383,inform,vietnamese
20384,inform,breath how bout north part of town
20385,request,breath whats the phone number of the venue
20388,thankyou,thank you goodbye
20389,inform,i want an expensive restaurant that serves polish food
20390,reqalts,how about italian food
20391,inform,italian food
20392,inform,it doesnt matter
20393,request,what is the address
20395,request,what is the area
20396,thankyou,thank you goodbye
20397,inform,i need a cheap restaurant in the east part of town
20398,request,the address
20399,request,phone number
20400,thankyou,thank you good bye
20401,hello,hello im looking for an expensive restaurant
20402,inform,i dont care
20403,inform,i dont care
20405,inform,i would like crossover food
20407,reqalts,okay how about modern european food
20408,reqalts,okay how about modern european food
20409,null,unintelligible
20410,inform,modern european
20411,inform,modern european food
20414,null,you have a shitty system
20415,inform,modern european food
20417,negate,no
20418,inform,expensive
20419,request,type of food does it serve
20420,request,type of food does it serve
20422,inform,expensive
20423,thankyou,thank you goodbye
20424,inform,restaurant in west part of town serving corsica food
20427,reqalts,how about thai food
20428,reqalts,how about thai food
20429,affirm,yes
20430,inform,thai
20431,inform,thai
20432,request,address phone number price range
20433,request,price range
20434,thankyou,thank you good bye
20435,null,noise
20436,null,noise
20438,affirm,yes
20439,inform,chinese
20440,thankyou,thank you good bye
20441,thankyou,thank you good bye
20442,inform,im looking for an italian restaurant in the east part of town
20443,request,what is the address
20444,null,noise
20445,thankyou,thank you good bye
20446,inform,moderately priced
20447,inform,any food
20448,inform,moderate
20449,request,address
20450,request,phone number
20451,request,post code
20453,inform,moderately priced restaurant
20454,inform,west part of town
20455,inform,any
20456,reqalts,anything else
20457,request,may i have the address
20458,request,phone number
20459,thankyou,thank you good bye
20462,affirm,right
20463,request,what is the address
20464,request,what is the price range
20465,thankyou,thank you good bye
20466,inform,looking for moderately priced russian food
20467,inform,russian food
20469,inform,i dont care
20471,thankyou,thank you good bye
20472,null,sigh
20473,inform,any
20474,inform,any
20475,inform,barbecue
20476,inform,barbecue
20477,inform,cheap
20478,affirm,yes
20479,request,address
20480,request,phone number
20481,request,post code
20482,thankyou,thank you good bye
20483,inform,mediterranean food
20484,inform,i dont care
20486,inform,any address
20487,thankyou,thank you good bye
20488,null,sil
20489,null,sil
20490,inform,moderately priced restaurant in the west part of town
20491,inform,moderately priced restaurant in the west part of town
20492,inform,dont care
20493,reqalts,anything else
20494,thankyou,thank you good bye
20495,inform,im looking for a moderately priced restaurant in the north part of town
20496,inform,the north part
20497,inform,i dont care
20498,request,can i get the address
20499,bye,good bye thank you good bye
20500,inform,looking for something on the south side
20501,inform,danish food
20502,negate,no danish food
20503,inform,danish
20504,reqalts,how about italian
20506,affirm,yes
20507,affirm,yes
20508,inform,doesnt matter
20509,affirm,yes
20510,request,could i have its phone number
20511,request,can you give me its post code
20512,thankyou,thank you good bye
20513,inform,spanish food
20514,inform,any
20515,inform,spanish
20516,inform,i dont care
20517,request,phone number
20518,request,phone number
20519,request,telephone number
20520,request,address
20521,thankyou,thank you good bye
20523,request,what is the address
20524,request,phone number
20525,request,area
20526,request,and what area
20527,thankyou,thank you good bye
20528,inform,cheap restaurant in the west part of town
20529,inform,any
20530,inform,cheap
20531,request,what is the address and phone number
20532,thankyou,thank you good bye
20533,inform,looking for a cheap restaurant that serves steak house food
20534,null,and
20535,request,what is the phone number and address
20536,thankyou,okay thank you good bye
20537,inform,i need a moderate priced restaurant in the north part of town
20538,inform,any
20539,request,address
20540,request,phone number
20541,thankyou,thank you good bye
20542,inform,could i have a cheap restaurant in the east part of town
20543,request,could i have the address and phone number please
20544,thankyou,thank you good bye
20545,inform,looking for a restaurant in the south part of town that serves australian food
20546,reqalts,what about a restaurant that serves chinese food
20548,inform,im looking for a chinese restaurant
20549,inform,change that to a chinese restaurant
20550,null,and the
20552,request,what is the address
20554,thankyou,thank you good bye
20556,thankyou,thank you good bye
20557,inform,polish food
20558,inform,north american
20559,inform,north american food
20560,inform,food type
20561,inform,expensive restaurant
20562,inform,expensive restaurant
20563,negate,no
20564,affirm,yes id like an expensive restaurant in the east part of town
20565,inform,any type of food
20566,reqalts,anything else
20568,thankyou,thank you good bye
20569,inform,i want expensive food in the east part of town
20570,inform,east part
20571,inform,it doesnt matter
20572,inform,expensive
20574,request,what is the address
20575,null,sil
20577,inform,any
20578,inform,french
20580,request,the phone number
20581,thankyou,thank you good bye
20583,inform,catalan
20584,inform,catalan
20587,request,what is the address and phone number
20588,request,phone number
20589,thankyou,thank you good bye
20590,inform,serving austrian food
20591,reqalts,how about gastropub type of food
20592,inform,theres no such venue how about gastropub type of food
20593,request,can i have the address and phone number
20594,request,noise can i have the phone number
20595,thankyou,thank you good bye
20596,inform,a restaurant with afghan food
20597,inform,uh a restaurant in the south part of town
20598,reqalts,how about portuguese food
20600,request,the address
20601,thankyou,thank you good bye
20602,inform,expensive restaurant east part of town
20603,inform,any
20604,request,phone number address
20605,thankyou,thank you good bye
20607,request,whats the address
20608,request,phone number
20609,request,price range
20610,thankyou,thank you good bye
20611,inform,i need a moderately priced restaurant in the west part of town
20612,inform,i dont care
20614,request,phone number
20616,thankyou,thank you good bye
20617,inform,belgium food
20618,inform,dont care
20619,inform,malyasian
20620,inform,thai
20621,request,address
20622,request,address
20623,request,telephone number
20624,thankyou,thank you good bye
20625,inform,moderately priced restaurant
20626,inform,south
20627,inform,dont care
20628,request,phone number
20629,request,post code
20630,thankyou,thank you good bye
20631,inform,moderately priced restaurant that serves creative food
20632,reqalts,how about modern european
20633,request,phone number
20634,thankyou,thank you good bye
20635,inform,restaurant in the center
20636,inform,afghan
20638,reqalts,how about thai food
20639,request,address
20640,request,phone number
20641,request,what type of food
20642,inform,im looking for a restaurant in the south part of town serving korean food
20643,reqalts,how about the center area
20644,request,address and phone number
20645,thankyou,thank you good bye
20646,affirm,uh yes im looking for a cheap restaurant in the west part of town
20647,inform,west
20648,affirm,uh yes a cheap restaurant
20649,inform,uh it doesnt matter
20651,bye,okay and um thank you and good bye
20653,inform,id like an expensive restaurant
20654,affirm,yes
20655,negate,no
20656,request,may i have the address
20657,request,may i know more about the area
20658,thankyou,thank you good bye
20659,inform,looking for an expensive restaurant that serves afghan food
20660,reqalts,how about an expensive restaurant that serves european food
20661,reqalts,how about european food
20663,request,what area is it
20664,thankyou,thank you good bye
20665,inform,moderate restaurant south part of town
20666,inform,doesnt matter
20667,request,phone number
20669,thankyou,thank you good bye
20670,inform,moderately priced restaurant
20671,inform,moderate
20672,inform,any
20674,request,address
20675,request,whats the address
20676,request,phone number
20677,inform,looking for spanish food in the center of town
20678,inform,center
20679,affirm,yes spanish restaurant
20680,inform,i dont care
20683,thankyou,thank you good bye
20684,null,sil
20685,inform,it doesnt matter
20688,inform,gastropub food
20689,inform,it doesnt matter
20690,request,whats the address
20692,request,whats the address
20693,thankyou,thank you good bye
20694,null,sil
20695,inform,doesnt matter
20696,negate,no
20697,inform,restaurant in central
20698,affirm,yes
20699,inform,unusual food
20700,inform,thai type of food
20702,affirm,yes
20703,negate,no
20705,request,address
20706,request,phone number
20707,thankyou,thank you goodbye
20708,inform,danish food
20709,inform,chinese
20711,inform,dont care
20712,inform,moderately
20713,request,phone number
20714,request,phone number
20715,thankyou,thank you good bye
20716,null,cough
20717,inform,the south part
20718,confirm,um is that moderately priced
20719,inform,i dont know
20720,request,what type of food
20721,request,okay can i have the address
20722,thankyou,okay thank you good bye
20723,request,price range
20724,inform,north
20725,inform,any
20726,inform,moderate
20727,request,address
20728,thankyou,thank you goodbye
20729,inform,afghan food
20730,inform,center
20731,inform,afghan
20732,inform,turkish
20733,inform,turkish
20734,negate,no
20735,inform,dont care
20736,inform,i am looking for a restaurant serving afghan food
20737,thankyou,thank you good bye
20739,affirm,thats correct gastropub food
20740,inform,any part of town
20741,thankyou,thank you good bye
20742,null,sil
20743,inform,east part
20744,confirm,is it moderately priced
20745,inform,moderately priced food
20746,null,did you hang up on me
20747,reqalts,anything else
20748,request,i want to know the address and phone number
20749,thankyou,thank you good bye
20750,inform,restaurant in the west part of town that serves airitran food
20751,inform,airitran
20752,inform,italian
20753,inform,i dont care
20755,thankyou,thank you good bye
20756,inform,im looking for traditional food
20757,reqalts,what about korean food
20758,request,can i have the phone number
20759,request,can i have the phone number
20760,thankyou,thank you good bye
20762,inform,uh i dont care
20764,request,could i have the phone number please
20765,thankyou,thank you good bye
20766,inform,i want a restaurant in the north part of town that serves vietnamese food
20767,reqalts,what about in the west area
20768,request,phone number
20770,thankyou,thank you good bye
20771,inform,im looking for a moderately priced restaurant in the north part of town
20773,request,whats the address
20774,request,phone number
20776,thankyou,thank you good bye
20777,inform,im looking for a unintelligible food
20778,inform,any
20779,inform,any
20780,inform,dont care
20781,request,whats the address
20783,request,whats the post code
20784,thankyou,thank you good bye
20786,inform,i dont care
20787,inform,i dont care
20788,null,sil
20789,request,may i have its address
20790,thankyou,thank you good bye
20791,inform,moderately priced
20792,inform,can you find a moderately priced restaurant
20793,inform,north part of town
20794,negate,no
20795,inform,moderately
20796,inform,id like a moderately price
20797,affirm,yes
20798,null,unintelligible
20799,null,unintelligible
20800,request,where
20801,request,in what part of town
20803,reqalts,how about the north part
20804,negate,no
20806,inform,restaurant
20807,restart,oh jesus christ start over
20808,null,laughing
20810,request,and where is that located
20812,inform,find something in the north part
20813,negate,no
20814,thankyou,thank you goodbye
20815,null,laughing
20816,thankyou,thank you goodbye
20817,inform,african food
20818,inform,moderate price
20821,confirm,is it moderate
20822,inform,spanish food
20823,inform,spanish food
20824,inform,moderate price
20825,inform,spanish food
20826,negate,no spanish
20827,inform,i dont care moderate price
20828,inform,moderate
20829,inform,moderate
20831,request,phone number
20832,request,post code
20833,thankyou,thank you goodbye
20835,inform,scottish
20836,inform,american
20837,affirm,yes
20838,inform,cheap
20841,affirm,yes
20842,inform,anything
20843,affirm,yes
20844,reqalts,anything else
20845,request,uh can i get the address
20846,request,what type of food
20847,thankyou,thank you good bye
20848,inform,north
20849,inform,any
20850,request,address
20851,request,phone number
20852,request,post code
20856,inform,i need a cheap restaurant that serves indonesian food
20857,affirm,yes
20860,request,whats the address
20861,thankyou,thank you good bye
20862,inform,south
20863,inform,south
20864,null,breathing
20867,negate,no
20869,inform,south
20870,inform,indian food
20871,request,address
20872,request,price range
20873,request,price range
20874,request,price range
20875,thankyou,thank you goodbye
20877,null,that serves
20878,inform,i dont care
20879,inform,moroccon
20881,request,and the address
20882,thankyou,thank you good bye
20883,inform,cheap restaurants
20884,null,noise
20885,inform,british food
20886,inform,expensive
20887,request,phone number
20888,request,phone number
20889,null,i know mia
20890,thankyou,thank you good bye
20891,null,sil
20892,inform,international
20894,inform,north part of town
20895,inform,italian food
20896,inform,italian food
20897,affirm,yes italian food
20898,request,address
20899,null,adress
20900,null,adress
20901,request,address
20902,request,phone number
20903,thankyou,thank you good bye
20904,null,sil
20906,reqalts,how about a restaurant in the east part of town that serves indian food
20907,reqalts,what about a restaurant in the east part of town that serves indian type food
20908,request,the address
20909,request,phone number
20910,thankyou,thank you good bye
20911,inform,expensive food in the south of town
20912,inform,south
20913,inform,south
20914,inform,i dont care
20915,request,what type of food
20916,request,what is the address and phone number
20917,thankyou,thank you good bye
20918,inform,expensive restaurant
20920,inform,any
20922,negate,no
20923,inform,expensive
20925,inform,expensive restaurant thai food
20926,request,address
20927,request,post code
20928,thankyou,thank you good bye
20930,inform,north
20931,inform,creative
20933,inform,center
20935,negate,no
20936,affirm,yes
20937,thankyou,thank you good bye
20939,affirm,yes
20940,reqalts,how about european food
20941,null,um
20942,null,is there
20943,affirm,right
20944,affirm,yes
20945,inform,okay i dont care about price range
20946,null,okay just regular ecuadorean food
20947,inform,expensive european food
20948,inform,expensive
20949,request,phone number
20950,thankyou,thank you good bye
20951,null,noise
20952,null,noise
20953,null,sil
20954,inform,i dont care
20955,inform,venetian
20956,inform,venetian
20957,inform,ok what about indian
20958,affirm,yes
20959,inform,cheap
20960,negate,no
20961,affirm,yes
20962,negate,no
20963,null,sil
20964,null,sil
20965,null,sil
20966,null,noise
20968,null,unintelligible
20969,negate,oh no and cheap
20970,inform,okay then any
20972,inform,indian food
20973,affirm,yes
20974,inform,okay then any part of town
20975,request,okay can i have the address
20976,thankyou,thank you good bye
20978,inform,i dont care
20979,null,town
20981,request,type of food do they serve
20982,request,what is the address
20983,request,what is the address
20984,request,what is the address
20985,request,what is the address
20986,thankyou,thank you good bye
20987,inform,polynesian food
20988,inform,vietnamese
20989,inform,vietnam
20991,negate,no
20992,null,viet
20993,inform,vietnamese
20994,inform,vietnam
20995,inform,vietnamese
20996,affirm,yes
20997,request,can i get the address
20999,thankyou,thank you good bye
21000,inform,barbecue food
21001,inform,in cheap restaurant
21002,request,can you give me the address and phone number
21003,thankyou,thank you good bye
21004,inform,id like a moderately priced restaurant in the west part of town
21005,inform,i dont care
21006,request,could i have the address and phone number please
21007,request,and the phone number
21008,thankyou,thank you goodbye
21009,inform,restaurant any area japanese food
21010,affirm,yes
21011,inform,japanese
21012,null,sil
21013,null,sil
21014,inform,japanese
21015,inform,japanese
21016,affirm,yes
21017,inform,japanese
21018,null,unintelligible
21019,null,unintelligible
21020,null,unintelligible
21021,null,sil
21022,null,sil
21023,inform,japanese
21024,affirm,yes
21025,thankyou,thank you good bye
21027,thankyou,thank you good bye
21028,null,sil
21029,inform,um i dont care i just want traditional food
21030,affirm,yes
21032,reqalts,how about french
21033,null,sil
21034,reqalts,how about french
21035,affirm,yes and in french please
21036,request,what is um the address and phone number
21037,thankyou,thank you good bye
21039,inform,it doesnt matter
21040,inform,swedish
21041,reqalts,how about korean food
21042,confirm,do they serve korean food
21043,affirm,right
21044,affirm,right
21045,request,may i have the address and area
21046,request,what area
21047,thankyou,thank you good bye
21048,inform,noise restaurant west part of town danish food
21049,affirm,yes
21051,inform,indian food
21053,request,i need the address
21054,request,where is it
21055,thankyou,thank you good bye
21056,inform,i want a moderately priced restaurant in the north part of town
21057,inform,doesnt matter
21058,affirm,correct
21059,request,can i have the address please
21060,request,and the postal code
21061,request,and whats the phone number
21062,null,sil
21063,thankyou,thank you good bye
21065,inform,any area
21066,request,what kind of food does it serve
21067,request,can i get the address and zip code
21069,thankyou,thank you good bye
21070,inform,im looking for an expensive restaurant in the south part of town
21071,inform,i dont care
21072,inform,expensive
21073,request,may i have the phone number and address
21074,request,and the address
21075,thankyou,thank you good bye
21076,inform,im looking for a restaurant in the center part of town that serves unintelligible food
21077,inform,not korean unintelligible
21078,inform,not korean
21079,null,uh
21080,null,what about unintelligible food restaurants
21081,thankyou,thank you good bye
21082,inform,im looking for something expensive
21083,inform,doesnt matter
21084,inform,something serving swiss food
21085,inform,something serving swiss food
21086,affirm,yes
21087,reqalts,what about british food
21088,inform,im looking for a restaurant serving british food then
21089,negate,no
21090,request,can i have its phone number
21091,thankyou,breath thank you very much goodbye
21092,inform,moderately priced
21093,null,dont
21094,inform,dont care
21095,inform,moderate
21096,request,address
21097,request,phone number
21099,thankyou,thank you good bye
21101,inform,serving jamaican food
21102,reqalts,how about chinese food
21103,inform,uh chinese food
21104,inform,it doesnt matter
21105,request,phone number
21106,request,phone number
21107,thankyou,thank you good bye
21108,inform,i want an expensive restaurant that serves sea food
21109,request,could you repeat the restaurant name
21110,request,could you repeat the name
21112,request,what is the area
21113,thankyou,thank you good bye
21114,inform,i need a restaurant in the west part of town
21115,inform,thai
21117,request,okay whats the phone number
21118,request,and the address
21119,thankyou,thank you good bye
21120,thankyou,thank you good bye
21121,inform,im looking for a restaurant serving romanian food
21122,reqalts,what about vietnamese food
21123,reqalts,what about vietnamese food
21124,affirm,yes
21125,request,what about the address
21126,thankyou,thank you good bye
21127,inform,id like a restaurant in the south part of town
21128,reqalts,how about chinese food
21129,inform,any price range is fine
21130,request,can i have the address please
21131,thankyou,thank you good bye
21132,inform,moderately pri
21133,inform,dont care
21134,inform,catalan
21135,inform,spanish
21136,inform,spanish
21137,inform,spanish food
21139,affirm,um yes
21140,inform,spanish
21141,inform,spanish
21142,affirm,yes
21143,affirm,yes
21144,inform,catalan
21146,request,serves what
21147,null,noise
21148,request,addre
21149,request,phone number
21150,null,unintelligible
21151,request,post code
21152,thankyou,thank you goodbye
21153,inform,im looking for a moderately priced restaurant and it should be in the north of town
21154,inform,i dont know
21157,thankyou,thank you good bye
21158,inform,i need a moderately priced restaurant in the north of town
21159,inform,i dont care
21160,request,phone number
21161,request,phone number
21162,thankyou,thank you good bye
21163,inform,im looking for something serves japanese food
21164,request,whats the phone number for that restaurant
21165,request,whats the post code
21166,thankyou,thank you good bye
21167,null,sil
21168,inform,north
21169,inform,moderately priced
21170,inform,moderately priced food in the north part of town
21172,request,what is their phone number
21173,thankyou,thank you good bye
21174,null,noise
21175,inform,noise looking for an expensive restaurant
21176,inform,any
21177,inform,jamaican
21179,null,noise
21180,request,whats the address
21181,null,noise
21183,null,noise
21184,null,noise
21185,request,noise what is the area
21187,null,noise
21188,null,noise
21189,null,noise
21190,null,noise
21191,thankyou,thank you good bye
21192,inform,i want to find a moderately priced restaurant that serves canapes food
21193,null,sil
21194,null,sil
21195,confirm,does it serve canapes food noise
21196,inform,tv_noise im looking for a restaurant in the moderately pri
21199,inform,noise are there any venues that serve indian type food
21200,reqalts,is there any restaurants that serve indian food
21202,affirm,right
21204,null,sil
21205,null,sil
21206,null,sil
21207,request,may i have the phone number talking
21208,null,sil
21209,null,sil
21210,request,may i have the phone number
21211,null,sil
21212,null,sil
21213,request,may i have the phone number
21214,thankyou,thank you goodbye
21215,null,noise
21216,inform,south part
21217,affirm,right
21218,inform,moderate
21221,request,address
21222,thankyou,thank you good bye
21224,affirm,yes
21225,inform,english food
21226,inform,italian food
21227,inform,italian food
21228,inform,any
21230,thankyou,thank you good bye
21231,inform,im looking for an expensive restaurant in the south part of town
21232,inform,any kind of food
21233,request,may i have the phone number please
21234,thankyou,thank you good bye
21238,request,okay whats the phone number
21239,thankyou,um thank you good bye
21240,thankyou,thank you good bye
21241,inform,moderately priced restaurant
21243,null,sil
21244,reqalts,how about european food
21245,reqalts,how about european food
21246,null,sil
21247,request,address and post code
21248,request,post code
21249,thankyou,thank you good bye
21250,hello,hello and welcome to the cambridge
21251,inform,any part
21252,inform,i dont care about the price range
21253,reqalts,how about mediterranean food
21254,inform,mediterranean food
21256,request,could i have the address
21257,thankyou,thank you good bye
21258,inform,barbecue
21259,null,noise
21260,inform,italian
21261,negate,no
21262,negate,no
21263,inform,italian food
21264,inform,any price range
21265,negate,no
21266,negate,no
21267,request,phone number
21268,request,phone number
21269,thankyou,thank you good bye
21270,inform,im looking for a cheap restaurant that serves vietnamese food
21271,request,what is the address
21272,request,and the post code
21273,thankyou,thank you good bye
21274,hello,hi looking for a moderately priced restaurant
21275,inform,west part of town
21276,null,noise
21278,request,what is the address
21280,thankyou,thank you good bye
21281,inform,expensive restaurant scottish food
21282,inform,british expensive
21283,affirm,yeah
21284,inform,doesnt matter
21285,null,sil
21286,null,expe
21287,null,sil
21288,null,sil
21289,null,sil
21290,request,phone number
21291,request,phone number
21292,request,price range
21293,thankyou,thank you goodbye
21294,null,noise
21296,inform,any
21297,inform,hungarian
21298,request,address
21299,request,address
21300,request,phone number
21301,thankyou,thank you good bye
21302,null,whats the
21303,null,unintelligible
21304,null,system
21305,null,system
21306,null,system
21307,null,system
21308,null,system
21309,null,system
21310,null,system
21311,null,system
21312,null,system
21313,inform,i dont care
21315,inform,system european food
21316,null,system
21317,null,system
21318,request,address and phone number
21319,null,system
21320,null,system
21321,thankyou,thank you good bye
21322,inform,in the east part
21323,inform,east part
21324,request,i need an address
21325,request,and the phone number
21326,thankyou,thank you good bye
21328,inform,west
21329,thankyou,thank you good bye
21330,null,arts town
21331,inform,west
21332,affirm,yes
21333,inform,dont care
21334,inform,moderate
21335,null,unintelligible
21336,thankyou,thank you good bye
21337,inform,south expensive
21338,inform,south
21339,inform,any
21340,request,whats the address
21342,thankyou,thank you good bye
21343,inform,malaysian food
21344,inform,mediterranean
21345,inform,north
21346,thankyou,thank you good bye
21347,null,sil
21348,inform,center
21349,inform,french
21350,null,sil
21351,request,what is the address
21352,thankyou,thank you good bye
21353,inform,moderately priced restaurant
21354,affirm,yes
21355,request,phone number
21356,request,can i have the phone number
21357,request,and the address
21358,thankyou,thank you good bye
21359,null,sil
21360,inform,south
21361,inform,south part of town
21362,request,phone number
21363,request,price range
21364,inform,moderate price range please
21365,request,phone number
21366,thankyou,thank you good bye
21367,affirm,yes i am in the east part of town right now and i am looking for any place that serves indonesian food
21369,reqalts,ok how about chinese food
21370,reqalts,how about chinese food
21371,reqalts,ok if there is no restaurant serving indonesian food how about a restaurant serving chinese food
21373,null,oh boy
21374,null,um
21377,affirm,yes
21379,thankyou,thank you good bye
21380,inform,turkish
21381,inform,south
21382,inform,south
21383,inform,south
21384,thankyou,thank you good bye
21385,inform,im looking for a restaurant in any area that serves welsh food
21389,thankyou,thank you good bye
21390,inform,cheap restaurant north part of town
21391,inform,any
21392,inform,cheap
21393,request,phone number and address
21394,thankyou,thank you good bye
21395,inform,cheap restaurant in the south part of town
21396,inform,any
21397,request,phone number
21398,request,phone number
21399,thankyou,thank you good bye
21400,inform,i want vegetarian food
21401,inform,it doesnt matter
21402,inform,vegitarian
21404,affirm,yes
21405,affirm,yes
21406,inform,i need to find a restaurant in the north part of town that serves jamaican food
21407,inform,jamcian food
21408,reqalts,how about an indian restaurant in the north part of town
21411,request,i need the address phone number and price range
21412,request,what is the price range
21413,thankyou,thank you good bye
21415,request,phone number
21416,thankyou,thank you goodbye
21417,inform,a cheap restaurant in the south part of town
21418,inform,i dont care
21420,request,whats the address
21421,request,whats the type of food
21422,request,what type of food
21423,thankyou,thank you goodbye
21424,inform,im looking for a restaurant in the center that serves caribbean food
21425,reqalts,how about international food
21426,request,phone number
21427,thankyou,thank you good bye
21428,inform,i would like to find a moderately priced restaurant in the north part of town
21429,affirm,yes
21430,inform,and moderately priced
21432,request,what is the phone number and post code
21433,thankyou,thank you good bye
21434,inform,any part of town
21435,inform,seafood
21436,inform,seafood
21437,inform,any price range
21438,affirm,yes
21439,inform,sea food
21440,thankyou,thank you good bye
21441,affirm,uh yes can i find a restaurant in the east part of town that serves chinese
21442,inform,chinese
21443,request,and can i get the address
21444,request,and the phone number
21445,thankyou,and thats all thank you and good bye
21446,inform,french food
21447,inform,i dont care
21448,inform,i dont care
21449,inform,french food
21450,inform,expensive restaurant
21451,affirm,yes
21452,reqalts,anything else
21453,request,phone number
21454,request,phone number
21455,request,restaurant two two phone number
21456,reqalts,anything else
21457,request,and the phone number
21458,request,post code
21459,thankyou,thank you good bye
21460,inform,im looking for a restaurant in any area of town that serves belgium food
21461,reqalts,how about korean food
21462,inform,korean food
21463,request,what is the address and price range
21464,null,what is the
21465,thankyou,thank you good bye
21466,inform,a restaurant in the east part of town that serves caribbean food
21467,inform,caribbean food
21471,inform,im looking for a restaurant in the west park of town that serves australian food
21472,inform,australian
21473,reqalts,how about vietnamese
21475,thankyou,thank you good bye
21476,inform,looking for a moderately priced restaurant that serves unusual food
21477,reqalts,what about european food
21478,request,whats the address and post code
21479,request,post code
21480,thankyou,thank you good bye
21481,inform,im looking for a restaurant in the south part of town that serves pan asian food
21483,reqalts,how about italian food
21484,inform,a restaurant in the south part of town serving italian food
21485,inform,i dont care
21486,request,and phone number
21487,thankyou,thank you goodbye
21489,inform,cheap
21491,request,uh could i have the phone number
21492,request,how about the address
21493,thankyou,thank you good bye
21494,hello,music hello
21496,inform,chinese
21497,inform,chinese
21498,null,the addre
21502,thankyou,thank you goodbye
21503,inform,asian
21504,inform,asian
21505,inform,asian oriental
21506,request,phone number
21507,request,address
21508,null,noise
21509,request,address
21510,thankyou,thank you good bye
21511,inform,cheap restaurant in the north part of town
21512,inform,anything
21513,null,sil
21514,inform,doesnt matter
21515,reqalts,anything else
21516,request,address
21517,request,phone number
21518,request,address
21519,request,address
21520,thankyou,thank you good bye
21522,null,unintelligible
21523,inform,west
21524,request,phone number
21525,request,address
21526,request,phone number
21527,null,sil
21528,request,phone number
21529,request,address
21531,thankyou,thank you good bye
21532,null,noise
21534,inform,doesnt matter
21535,reqalts,what about british food
21536,request,can i have the address phone number
21537,thankyou,thank you good bye
21538,inform,korean
21539,request,what is the address
21540,request,phone number
21541,thankyou,thank you good bye
21542,inform,portuguese food
21543,request,whats the address
21544,thankyou,thank you good bye
21545,null,sil
21546,inform,belgium food
21547,inform,thai
21549,inform,thai
21552,request,phone number
21553,request,telephone number
21554,request,price range
21555,thankyou,thank you good bye
21556,inform,i want brazilian food
21557,null,care
21558,request,what is the address and phone number
21559,thankyou,thank you good bye
21560,thankyou,thank you good bye
21561,inform,im looking for a restaurant in the north part of town
21562,affirm,yes
21563,null,noise
21564,null,noise
21565,inform,i want a restaurant in the north part of town
21566,inform,im looking for a restaurant that serves japanese food in the north part of town
21567,request,what is the address
21568,request,and whats the phone number
21569,request,and whats the price range
21570,thankyou,thank you good bye
21571,inform,im looking for an expensive restaurant in the south part of town
21572,inform,any food
21573,inform,any kind of food
21574,request,what is the address
21577,thankyou,thank you good bye
21579,inform,uh it doesnt matter
21580,reqalts,do you have anything else
21581,request,alright do you have the phone number for that one
21582,request,okay what about the post code
21583,thankyou,okay thank you
21584,thankyou,thank you good bye
21585,thankyou,thank you good bye
21586,null,unintelligible
21587,null,unintelligible
21588,null,unintelligible
21590,thankyou,thank you good bye
21591,affirm,uh huh
21592,inform,cheap restaurant north part of town
21593,affirm,yes cheap restaurant
21594,inform,north part of town
21595,request,noise address
21596,null,noise
21597,null,noise
21598,null,tell me number
21599,thankyou,thank you good bye
21600,inform,im looking for a cheap restaurant in the north part of town
21601,inform,north
21602,reqalts,anything else
21603,reqalts,anything else
21604,reqalts,anything else
21607,request,what type of food does it serve
21608,request,address
21609,request,address
21610,request,what is the address
21611,request,the phone number
21612,thankyou,thank you good bye
21613,affirm,yea whats the address
21614,request,whats the post code
21615,thankyou,thank you good bye
21616,hello,hi im looking for a restaurant that serves lebanese food
21617,affirm,yes
21618,request,okay and the phone number
21619,thankyou,okay thank you bye
21620,null,noise
21621,inform,cheap
21622,inform,south
21623,request,address
21624,request,post code
21625,thankyou,thank you good bye
21627,thankyou,thank you good bye
21628,inform,brazilian food
21630,request,what is the address and phone number
21631,thankyou,thank you good bye
21632,null,unintelligible
21633,null,unintelligible
21634,null,unintelligible
21635,inform,moderate
21638,request,whats its phone number
21640,bye,goodbye
21641,inform,cheap restaurant in the west part of town
21643,request,phone number
21644,thankyou,thank you good bye
21645,inform,expensive restaurant tuscan food
21646,null,unintelligible
21649,inform,okay change restaurant
21650,negate,no
21651,null,noise
21652,thankyou,thank you good bye
21653,thankyou,thank you good bye
21654,null,noise
21655,null,noise
21656,thankyou,thank you good bye
21657,null,noise
21658,thankyou,thank you good bye
21659,inform,thai
21660,inform,west
21661,request,address
21662,request,phone number
21663,request,post code
21664,thankyou,thank you good bye
21665,inform,i got to find a cheap restaurant that serves mexican food
21666,confirm,is it in the cheap price range
21667,confirm,is there a cheap restaurant that serves vietnamese food
21668,request,can i please have their phone number
21669,thankyou,thank you good bye
21671,thankyou,thank you good bye
21672,inform,italian food
21673,inform,moderate
21674,inform,north
21675,thankyou,thank you good bye
21676,inform,im looking for an expensive restaurant in the south part of town
21677,inform,i dont care
21678,request,is it what price range
21681,reqalts,anything else
21682,request,what is the address
21683,request,what is the address
21684,thankyou,thank you goodbye
21685,inform,looking for something with gastropub on the east side of town
21686,inform,gastropub
21687,request,good whats the address
21688,request,cool give me that phone number
21689,thankyou,thank you good bye
21690,null,unintelligible
21691,inform,cantonese food
21692,inform,british food
21693,inform,west
21694,thankyou,thank you good bye
21695,inform,i want to find a cheap restaurant that serves
21696,inform,tuscan food
21697,reqalts,how about italian food
21698,request,can i have the address and phone number
21699,thankyou,thank you good bye
21700,inform,i dont care
21702,request,can i get the address
21703,request,and what is their phone number
21704,null,sil
21705,null,and can
21706,request,can i get their post code
21707,thankyou,thank you good bye
21708,inform,vietnamese food in any area
21709,affirm,yes
21710,affirm,yes
21711,request,the phone numeber
21712,request,the post code
21713,thankyou,thank you good bye
21714,inform,im trying to find a cheap restaurant in the east of town
21715,inform,cheap
21716,confirm,is it in the east of town
21717,request,what is the address and post code
21718,request,what is the address
21719,request,what is the address
21720,thankyou,thank you good bye
21721,affirm,yes could you recommend me a place that serves british food in a moderate price range
21722,inform,british food
21723,inform,in a moderate price range
21724,inform,doesnt it does not matter
21725,request,great could you tell me the address and phone number to that place
21727,thankyou,thank you goodbye
21728,inform,restaurant
21729,inform,any
21730,inform,traditional food
21731,inform,italian food
21732,inform,italian food
21733,inform,cheap
21734,request,address
21735,request,phone number
21736,thankyou,thank you good bye
21737,inform,expensive restaurant in the south part of town
21738,inform,any
21739,request,address
21741,thankyou,thank you good bye
21742,null,unintelligible
21743,inform,south part
21744,inform,expensive
21745,inform,expensive
21746,inform,expensive
21747,affirm,yes
21748,request,address
21749,inform,expensive
21750,null,sil
21751,affirm,yes address
21752,request,phone number
21753,thankyou,thank you goodbye
21754,thankyou,thank you goodbye
21755,null,sil
21756,thankyou,thank you goodbye
21757,thankyou,thank you goodbye
21758,inform,moderate
21759,inform,moderate
21760,thankyou,thank you goodbye
21761,thankyou,thank you goodbye
21763,inform,im looking for a cheap restaurant in the east part of town
21764,request,can i get the phone number and address
21765,thankyou,thank you good bye
21766,inform,moderately priced west part of town
21767,request,phone number
21768,request,the address
21769,thankyou,thank you good bye
21771,reqalts,i hate golden wok is there anything else
21772,affirm,yes
21773,reqalts,are there any other restaurants
21775,request,whats the type of food they serve
21776,request,what type of food is it
21777,thankyou,alright thank you bye
21778,inform,i would like to find a restaurant in the north part of town that serves kosher food
21779,inform,italian food
21780,request,can i have their address and phone number
21781,request,how about the address
21782,thankyou,great thank you good bye
21783,inform,restaurant in the center
21784,inform,serving romania food
21785,null,noise
21786,inform,modern european
21787,request,address
21788,request,address
21789,thankyou,thank you good bye
21790,inform,gastropub
21791,inform,gastropub
21792,inform,gastropub food
21793,request,what is the address
21794,request,what is the address
21795,null,sil
21797,thankyou,thank you good bye
21798,null,noise
21799,inform,polynesian food east of town
21800,reqalts,what about indian
21801,inform,in the east of town
21802,request,whats the address
21803,request,phone number
21804,thankyou,thank you good bye
21805,inform,looking for moderately priced restaurant in the north part of town
21806,request,what is the address
21807,thankyou,thank you good bye
21808,inform,im looking for a moderately priced restaurant that serves austria asian food
21809,affirm,yes
21810,inform,what about modern european
21812,null,noise
21813,null,sil
21814,null,sil
21815,thankyou,thank you good bye
21816,inform,im looking for a restaurant in the north part of town that serves korean food
21817,reqalts,what about any area
21818,reqalts,what about any area
21819,request,whats the address
21821,thankyou,thank you good bye
21822,inform,can i have a british restaurant in the east please
21823,inform,moderate
21824,thankyou,thank you good bye
21827,thankyou,thank you good bye
21829,inform,it doesnt matter
21830,inform,i need thai food
21831,negate,no thai food
21835,reqalts,what else do you have
21836,negate,no
21839,inform,not chinese food thai food
21840,negate,no thai food
21842,inform,thai
21843,inform,thai
21844,inform,thai
21845,request,alright whats their address
21846,request,their address
21847,request,and their phone number
21848,request,and the price range
21849,thankyou,thank you goodbye
21851,inform,a restaurant in the center that serves mediterranean food
21852,request,could i have the address and phone number please
21853,thankyou,thank you good bye
21855,inform,cheap
21856,request,can i get a phone number please
21857,thankyou,thank you good bye
21858,inform,spanish food
21859,inform,any
21860,inform,any price range
21862,request,whats the address
21863,inform,moderate price range
21864,inform,spanish
21865,thankyou,thank you good bye
21866,inform,traditional food
21867,inform,traditional
21868,inform,spanish food
21869,inform,spanish
21871,request,address
21872,request,price range
21873,thankyou,thank you good bye
21874,inform,im looking for a restaurant in the center of town
21875,inform,romanian
21876,inform,asian oriental
21877,null,unintelligible
21879,thankyou,thank you good bye
21880,inform,jamaican food
21881,inform,mediterranean
21882,inform,cheap
21883,inform,mediterranean
21884,request,what is the phone number and post code
21885,thankyou,thank you good bye
21886,inform,food type
21887,inform,i dont care
21888,inform,french food
21889,request,address
21890,request,area
21891,request,what area of town
21893,thankyou,thank you good bye
21894,inform,a cheap restaurant in the south part of town
21895,negate,no is there anything else
21897,bye,alright good bye thank you
21898,request,price range
21899,inform,any
21900,inform,austrian food
21901,inform,chinese
21902,request,address
21903,request,phone number
21904,request,post code
21905,inform,jamaican food
21906,inform,i dont care
21907,inform,jamaican food
21908,inform,jamaican food
21909,inform,portuguese food
21910,request,phone number
21911,request,and the address
21912,thankyou,thank you good bye
21913,request,could i have the address and phone number
21914,thankyou,thank you good bye
21915,inform,expensive restaurant in the south part of town
21916,inform,expensive
21917,inform,any
21918,request,phone number
21920,null,cough
21921,inform,im looking for a restaurant in the north part of town that serves european food
21923,request,what is the price range
21925,request,what is the address
21926,thankyou,thank you good bye
21927,inform,expensive restaurant
21928,inform,any
21929,inform,south
21930,request,what is the phone number and post code
21931,request,what is the post code
21932,thankyou,thank you good bye
21933,inform,restauarant south part of town vanessa food
21934,affirm,yes
21935,thankyou,thank you good bye
21936,null,noise
21938,confirm,is it in the south part
21939,reqalts,how about the south part of town
21940,request,whats the address
21941,thankyou,thank you good bye
21942,inform,im looking for a moderately priced restaurant in the north part of town
21943,reqalts,um is there anything else
21944,reqalts,is there anything else besides golden wok
21947,thankyou,thank you good bye
21948,inform,swedish food
21949,inform,center
21950,inform,swedish
21951,inform,india
21953,request,address
21954,thankyou,thank you good bye
21955,inform,im looking for a restaurant in the center that serves romanian food
21956,inform,romanian
21957,confirm,is it in the center
21959,thankyou,thank you good bye
21960,inform,moderately
21961,inform,any
21962,inform,moderately
21963,inform,moderately
21964,inform,south
21965,inform,moderately
21966,request,address
21967,request,phone number
21968,thankyou,thank you good bye
21971,request,can i have the address and phone number please
21972,request,could i have their phone number as well
21973,thankyou,thank you good bye
21975,reqalts,anything else
21976,affirm,yes
21977,reqalts,anything else
21978,request,can i get the address and type of food
21980,thankyou,thank you good bye
21981,inform,ya im looking for a restaurant serving persian food
21982,inform,persian
21983,confirm,okay is it in the north side of town
21984,request,awesome um whats the number
21986,thankyou,thank you goodbye
21987,thankyou,oh my god thank you goodbye
21988,inform,expensive restaurant
21989,inform,catalan
21990,inform,any
21991,request,address
21992,request,address
21993,request,phone number
21994,request,phone number
21995,request,area
21996,request,area
21997,thankyou,thank you good bye
21998,inform,i want a restaurant in the center
21999,inform,i want english food in the center of town
22000,inform,is there mediterranean food
22001,request,what is the address
22002,request,what is the address
22004,thankyou,thank you good bye
22005,inform,venetian
22006,inform,center
22007,inform,vegetarian
22008,inform,asian oriental
22009,request,phone number
22010,request,phone
22011,request,phone number
22012,request,phone number
22013,thankyou,thank you good bye
22014,inform,im looking for a restaurant in the west part of town that should serve english food
22015,inform,i dont care
22016,inform,english
22017,inform,british
22018,request,phone number
22019,request,price range
22020,thankyou,thank you good bye
22022,thankyou,thank you good bye
22023,negate,no
22024,inform,i dont care
22025,thankyou,thank you good bye
22026,thankyou,thank you good bye
22027,bye,goodbye
22028,null,sil
22029,inform,im looking for turkish food
22030,request,what kind of food does it serve
22031,inform,im looking for turkish food
22032,inform,turkish
22033,inform,turkish
22035,request,whats the address
22037,null,unintelligible
22039,thankyou,thank you good bye
22040,inform,im looking for swedish food
22042,request,what is the address
22043,request,what is the price range
22045,request,what is the post code
22046,thankyou,thank you good bye
22048,thankyou,thank you good bye
22049,inform,cheap restaurant in the east part of town
22050,request,could i have the address
22051,thankyou,thank you good bye
22053,reqalts,how about european food
22054,confirm,is it moderately priced
22055,affirm,uh yes
22058,request,whats the address
22059,request,um kay whats the post code
22060,thankyou,thank you good bye
22063,thankyou,okay thank you
22064,negate,no
22065,negate,no thank you
22066,inform,im looking for a restaurant in the center of town that serves romanian food
22067,inform,romanian
22068,reqalts,okay what about a a modern european
22070,inform,it doesnt matter
22071,request,ah could you give me the address
22072,thankyou,thank you goodbye
22073,inform,i would like to find a restaurant in the north part of town
22075,inform,italian
22076,inform,italian food
22077,inform,ok i would like to find a restaurant that serves italian food
22078,request,whats the address
22079,request,and the phone number
22080,thankyou,thank you goodbye
22081,inform,im looking for an expensive restaurant and it should be east part of town
22082,inform,any
22083,confirm,is it expensive
22084,request,whats the address
22086,request,what type of food
22087,thankyou,thank you good bye
22088,inform,restaurant in the north part of town that serves turkish food
22089,inform,asian oriental type of food
22090,request,what is the address
22092,thankyou,thank you good bye
22093,inform,im looking for a restaurant that serves mexican food
22095,request,do you have the phone number of the address
22096,thankyou,thank you good bye
22097,null,noise
22098,inform,im looking for a thai food restaurant and i dont care the price
22101,repeat,go back
22102,null,okay
22103,null,i dont want pizza
22104,null,breathing
22105,thankyou,thank you good bye
22107,thankyou,thank you good bye
22109,inform,any
22110,request,what is the address
22111,thankyou,thank you goodbye
22112,inform,um im looking for something in the west thats moderately priced
22113,inform,i dont care
22114,inform,west
22115,request,what type of food
22116,request,can i get the address
22117,thankyou,thank you good bye
22118,inform,im looking for a restaurant in the north part of town that serves french food
22120,inform,french food
22121,request,um whats the price range
22123,request,can i have the address and phone number
22125,thankyou,thank you good bye
22127,inform,indian food
22128,request,address
22129,request,phone number
22130,request,phone number
22131,request,phone number
22132,thankyou,thank you good bye
22133,inform,do you have christmas food
22134,inform,um north american food
22135,request,um whats the price range
22136,affirm,yes the address
22137,request,and the phone number
22138,request,and whats the post code
22139,thankyou,thank you good bye
22140,inform,sea food
22141,inform,sea food
22142,request,price range
22143,inform,sea food
22144,request,address
22145,null,sil
22146,request,address
22147,request,address
22148,thankyou,thank you good bye
22149,inform,im looking for an expensive restaurant that serves belgium food
22150,reqalts,what about european food
22151,request,what is the address
22153,request,what is the area
22154,thankyou,thank you good bye
22155,inform,could i have brazilian food
22156,inform,korean food type
22157,inform,korean food
22158,inform,korean
22159,inform,korea
22161,thankyou,thank you good bye
22163,inform,in the north part of town
22164,thankyou,thank you good bye
22165,inform,looking for a cheap restaurant
22166,inform,north
22167,inform,cheap
22168,request,what is the phone number and address
22169,request,address
22170,thankyou,thank you good bye
22171,inform,im looking for an expensive restaurant
22172,inform,in the north part of town
22173,inform,im looking for an expensive restaurant in the south part of town
22174,inform,i dont care
22175,request,what is the address and phone number
22177,thankyou,thank you good bye
22178,inform,im looking for an expensive restaurant in the south part of town
22179,null,unintelligible
22181,reqalts,uh is there any other
22182,reqalts,anything else
22183,null,is there
22185,null,unintelligible
22188,thankyou,okay thank you good bye
22189,inform,expensive
22190,inform,south
22191,inform,dont care
22192,request,what is the address
22193,thankyou,thank you good bye
22194,inform,expensive restaurant it should serve persian food
22195,inform,european type of food
22196,request,address
22197,request,phone number
22198,request,area
22199,request,area of venue
22200,thankyou,thank you good bye
22201,inform,im looking for an expensive restaurant that serves french food
22203,reqalts,is there another place
22204,request,what is the address
22205,request,and the phone number
22206,thankyou,thank you good bye
22208,request,address
22211,thankyou,thank you good bye
22212,inform,im looking for an expensive restaurant
22213,null,um that serves
22214,inform,im looking for an expensive restaurant that serves turkish food
22215,request,whats the post code
22216,thankyou,thank you good bye
22218,inform,north
22219,request,address
22220,request,address
22221,request,phone number
22222,thankyou,thank you good bye
22223,inform,i want to find a moderately priced restaurant that serves vietnamese food
22225,inform,any
22226,request,whats the address
22227,thankyou,thank you goodbye
22228,null,sil
22229,null,i want
22230,inform,i want to find a restaurant in the center
22231,confirm,does it serve fusion food
22233,reqalts,how about european food
22235,request,what is the post code
22236,null,unintelligible
22237,null,noise
22238,request,what is the post code
22239,inform,i dont care
22240,request,where is the phone number
22241,thankyou,thank you goodbye
22242,inform,restaurant
22244,inform,expensive
22245,confirm,is it expensive
22246,request,address
22247,request,phone number
22248,thankyou,thank you good bye
22249,inform,irish
22250,inform,irish fdod
22253,inform,modern european
22254,request,address
22255,request,phone number
22256,thankyou,thank you good bye
22257,inform,barbecue food
22259,negate,no italian food
22260,inform,um doesnt matter if its in the center of the town
22261,null,um
22262,reqalts,how about italian food
22263,inform,doesnt matter
22264,request,and their phone number
22265,thankyou,thank you good bye
22266,null,unintelligible
22267,inform,cheap
22268,inform,north
22269,inform,north
22270,request,address
22271,inform,north
22272,null,unintelligible
22273,thankyou,thank you good bye
22275,inform,any where
22276,inform,mediterranean
22277,request,price range
22278,request,address and phone number
22280,inform,any
22281,inform,south
22282,inform,expensive
22283,inform,would like expensive
22284,inform,south part of town
22285,inform,south
22286,request,phone number
22287,inform,south part of town
22288,inform,dont care
22289,inform,north
22290,inform,south
22291,inform,west
22292,reqalts,other
22293,inform,west
22294,inform,i dont care
22295,inform,south
22296,thankyou,thank you goodbye noise
22297,request,address
22298,inform,south
22299,thankyou,thank you goodbye
22300,inform,south part of town
22301,inform,expensive
22302,reqalts,anything else
22303,reqalts,anything else
22304,request,address
22305,request,phone number
22307,thankyou,thank you good bye
22308,null,unintelligible
22310,request,the phone number and post code
22311,thankyou,thank you goodbye
22312,inform,cheap
22313,inform,dont care
22314,request,address
22315,request,phone number phone number
22316,thankyou,thank you good bye
22317,inform,christmas food west of town
22318,inform,christmas food
22319,reqalts,what about british food
22320,request,whats the address
22321,request,phone number
22322,request,price range
22324,thankyou,thank you good bye
22325,inform,looking for something moderately priced on the north side of town
22326,request,good whats the address
22328,thankyou,thank you good bye
22329,inform,i want an expensive restaurant in the east part of town
22330,inform,dont care
22331,confirm,is it expensive
22334,request,whats the address phone number and post code
22335,request,what is the post code
22336,thankyou,thank you good bye
22337,inform,i am looking for an expensive restaurant that serves australian food
22338,inform,i am looking for an expensive restaurant that serves australian food
22339,affirm,ye
22341,request,what is the area
22342,request,what is the phone number a
22343,request,what is the area of the venue
22344,thankyou,thank you goodbye
22345,inform,im looking for a cheap restaurant in the east part of town that serves gastropub food
22347,thankyou,thank you good bye
22349,request,west is the address and phone number
22350,thankyou,thank you good bye
22351,inform,looking for a sea food restaurant
22352,inform,i dont care
22353,null,noise
22354,request,whats the address
22356,request,what kind of food does it serve
22357,inform,im looking for a sea food restaurant
22358,confirm,does it serve sea food
22359,inform,im looking for a sea food restaurant
22360,thankyou,thank you good bye
22361,inform,i want to find a restaurant in the center and it should serve corsica food
22362,reqalts,how about north american type of food
22363,reqalts,how about north american type of food
22365,thankyou,thank you good bye
22367,reqalts,how about one that serves british food
22368,request,what is the address and phone number
22369,request,what is the price range
22370,thankyou,thank you good bye
22372,inform,spanish food
22373,request,what is the address
22375,request,what is the area
22376,thankyou,thank you good bye
22378,inform,moroccan food
22379,reqalts,okay how about indian food
22380,request,what is the address
22381,thankyou,thank you goodbye
22382,inform,i need a restaurant in the west part of town
22383,inform,uh it doesnt matter
22384,inform,expensive
22385,inform,japanese
22386,inform,italian
22387,inform,cheap
22388,null,okay
22389,inform,west
22390,inform,moderate
22391,request,phone number
22392,thankyou,thank you good bye
22394,request,phone number
22395,null,sil
22397,request,what type of food
22398,thankyou,thank you good bye
22400,inform,any
22401,inform,south
22402,reqalts,anything else
22403,reqalts,anything elses
22404,reqalts,another
22405,inform,dont care
22406,inform,um do not care
22407,inform,i dont care bye
22408,null,sil
22409,request,phone number
22410,inform,south part of town
22411,request,address
22412,thankyou,thank you good bye
22413,inform,im looking for a moderately priced restaurant in the north part of town
22415,reqalts,anything else
22416,request,can i get their phone number
22417,request,type of food do they serve
22418,thankyou,thank you good bye
22419,inform,um i would like to find an expensive restaurant in the south part of town
22420,inform,um it doesnt matter
22422,repeat,can you repeat that
22423,null,sil
22424,request,can you repeat the address please
22428,request,can i have their phone number
22429,request,and the post code
22430,thankyou,thank you good bye
22431,inform,im looking for a cheap restaurant in the north part of town
22432,request,address and phone number
22433,request,phone number
22434,request,phone number
22435,thankyou,thank you goodbye
22436,null,noise
22437,inform,um im looking for a cheap restaurant
22438,inform,vietnamese
22439,reqalts,is there another
22440,request,and the address
22441,request,what area is that
22442,thankyou,thank you good bye
22443,null,noise
22444,null,unintelligible
22446,inform,system irish food
22447,null,system
22448,inform,im looking for a cheap restaurant in the south part of the town
22449,request,could i get their address and phone number
22450,thankyou,thank you good bye
22451,null,noise
22452,inform,north
22453,inform,cheap
22455,thankyou,thank you good bye
22456,inform,im looking for a cheap restaurant that serves malaysian food
22457,inform,is there any that serve european food
22458,thankyou,thank you good bye
22459,inform,swiss food
22460,inform,any
22461,request,address
22462,request,address
22463,thankyou,thank you good bye
22464,null,sil
22465,inform,im looking for a re
22466,inform,in the center of town
22467,inform,im looking for romanian food
22468,reqalts,what about asian oriental food
22470,thankyou,thank you good bye
22471,null,sil
22472,inform,cheap
22473,request,phone number
22474,request,address
22475,thankyou,thank you good bye
22477,reqalts,okay how about chinese food
22478,inform,uh chinese
22479,request,okay and whats the price range
22480,request,okay and price range
22481,request,and whats their address
22482,thankyou,okay thank you good bye
22483,inform,im looking for a restaurant in the north part of town
22484,inform,moderate price range
22486,thankyou,okay thank you good bye
22487,inform,i want a restaurant
22488,null,that serves
22490,inform,north american
22491,inform,north american food
22492,request,what is the address
22494,request,what is the price range
22495,thankyou,thank you good bye
22496,inform,chinese restaurant in the south part of town
22497,inform,chinese
22499,thankyou,thank you good bye
22500,inform,find restaurant in north part of town serving asian food
22501,inform,doesnt matter
22502,inform,doesnt matter
22503,request,what is the address and phone number
22504,null,cough
22505,request,what is the address
22506,thankyou,thank you good bye
22507,inform,im looking for a cheap restaurant in the north part of town
22508,request,can i have the phone number
22509,null,unintelligible
22510,null,unintelligible
22511,null,unintelligible
22512,inform,indian food
22513,request,address
22514,request,phone number
22515,request,price range
22516,thankyou,thank you good bye
22517,inform,gastropub
22518,inform,dont care
22519,request,address
22520,request,address
22521,thankyou,thank you good bye
22522,inform,north part of town
22523,inform,dont care
22524,inform,christmas food
22525,null,sil
22527,inform,asian oriental
22528,request,address
22529,request,address
22530,request,phone number
22531,thankyou,thank you goodbye
22532,inform,im looking for a restaurant in the south part of town it should serve jamaican food
22533,inform,south
22534,inform,i dont care
22535,request,what is the address
22536,request,what type of food does it serve
22537,inform,do you have jamaican restaurant
22538,thankyou,okay thank you good bye
22540,null,pizza
22541,inform,steak
22542,reqalts,anything else
22543,request,what is the address phone number and type of food
22544,request,what type of food
22545,thankyou,thank you good bye
22547,inform,west
22548,inform,welch food
22549,inform,british food
22550,request,phone number
22551,request,address
22552,request,price range
22553,thankyou,thank you goodbye
22554,inform,center
22555,inform,center
22556,inform,italian
22557,inform,italian food
22558,request,telephone number
22559,request,price range
22560,request,price
22561,request,price range
22562,request,phone number
22563,thankyou,thank you good bye
22564,inform,any
22565,request,address
22566,thankyou,thank you good bye
22567,inform,i want an irish restaurant thats expensive
22568,reqalts,how about italian
22569,request,whats the address phone number and area
22570,thankyou,thank you good bye
22572,inform,dont care
22573,confirm,is it moderately priced
22574,confirm,is it moderately priced
22575,request,whats the address
22576,null,noise
22577,null,noise
22578,request,whats the address
22579,request,whats the address
22580,thankyou,thank you good bye
22581,inform,moderately priced
22582,inform,indian food
22583,reqalts,anything else
22584,reqalts,anything else
22585,reqalts,is there anyone else
22586,request,phone number
22587,thankyou,thank you good bye
22588,inform,moderately priced restaurant
22589,inform,any
22590,inform,south
22591,thankyou,thank you good bye
22592,inform,i want to find a restaurant in the east part of town that serves basque food
22594,request,what is the address
22595,request,and the telephone number
22596,thankyou,thank you good bye
22598,request,whats the address
22600,thankyou,thank you good bye
22602,inform,austrian food
22603,reqalts,what about turkish food
22605,thankyou,thank you good bye
22606,inform,expensive restaurant that serves vegetarian food
22607,thankyou,thanks us
22608,inform,vegetarian food
22609,inform,asian oriental type of food
22612,thankyou,thank you good bye
22613,inform,moderately priced priced restaurant
22614,inform,serving mexican food
22615,request,address and postcode
22616,thankyou,thank you goodbye
22618,inform,italian
22619,null,how about
22620,inform,steak
22621,inform,any food that serves any restaurant thats expensive
22622,request,can i have the address and post code
22623,request,the post code
22624,thankyou,thank you goodbye
22625,inform,looking for a cheap restaurant in the east part of town
22626,request,address and phone number
22627,request,phone number
22628,thankyou,thank you good bye
22629,inform,polynesian food
22630,inform,any
22632,request,what type of venue
22633,inform,polynesian food
22634,request,address
22635,request,phone number
22636,thankyou,thank you good bye
22637,null,noise
22638,null,noise
22639,inform,i would like to find a moderately priced restaurant in the north part of town please
22640,request,um what is the address and phone number
22641,request,what is its phone number
22642,null,noise
22643,request,what is the phone number please
22644,null,noise
22645,null,noise
22646,null,noise
22647,thankyou,um thank you goodbye
22648,inform,polynesian
22649,inform,italian
22650,request,phone number
22651,request,post code
22652,thankyou,thank you good bye
22653,inform,moderately priced
22654,inform,the south part of
22655,inform,its in the south
22656,null,okay
22657,request,where is it
22658,confirm,is it in the south part of town
22659,restart,start again
22660,inform,im looking for a moderately priced restaurant
22661,null,okay
22662,confirm,is it in the south part of town
22663,request,can i have the phone number
22666,thankyou,thank you good bye
22668,affirm,yes
22669,inform,any food
22672,request,what is the address
22673,thankyou,thank you goodbye
22674,null,unintelligible
22675,null,unintelligible
22677,inform,expensive french food
22678,negate,no something else
22681,inform,expensive
22682,request,address and phone number
22683,thankyou,thank you good bye
22684,inform,cheap restaurant south part of town
22685,request,address
22686,request,phone number
22687,thankyou,thank you goodbye
22688,inform,cheap
22689,request,address
22690,request,phone number
22693,thankyou,thank you good bye
22694,null,sil
22695,inform,expensive restaurant
22696,request,whats the address
22697,request,phone number
22698,request,whats the post code
22699,thankyou,thank you good bye
22701,inform,french food
22704,request,price range
22705,thankyou,thank you good bye
22707,inform,west
22708,request,price range
22709,inform,moderate price range
22711,inform,west part of town moderately priced
22712,request,what is the phone number and address
22713,request,the address
22714,thankyou,thank you good bye
22715,null,sil
22718,null,sil
22719,inform,modern euorpean
22720,request,address
22721,thankyou,thank you good bye
22723,request,whats the address
22724,request,what type of food
22725,thankyou,thank you good bye
22726,inform,im looking for a restaurant that serves romanian food
22727,inform,dont care
22728,inform,romanian
22729,reqalts,how about thai
22730,request,what is the phone number and price range
22731,request,what is the price range
22732,thankyou,thank you good bye
22733,thankyou,thank you good bye
22734,inform,im looking for a restaurant that serves scandinavian food
22737,request,my i have the phone number
22738,thankyou,thank you good bye
22739,inform,expensive restaurant in the south part of town
22740,inform,dont care
22741,request,price range
22742,request,what is the phone number and post code
22743,thankyou,thank you good bye
22744,inform,moderately
22745,inform,moderate
22746,inform,dont care
22747,null,i want
22749,hello,serve hello food
22750,reqalts,how about asian oriental type of food
22751,request,price range
22752,request,price range
22753,request,phone number
22754,request,address
22755,request,address
22756,request,whats the address
22757,negate,no
22758,thankyou,thank you good bye
22759,inform,lebanese food
22760,request,phone number
22762,inform,im looking for a cheap restaurant in the south part of town
22763,request,im good can i have the address and phone number please
22764,request,and the phone number
22765,thankyou,thank you good bye
22766,request,address and postcode
22767,thankyou,thank you goodbye
22768,inform,cantonese food
22769,reqalts,how about thai food
22771,inform,i want thai food
22772,inform,any
22774,inform,i want thai food
22775,inform,i dont give a damn about chinese food i want thai food
22776,request,address
22778,inform,food from thailand
22780,reqalts,how about cantonese food
22781,reqalts,how about thai food
22782,request,address
22783,request,address
22784,request,phone number
22786,inform,tuscan food
22787,inform,tuscan food
22788,inform,south
22789,inform,south
22790,inform,north
22791,inform,north
22792,thankyou,thank you good bye
22794,inform,turkish
22795,request,what is the post code
22796,thankyou,thank you good bye
22797,inform,mexican food
22799,affirm,yes
22800,request,price range address phone number
22801,request,address
22802,request,phone number
22803,thankyou,thank you good bye
22804,inform,moderate
22805,inform,moderate
22806,inform,cuban
22807,inform,cuban
22808,inform,do you have cuban food
22809,reqalts,what about british
22810,request,what unintelligible the price range
22811,reqalts,how about moderate
22813,thankyou,thank you good bye
22815,inform,i dont care
22816,inform,im looking for a moderately priced restaurant
22819,inform,im looking for a moderately priced restaurant that serves scottish food
22820,inform,im looking for a moderately priced restaurant that serves british food
22821,inform,it doesnt matter
22822,request,phone number
22824,thankyou,thank you good bye
22825,inform,im looking for an expensive restaurant
22826,inform,doesnt matter
22827,thankyou,thank
22828,inform,um anything else
22829,confirm,is it the east part of town
22831,null,um
22832,thankyou,thank you good bye
22833,inform,im looking for a restaurant in north part of town serving austrian food
22834,reqalts,how about an indian restaurant
22835,reqalts,what about indian
22836,request,what is the address and phone number
22837,request,what is the price range
22838,thankyou,thank you good bye
22839,inform,im looking for a restaurant in the south part of town that serves french food
22842,inform,indian food in the south
22844,thankyou,thank you good bye
22845,inform,i need restaurant serves spanish food
22847,thankyou,thank you good bye
22848,inform,id like to find a restaurant in any area serving mediterranean food
22849,inform,mediterranean food
22850,confirm,does it serve mediterranean food
22852,thankyou,thank you good bye
22853,inform,im looking for a restaurant in the south part of town that serves greek food
22854,inform,chinese
22855,inform,chinese
22857,request,address
22858,request,address
22859,request,price range
22860,thankyou,thank you good bye
22861,inform,in the east part of town
22862,inform,moderate
22863,request,phone number
22864,null,sil
22865,request,phone number
22866,null,just a moment
22867,null,just a moment
22868,inform,i want a scottish restaurant
22869,inform,i dont care about the price range
22872,request,whats the address
22873,thankyou,thank you good bye
22874,inform,world food any price range
22875,null,noise
22876,null,noise
22877,inform,portuguese food
22878,request,the phone number
22879,request,address
22880,thankyou,thank you good bye
22881,inform,expensive french food
22882,inform,any
22883,inform,french food
22884,inform,expensive
22885,inform,expensive
22886,reqalts,anything else
22887,inform,expensive
22888,request,phone number
22889,thankyou,thank you good bye
22890,hello,hi im looking for an expensive restaurant in south part of town
22891,inform,i dont care
22892,inform,i dont care
22893,request,the address
22894,request,phone number
22895,thankyou,thank you good bye
22896,null,noise
22897,inform,cheap restaurant in the east part of town
22898,request,phone number
22899,null,noise
22900,request,phone number
22901,inform,spanish food
22902,inform,cheap
22903,request,address
22904,request,address
22905,request,phone number
22906,inform,spanish food
22907,thankyou,noise thank you goodbye
22908,hello,hi im looking for a moderately priced restaurant in the south part of town
22909,request,what is the address
22911,thankyou,thank you good bye
22912,null,noise
22913,inform,im looking for a restaurant in the north part of town
22914,inform,french
22915,request,phone number
22916,thankyou,thank you good bye
22920,request,whats the post code
22921,thankyou,thank you good bye
22922,inform,im looking for a cheap restaurant in the south part of town
22923,affirm,yes
22924,request,what type of food
22925,request,what is the address and phone number
22926,thankyou,thank you good bye
22927,inform,im looking for a moderately priced restaurant in the north part of town
22929,thankyou,thank you goodbye
22930,inform,moderately priced north part of town
22931,affirm,yes
22932,request,what is the address and phone number
22933,thankyou,thank you good bye
22934,inform,im looking for an expensive restaurant in the south part of town
22935,inform,any type of food
22937,thankyou,thank you good bye
22938,inform,id like to find japanese food
22939,inform,any
22940,request,can i get the address
22942,inform,and the food type
22943,inform,im looking for a moderately priced restaurant in the west part of town
22945,affirm,yes
22947,reqalts,is there something else
22949,request,whats the address
22950,thankyou,thank you good bye
22951,inform,i would like a cheap restaurant in the north part of town
22953,affirm,yes
22955,request,what is the address and phone number
22956,thankyou,thank you goodbye
22957,inform,im looking for a cheap restaurant in the north part of town
22958,request,whats the address
22959,thankyou,thank you good bye
22960,inform,restaurant in the east part of town international food
22961,request,phone number
22962,thankyou,thank you good bye
22963,null,sil
22964,null,spice
22965,request,address
22966,request,phone number
22967,request,phone number
22968,request,address
22969,request,post code
22970,thankyou,thank you good bye
22971,thankyou,thank you good bye
22972,thankyou,thank you good bye
22973,inform,id like to find a restaurant serving french food
22978,request,what is the address
22979,bye,thanks good bye
22980,thankyou,thank you good bye
22981,inform,i want to find a restaurant that serves french food
22983,thankyou,thank you good bye
22984,null,sil
22986,request,address and phone number
22987,request,phone number
22988,thankyou,thank you good bye
22989,inform,an expensive restaurant in the south part of town
22990,inform,doesnt matter
22991,request,sounds good whats the address
22993,thankyou,thank you goodbye
22994,inform,south part of town italian food
22995,inform,cheap
22996,request,address
22997,request,address
22998,request,address
22999,null,breathing
23001,thankyou,thank you good bye
23002,inform,i want a restaurant that serves welsh food
23003,reqalts,how about modern european type of food
23004,inform,modern european type food
23005,inform,any area
23006,null,what is the uh
23007,request,phone number
23008,thankyou,thank you good bye
23009,inform,looking for a cheap restaurant in the north part of town
23010,request,and the address
23011,request,whats the address
23012,thankyou,thank you good bye
23013,inform,find australian restaurant in north part of town
23014,inform,find indian restaurant in north of town
23016,request,what is the address and phone number
23017,thankyou,thank you good bye
23019,request,what is the address
23020,thankyou,thank you good bye
23022,null,any thing else
23023,affirm,yes
23025,thankyou,thank you good bye
23026,null,noise
23027,inform,any part
23029,thankyou,thank you good bye
23031,inform,moderate
23033,request,what type of food
23034,request,what do they serve
23036,reqalts,what about bistro food
23037,reqalts,how about british
23038,request,and the price range
23039,reqalts,how about a moderately priced
23040,request,price range
23042,inform,id like to find a moderately priced restaurant
23045,thankyou,thank you good bye
23046,inform,im looking for a world food restaurant in the east part of town
23047,reqalts,how about chinese food
23048,request,whats the address
23050,request,whats the post code
23051,thankyou,thank you good bye
23052,inform,sea food
23053,inform,any
23054,request,address
23055,thankyou,thank you good bye
23056,inform,i want a cheap restaurant that serves european food
23059,thankyou,thank you good bye
23060,inform,a cheap restaurant serving mexican food
23061,request,address
23062,request,phone number
23063,affirm,yes
23064,reqalts,how about a restaurant that serves thai food
23065,reqalts,how about a restaurant that serves thai food
23066,inform,id like thai food
23067,inform,i dont care can i try again
23069,inform,id like thai food
23073,inform,id like a restaurant that serves thai food
23074,inform,id like thai food
23075,inform,id like thai food
23076,inform,id like thai food
23077,thankyou,thank you goodbye
23078,hello,hello welcome
23079,inform,south
23080,null,would you like something
23081,inform,steak house
23083,request,and whats the phone number
23084,thankyou,thank you good bye
23085,inform,moderately priced restaurant
23086,inform,any part
23087,inform,lebanese
23088,request,address
23089,request,and the phone number
23090,thankyou,thank you good bye
23091,inform,moderately priced west part of town
23092,request,phone number
23093,request,address
23094,thankyou,thank you good bye
23095,inform,im looking for a restaurant in the center of town that serves thai food
23096,inform,doesnt matter
23099,request,what is the address
23100,thankyou,thank you good bye
23101,reqalts,breath is there anything else
23102,request,could i have the address and phone number please
23103,thankyou,breath thank you goodbye
23104,null,noise
23105,null,unintelligible
23106,inform,looking for moderately priced restaurant that serves creative food
23110,inform,and british food
23111,request,what is the telephone number
23112,thankyou,thank you good bye
23113,inform,i want a restaurant that serves creative food
23114,reqalts,how about north american type of food
23115,inform,north american type of food
23116,request,whats the address
23117,request,phone number
23118,request,post code
23119,thankyou,thank you good bye
23122,thankyou,thank you good bye
23123,inform,it should serve belgian food
23124,reqalts,what about belgian food
23125,reqalts,what about korean food
23127,null,noise
23128,null,sil
23130,request,whats the address
23131,thankyou,thank you good bye
23132,inform,im looking for an expensive restaurant that serves
23133,inform,cantonese food
23134,request,can i have the phone number
23135,request,can i have the post code
23136,thankyou,thank you good bye
23137,inform,expensive restaurant
23138,inform,expensive
23139,inform,south part of town
23143,request,what is the address
23144,thankyou,thank you good bye
23147,inform,id like an indian restaurant
23148,request,what is the address phone number and price range
23149,request,what is the price range
23150,thankyou,thank you good bye
23151,null,noise
23152,inform,expensive restaurant south part of town
23153,null,um
23155,confirm,is it expensive
23156,thankyou,thank you good bye
23157,inform,moderately
23158,request,price
23159,inform,west
23160,request,address
23161,request,address
23162,request,phone number
23163,request,post code
23164,thankyou,thank you good bye
23165,null,noise
23166,inform,mexican food
23167,request,could i have the address and phone number
23168,thankyou,thank you good bye
23169,inform,id like a cheap restaurant in the south part of town
23170,request,what is the address
23171,request,and the telephone number
23172,request,and what type of food do they serve
23173,inform,im looking for moderately priced restaurant in the east part of town
23174,request,whats the address
23175,request,whats the post code
23176,thankyou,thank you good bye
23177,inform,steak house
23178,inform,british food
23179,inform,moderate
23180,inform,any part
23181,request,phone number
23182,request,phone number
23183,thankyou,thank you good bye
23184,null,noise
23185,inform,british food
23186,request,address
23187,request,phone number
23188,null,noise
23189,request,post code
23190,thankyou,thank you good bye
23191,inform,im looking for a restaurant in the north part of town that serves thai food
23192,inform,thai
23194,inform,north part of town
23196,inform,is there one in the west area
23198,reqalts,how about the west area
23199,thankyou,thank you good bye
23200,null,unintelligible
23201,null,sil
23202,null,sil
23203,inform,dont care
23205,inform,korean
23206,request,phone number
23208,thankyou,thank you good bye
23209,inform,in the center
23210,request,what is the address
23212,thankyou,thank you good bye
23213,inform,im looking for a cheap restaurant in the north part of town
23214,reqalts,anything else
23215,affirm,yes
23216,reqalts,anything else
23217,request,okay do you have the address for da vinci pizzeria
23218,request,and the phone number
23219,thankyou,thank you good bye
23220,inform,mexican food
23221,inform,mexican food
23222,request,phone number
23223,thankyou,thank you good bye
23225,inform,any
23226,inform,south
23227,request,address
23228,request,phone number
23229,thankyou,thank you good bye
23230,inform,restaurant in the east part of town that serves indonesian food
23231,reqalts,how about chinese food
23233,request,address
23234,thankyou,thank you good bye
23235,inform,african food in any price range
23236,affirm,yes african food
23237,request,address phone number and area
23238,request,what area is it in
23239,thankyou,thank you good bye
23240,reqalts,okay uh how about a bristish
23242,inform,um east part
23244,affirm,uh yes iam looking for a british type of food restaurant
23245,request,okay and can i get their phone number
23246,ack,okay um
23249,inform,japanese
23250,inform,japanese
23251,inform,in the center
23252,request,and the address
23253,request,address
23254,request,address
23255,request,the address
23256,inform,in the center
23257,request,phone
23258,request,phone
23259,thankyou,thank you good bye
23260,inform,i want to find a restaurant in the west part of town that serves vietnamese food
23262,request,and what is the price range
23263,thankyou,thank you good bye
23264,inform,oh i dont care
23265,request,whats the address
23266,bye,alright thank you good bye
23267,request,what is the address
23269,thankyou,thank you good bye
23270,inform,im looking for a moderately priced restaurant in the west part of town
23271,request,whats the address
23273,request,whats the address
23274,request,phone number
23275,request,and the type of food they serve
23276,request,wha what type of food
23277,thankyou,thank you good bye
23278,inform,moderate price
23279,inform,brazilian food
23280,inform,gastropub
23281,request,address
23282,request,phone number
23283,request,area
23284,request,what is the are
23286,thankyou,thank you good bye
23287,inform,id like a cheap restaurant in the south part of town
23290,thankyou,thank you good bye
23291,inform,looking for an expensive restaurant
23292,affirm,yes
23293,inform,south part of town
23294,request,uh whats the phone number
23295,thankyou,thank you good bye
23296,inform,im looking for a cheap restaurant in the south part of town
23297,request,what is the address
23298,thankyou,thank you good bye
23299,request,price range
23300,request,address
23301,thankyou,thank you good bye
23303,inform,dont care
23304,inform,greek
23305,inform,italian
23306,inform,italian
23308,inform,italian
23309,request,address
23310,request,address
23311,request,phone number
23312,thankyou,thank you good bye
23313,inform,uh cheap restaurant serving scandinavian food
23314,reqalts,how about italian food
23315,request,address
23316,request,phone number
23317,thankyou,thank you good bye
23318,inform,i want to find a moderately priced restaurant in the south part of time
23319,request,can i get the address phone number and price of food
23320,null,unintelligible
23321,request,and what type of food
23322,thankyou,thank you good bye
23323,hello,hi i need a cheap restaurant in the south part of town
23324,request,can i have the address and phone number
23325,thankyou,okay thank you good bye
23326,inform,dont care
23327,inform,expensive
23329,thankyou,thank you good bye
23330,reqalts,is there anything that serves caribbean food
23333,thankyou,thank you good bye
23342,reqalts,is there anything ele
23345,request,the address
23346,request,what is the address
23347,bye,see you goodbye
23348,bye,see you goodbye
23349,bye,see you goodbye
23350,inform,im looking for a korean restaurant
23351,inform,korean restaurant
23352,request,whats the address
23353,request,phone number
23354,request,whats the post code
23355,thankyou,thank you good bye
23356,inform,moderate
23357,request,what type of food
23358,request,address and phone number
23359,thankyou,thank you good bye
23360,inform,restaurant north
23362,inform,asian oriental
23363,request,address
23364,request,phone number
23365,thankyou,thank you good bye
23366,null,sil
23367,inform,british food in north part of town
23368,inform,indian food
23372,null,sil
23373,null,unintelligible
23374,inform,indian food
23375,null,unintelligible
23376,inform,just fuck every time i do it and this moron says that its indian sucks
23377,inform,indian food
23378,request,address phone number prices
23379,request,address
23380,request,price range
23382,thankyou,thank you goodbye
23383,inform,im looking for polish food
23384,affirm,yes
23385,reqalts,what about thai food
23387,request,whats the address
23388,request,what about the phone number
23389,thankyou,thank you good bye
23390,inform,i want a cheap restaurant in the west part of town
23391,null,noise
23392,null,noise
23394,request,can i get the phone number and address
23395,thankyou,thank you good bye
23396,inform,im looking for a restaurant in the south part of town it should serve kosher food
23397,reqalts,what about portuguese
23400,request,whats the address
23401,thankyou,thank you good bye
23402,inform,im looking for a moderately priced restaurant
23403,inform,it doesnt matter
23405,request,can i get the address
23406,request,and whats the phone number for that
23407,thankyou,okay thank you good bye
23408,null,unintelligible
23409,inform,cheap
23410,inform,uh dont care but can it be vegetarian food
23411,reqalts,what about indian then
23412,inform,cheap indian food
23414,thankyou,thank you good bye
23415,inform,i would like a restaurant
23417,inform,belgian food
23418,reqalts,how about korean food
23419,inform,korean
23420,reqalts,what about korean food
23421,reqalts,what about korean
23422,inform,are they expensive
23423,request,whats their address
23424,request,and their phone number
23425,thankyou,thank you good bye
23426,inform,i need a cheap restaurant serving italian food
23427,inform,i dont care
23428,request,could i get the address
23430,inform,looking for a cheap restaurant that serves spanish food
23431,request,whats the address
23432,request,and whats the postcode
23433,thankyou,thank you goodbye
23434,inform,i want to find a restaurant in the centre that serves thai food
23435,inform,thai
23436,request,what is the phone number and address
23437,request,what is the address
23438,request,what type of food is it
23439,negate,no
23440,null,sil
23441,negate,no
23442,reqalts,what about thai
23443,affirm,unintelligible yeah what about thai food
23445,request,what is the address and phone number
23447,thankyou,thank you goodbye
23448,inform,greek food
23449,inform,french food
23450,inform,center
23451,affirm,yes
23452,request,address
23453,request,phone number
23454,request,price range
23455,thankyou,thank you good bye
23457,null,cough
23460,request,may i get the address and phone number
23461,thankyou,thank you goodbye
23465,thankyou,thank you good bye
23466,inform,i dont care
23467,inform,expensive
23468,request,phone number
23469,request,address
23470,thankyou,thank you good bye
23471,inform,im looking for a expensive restaurant serving mediterranean food
23472,request,what is the phone number and post code
23473,thankyou,thank you good bye
23474,null,noise
23475,null,unintelligible
23476,null,noise
23477,inform,polynesian food
23478,inform,korean food
23479,request,address
23481,thankyou,thank you good bye
23482,inform,looking for a moderately priced restaurant in the east part of town
23483,request,whats the address
23484,thankyou,thank you good bye
23485,thankyou,thank you good bye
23486,inform,im looking for a moderately priced restaurant in the north part of town
23488,request,what is the type of food
23489,request,what type of food
23490,thankyou,thank you good bye
23492,affirm,uh yes
23493,request,and where is it
23494,confirm,is that in the north part of town
23495,request,and whats the phone number
23496,thankyou,thank you good bye
23497,inform,im looking for a moderately priced restaurant in the west part of town
23499,affirm,yes
23502,reqalts,are there any other options
23504,request,whats the post code
23505,thankyou,thank you good bye
23506,inform,expensive restaurant east part of town
23507,inform,expensive
23508,inform,any
23509,request,address
23510,inform,portuguese food
23512,request,address
23513,request,phone number
23514,request,area
23515,thankyou,thank you good bye
23517,inform,expensive
23518,inform,i dont care
23519,inform,mediterranean food
23520,request,what kind of food do they serve
23521,inform,mediterranean food
23523,request,what is the price range
23524,request,what is the address
23526,request,what area is it in
23527,thankyou,thank you good bye
23528,inform,im looking for a cheap vietnamese restaurant
23529,null,sil
23531,request,whats its phone number
23532,null,sil
23533,inform,any
23534,inform,moderate
23535,inform,any
23538,request,whats its address
23540,thankyou,thank you good bye
23541,inform,doesnt matter
23542,request,phone number
23543,request,address
23544,inform,korean food in the north part of town
23546,request,may i have the phone number
23547,thankyou,thank you good bye
23548,inform,i want a restaurant in the north part of town
23549,inform,i dont care
23550,inform,lebanese food
23551,inform,italian food
23552,request,what is the address and phone number
23553,thankyou,thank you good bye
23554,null,yea id like a
23555,negate,no id like
23556,inform,mediterranean food
23558,inform,portuguese food in the south part of town
23560,request,what is the address
23561,thankyou,thank you good bye
23562,inform,i would like afghan food
23563,inform,expensive
23564,inform,any
23565,inform,afghan food
23567,inform,i dont care
23568,inform,i dont care
23569,inform,dont care
23570,null,sil
23571,reqalts,another
23573,inform,asian oriental
23574,inform,asian
23578,thankyou,thank you good bye
23580,inform,asian
23581,thankyou,thank you good bye
23582,request,phone number
23584,request,area
23585,request,what area
23586,inform,asian oriental
23587,request,phone number
23588,thankyou,thank you good bye
23589,null,sil
23591,null,noise
23592,inform,um im looking for a moderately priced restaurant in the south part of town
23593,request,whats the address
23594,request,and whats the phone number
23595,thankyou,thank you good bye
23597,thankyou,thank you good bye
23599,inform,traditional food
23601,thankyou,thank you good bye
23602,hello,hello welcome
23603,inform,south part of town
23604,inform,italian food
23605,request,phone number
23606,request,post code
23607,thankyou,thank you good bye
23608,null,sil
23609,null,sil
23610,inform,moroccan
23611,null,noise
23612,null,noise
23613,null,noise
23614,inform,moroccan food
23615,null,noise
23616,null,noise
23617,null,noise
23618,null,what is it by
23619,null,im looking
23620,null,or
23621,inform,greek food
23623,request,what is the address
23624,thankyou,thank you good bye
23625,inform,id like to find a moderately priced restaurant
23626,inform,moderate
23627,inform,i need it in the north part of town
23629,request,what is the address
23630,request,and what kind of food does the venue ser
23631,thankyou,thank you goodbye
23632,inform,im looking for a cheap restaurant that serves portuguese food
23635,thankyou,thank you good bye
23636,null,noise
23637,null,unintelligible
23638,inform,dont care
23639,inform,moderately priced
23641,request,address
23642,request,telephone number
23643,thankyou,thank you good bye
23644,request,address
23645,request,phone number
23646,thankyou,thank you good bye
23647,thankyou,thank you good bye
23648,thankyou,thank you good bye
23649,thankyou,thank you good bye
23650,inform,spanish food
23651,inform,dont care
23652,inform,spanish food
23653,request,what is the address
23654,thankyou,thank you good bye
23656,request,the address
23657,thankyou,thank you good bye
23658,reqalts,how about international food
23659,request,what is the phone number and price range
23660,bye,unintelligible good bye
23661,affirm,uh yes im looking for a belgian restaurant in new york city
23662,inform,um portuguese
23663,thankyou,okay thank you good bye
23665,inform,doesnt matter
23667,confirm,is it an expensive restaurant
23668,thankyou,thank you goodbye
23670,inform,turkish
23671,request,can i have the address and the post code please
23672,request,the post code as well please
23673,thankyou,thank you good bye
23675,inform,im looking for a restaurant in the west
23676,reqalts,how about italian food
23677,reqalts,how about italian food
23678,inform,italian food
23679,inform,a restaurant in the west that serves italian food
23681,thankyou,thank you good bye
23683,reqalts,is there any other restaurant that serves turkish food
23684,affirm,yes
23685,inform,are their any other restaurants that serve turkish food
23686,request,okay can i have the address and post code please
23687,thankyou,thank you good bye
23688,null,noise
23689,inform,moderately priced
23690,reqalts,anything else
23691,thankyou,thank you good bye
23692,inform,im looking for a restaurant
23694,request,can i have the phone number
23695,request,address
23696,thankyou,thank you good bye
23697,inform,im looking for a cheap restaurant in the east part of town
23698,request,whats the address
23701,thankyou,thank you good bye
23703,inform,cheap
23704,request,can i get their phone number please
23705,request,and what type of food do they serve
23706,thankyou,thank you good bye
23707,inform,im looking for a restaurant in the north part of town
23708,inform,i dont care
23709,inform,australian
23710,reqalts,how about asian oriental
23711,reqalts,how about asian oriental
23712,request,what is the address
23714,thankyou,thank you good bye
23716,inform,spanish
23717,request,can i get address
23719,thankyou,thank you good bye
23720,inform,looking for caribbean food
23722,inform,i dont care but i want it to be in the east part of town
23723,request,cool whats the phone number
23725,thankyou,awesome thank you good bye
23726,null,unintelligible
23729,reqalts,anything else
23733,request,can i get the address
23735,thankyou,thank you good bye
23736,null,sil
23737,null,sil
23738,inform,im sorry im looking for a moderate priced restaurant
23741,request,and the post code
23742,request,and the phone number
23743,thankyou,okay thank you good bye
23744,inform,moderate price range
23745,inform,asian oriental
23746,request,address
23747,request,phone number
23748,thankyou,thank you good bye
23749,inform,i need a restaurant that serves thai food
23750,inform,i dont care
23751,request,whats the address
23753,request,and whats the post code
23754,thankyou,thank you good bye
23755,inform,moderately priced restaurant north part of town
23756,request,address and phone number
23757,request,phone number
23758,request,post code
23759,thankyou,thank you good bye
23760,null,sil
23761,null,i would like
23762,reqalts,what about international food
23764,request,where is the restaurant
23766,confirm,is it chinese food
23768,request,whats their address
23769,request,and their phone number
23770,thankyou,thank you good bye
23771,inform,trying to find a cheap restaurant
23772,inform,south part of town
23774,affirm,yes
23776,request,uh whats the address and phone number
23777,request,and the address
23778,request,whats the address
23779,request,what type of food is it
23780,thankyou,thank you good bye
23781,inform,portuguese food
23783,null,unintelligible
23784,request,address
23785,thankyou,thank you goodbye
23787,request,what is the address
23788,thankyou,thank you good bye
23789,inform,id like a restaurant that serves australian asian food
23791,thankyou,thank you good bye
23792,inform,i need to find one in the south part of town
23793,inform,danish
23795,request,can i get the address
23796,request,phone number
23797,thankyou,thank you good bye
23799,inform,north american
23800,request,address phone number and post code
23801,request,post code
23802,inform,british
23803,inform,moderate
23804,inform,any
23805,request,address
23806,request,phone number
23808,request,may i have the phone number
23809,thankyou,thank you good bye
23811,thankyou,thank you good bye
23812,null,hm
23813,inform,im looking for korean food any price range
23814,inform,korean food price range
23815,request,address
23816,request,phone number
23817,request,post code
23818,thankyou,thank you good bye
23819,inform,traditional food
23820,inform,any
23821,request,phone number
23822,thankyou,thank you good bye
23823,null,sil
23824,inform,i dont care
23825,inform,im looking for a restaurant in the center of town
23826,inform,im looking for traditional food
23827,reqalts,how about turkish food
23828,request,what is the address
23829,request,what is the price range
23830,thankyou,thank you good bye
23832,repeat,repeat that
23833,request,whats the address
23834,request,and the phone number
23835,thankyou,thank you good bye
23837,inform,any
23838,request,address
23839,request,what is the address
23840,thankyou,thank you good bye
23841,thankyou,thank you good bye
23842,thankyou,thank you good bye
23843,inform,christmas food
23844,inform,indian food
23845,inform,center
23846,inform,west
23847,inform,indian food
23848,request,address
23849,thankyou,thank you good bye
23850,inform,i want to find a cheap restaurant in the south part of town
23851,inform,cheap
23853,inform,in the inner south
23854,inform,i want something in the south
23855,request,what is the address
23856,request,what is the type of food
23857,request,type of food does it serve
23858,thankyou,thank you goodbye
23859,thankyou,thank you goodbye
23860,inform,im looking for a restaurant in the north part of town uh tuscan food
23861,inform,i dont care
23862,inform,tuscan
23863,request,phone number
23864,request,phone number
23865,request,phone number
23866,thankyou,thank you good bye
23867,inform,im looking for a cheap restaurant that serves malaysian food
23868,reqalts,how about european food
23869,inform,malaysian
23870,inform,moderately priced
23871,inform,expensive
23872,inform,moderately priced
23873,request,the address and phone number
23874,request,phone number
23875,thankyou,thank you good bye
23876,null,sil
23877,inform,cheap
23878,inform,south part of town
23879,inform,south
23880,reqalts,next
23881,inform,noise south part of town
23882,inform,cheap
23883,inform,south
23884,request,address
23885,inform,south
23886,request,noise phone number
23887,request,address
23890,null,type
23892,null,noise
23893,inform,noise food
23894,thankyou,thank you good bye
23896,inform,any
23897,inform,any
23898,request,address
23899,request,post number
23900,thankyou,thank you good bye
23901,inform,caribbean food
23903,inform,west part of town
23905,inform,thai
23906,request,price range
23907,request,phone number
23908,request,address
23909,request,address
23910,thankyou,thank you good bye
23911,inform,im looking for an expensive restaurant that serves european food
23912,null,can i get the
23913,request,phone number and address
23914,thankyou,thank you good bye
23915,inform,expensive restaurant in the east part of town
23916,inform,expensive
23917,request,address
23918,thankyou,thank you good bye
23919,inform,im looking for air tran food in the south part of town
23920,reqalts,what about portuguese
23921,inform,portuguese food
23923,request,whats the address
23924,thankyou,thank you good bye
23925,inform,french food
23926,request,may i have the phone number
23927,thankyou,thank you good bye
23929,inform,west part of town
23930,request,what is the address and phone number
23931,thankyou,thank you good bye
23932,thankyou,thank you good bye
23933,inform,expensive
23934,inform,any
23936,inform,thai
23937,inform,thai
23938,inform,thai
23942,inform,thai
23943,null,noise
23950,inform,thai
23951,inform,thai
23952,request,address
23953,request,phone number
23954,thankyou,thank you good bye
23955,inform,i would like some danish food
23957,inform,i would like an expensive asian food restaurant
23958,inform,north
23959,inform,expensive
23961,thankyou,thank you good bye
23962,inform,im looking for an expensive restaurant that serves venetian food
23963,inform,turkish food
23964,request,can i get the address
23965,thankyou,thank you good bye
23969,thankyou,thank you good bye
23970,inform,italian
23971,request,phone number
23972,affirm,yes
23974,inform,moderately
23975,inform,restaurant
23976,inform,moderately priced restaurant
23977,inform,moderately
23978,null,priced
23979,inform,north part of town
23980,request,address
23981,request,address
23982,request,address
23983,thankyou,thank you good bye
23984,inform,lebanese restaurant in the west part of town
23985,inform,lebanese
23988,inform,tailand
23989,inform,thai food in the west of town
23990,request,address
23991,request,phone number
23992,request,price range
23993,request,what is the price range
23994,thankyou,thank you good bye
23997,thankyou,thank you good bye
