row_id,label,utterance
17619,null,inaudible
20624,thankyou,thank you good bye
16631,inform,any
18734,inform,i dont care
10460,request,post code
7208,request,and whats their post code
20319,thankyou,thank you goodbye
1046,bye,okay good bye
16184,bye,okay good bye
15248,request,what about the post code
2974,request,whats the address
3511,inform,im looking for a restaurant that serves european food
14187,bye,okay good bye
5870,null,sil
15749,request,whats the address
15688,affirm,breath yes id like a moderately priced restaurant that serves thai food
6059,inform,any
7318,thankyou,thank you goodbye
17957,reqalts,how about italian
22022,thankyou,thank you good bye
16056,inform,could i have a restaurant that serves asian oriental food
6075,inform,restaurant south part of town
23829,request,what is the price range
13745,thankyou,thank you good bye
20106,request,what is the address
17280,inform,i want a restaurant in the center of town
13163,inform,british food
16249,inform,any
10933,request,address
2099,affirm,yes
21055,thankyou,thank you good bye
22344,thankyou,thank you goodbye
23620,null,or
8207,inform,the north part of town
20434,thankyou,thank you good bye
23362,inform,asian oriental
8401,request,whats the address
5938,thankyou,thank you good bye
1586,null,unintelligible
11138,thankyou,thank you good bye
20875,thankyou,thank you goodbye
23456,inform,eritrean food in the east part of town
13121,inform,looking for a moderately priced restaurant that serves british food
22739,inform,expensive restaurant in the south part of town
14176,inform,i need an expensive restaurant
10120,request,may i have the phone number
15881,null,noise
1951,reqalts,how about thai food
1929,request,address
18008,inform,any
3917,thankyou,thank you good bye
1116,inform,im looking for an expensive restaurant that serves english food
22554,inform,center
6191,inform,vietnamese
2677,inform,cheap
11928,request,the address
12035,inform,mediterranean
13412,request,address
2200,inform,uh i want a restaurant that serves international food
6964,request,can i have the phone number and address of the venue
22995,inform,cheap
23894,thankyou,thank you good bye
8235,inform,i want to find international food
1751,inform,turkish
8528,request,okay what is the address
1236,inform,okay uh how bout british food
1566,thankyou,thank you good bye
6988,negate,no indian
721,inform,im looking for a cheap restaurant serving kosher food
3259,thankyou,thank you good bye
5415,inform,air tran
23198,reqalts,how about the west area
17234,inform,moderately priced restaurant serving indian food
20915,request,what type of food
8648,inform,dont care
23896,inform,any
21345,inform,north
18903,inform,british food
10902,null,uh
19882,reqalts,is there anything else
13146,inform,vietnamese food
6327,inform,im looking for an expensive restaurant
18946,reqalts,what about indian food
3348,reqalts,how about italian
16977,request,phone number
22596,thankyou,thank you good bye
22398,thankyou,thank you good bye
20377,inform,south
7249,inform,doesnt matter
9218,inform,gastropub moderate
10330,inform,im looking for a moderately priced restaurant
91,request,phone number
1574,request,what is the address
7327,inform,turkish food
15786,null,noise
18039,request,what is the address and price range
14726,inform,any restaurants
5307,inform,center
2148,request,phone number
6965,thankyou,thank you good bye
12639,inform,im looking for belgian food in the south part of town
2301,request,what type of food
1888,inform,any food
17366,request,phone number
5502,affirm,yes
3648,thankyou,thank you good bye
5072,inform,dont care
1554,request,phone number
6536,affirm,right
4864,reqalts,are there any other restaurants
19443,inform,looking for a japanese restaurant in the center
4805,inform,mediterranean
2423,request,whats the price range
4235,inform,looking for a cheap restaurant
23877,inform,cheap
1412,affirm,yes
22309,inform,uh cheap restaurant in the north part of town
13142,request,whats the phone number
7535,inform,spanish food
20006,inform,moderately priced
627,inform,the west
21008,thankyou,thank you goodbye
8952,thankyou,thank you good bye
11308,request,whats the phone number
18838,inform,i dont care
15097,inform,asian
18584,thankyou,thank you goodbye
13928,inform,i dont care
21398,request,phone number
953,request,phone number
733,reqalts,how about indian food
19344,request,okay what kind of food
19020,inform,i want a moderately priced restaurant in the north part of town
18156,negate,no
23145,inform,id like a restaurant in the north part of town serving indian food
830,inform,im looking for a moderately priced restaurant in the
1387,request,whats the address
7540,request,post code
16587,inform,chinese food
14907,request,address and phone number
18882,null,pizza
9769,inform,noise east
5414,inform,looking for a restaurant in the east part of town
14263,inform,any
8980,inform,cheap restaurant
7805,null,uh
23548,inform,i want a restaurant in the north part of town
22836,request,what is the address and phone number
2233,request,what is the price range
14394,inform,spanish food
22671,reqalts,is there anything else
1638,thankyou,thank you goodbye
13053,request,whats the phone number
17750,thankyou,thank you good bye
15823,request,and what type of food do they serve
15822,request,can i have the phone number
22626,request,address and phone number
23079,inform,south
2862,request,phone number
13111,negate,no im looking for an expensive restaurant in the east part of town
21848,request,and the price range
18302,request,address
22003,request,what is the phone number
8777,thankyou,thank you good bye
6037,thankyou,thank you good bye
17718,inform,im looking for a moderately priced restaurant in the south part of town
4713,inform,african food
2574,reqalts,how about gastropub
13487,inform,im looking for eritrean food
11340,inform,indian
19517,inform,im looking for a restaurant in the east part of town
12278,affirm,yes
13518,inform,im looking for a restaurant in the center of town
18949,thankyou,thank you good bye
23724,request,okay how about the address
14136,reqalts,how about asian oriental
8842,request,and what is the price range
10437,request,the type of food
11893,reqalts,anything else
14893,thankyou,okay thank you good bye
14009,request,phone number
8734,reqalts,is there anything else
16923,inform,west part of town
18010,inform,north american food
21764,request,can i get the phone number and address
22030,request,what kind of food does it serve
5937,request,may i have the phone number
10024,reqalts,anything else
22897,inform,cheap restaurant in the east part of town
7180,thankyou,thank you good bye
18104,request,address
8683,request,price range
23712,request,what is the address
10535,thankyou,thank you good bye
768,affirm,yes
15647,inform,north
19210,inform,how bout chinese food
11011,request,can i have the phone number
12415,request,address
3336,reqalts,is there anything else
7903,negate,no
17873,reqalts,is there anything else
13339,request,whats the phone number
12064,hello,hi im looking for cuban food
2773,inform,catalan food
15982,inform,dont care
7774,inform,im looking for cheap food in the north of town
6703,inform,restaurant south part of town christmas food
22901,inform,spanish food
19669,request,okay whats the phone number
21220,request,type of food
7273,inform,indian food
21773,reqalts,are there any other restaurants
12574,inform,moderate
20464,request,what is the price range
15643,request,what is the price range
9348,null,unintelligible
6012,inform,can i have a cheap restaurant
3198,inform,i am looking for a moderately priced restaurant and it should
14074,request,phone number
2413,affirm,yeah
19952,null,sil
4271,inform,west
10644,inform,kosher food
18124,inform,moderate
11294,request,address
3771,null,okay
12646,request,address
2051,inform,im looking for a moderately priced restaurant in the south part of town
8216,inform,korean food
7308,inform,i dont care
3286,bye,okay cool thank you good bye
22789,inform,south
22416,request,can i get their phone number
1853,inform,im looking for a restaurant in the north part of town
5944,null,sil
5098,reqalts,how about international type of food
22850,confirm,does it serve mediterranean food
22523,inform,dont care
16692,inform,hold on im working hold on gastro pub
17829,thankyou,thank you good bye
19086,null,sil
4825,request,address
10217,null,noise
2760,inform,im looking for a moderately priced restaurant in the north part of town
14536,reqalts,how about asian oriental food
4058,inform,turkish food
22369,request,what is the price range
22587,thankyou,thank you good bye
1025,inform,expensive
21863,inform,moderate price range
2153,null,now
8735,reqalts,what else
4780,inform,japanese
2587,affirm,yes
23163,request,post code
18165,reqalts,how about spanish types of food
417,inform,uh what about modern european
20003,null,old
21001,inform,in cheap restaurant
16344,inform,it doesnt matter
2337,request,price range
10930,request,can i get the number
17277,inform,any
15018,inform,any type of food
10267,null,knocking
23730,request,what is the phone number
9760,inform,cantonese
20382,inform,lets see im looking for a restaurant in the north part of town that serves vietnamese food
19225,request,what is the address
13591,request,address
7899,thankyou,thank you good bye
4303,inform,im looking for an expensive restaurant serving portuguese foo
12138,null,sil
18489,negate,no north
10158,request,can i get the address
2830,request,phone number
2873,thankyou,thank you goodbye
11720,inform,cheap
6367,inform,iam looking
468,inform,im looking for a restaurant in the south part of town that
18767,thankyou,thank you good bye
1071,null,unintelligible
15878,thankyou,thank you good bye
23693,inform,in the center part of
5166,thankyou,thank you good bye
10162,reqalts,anything else
18223,request,see the address
3492,thankyou,thank you good bye
15191,request,what is the phone numbere
18214,inform,want something in the south side of town thats moderately priced
4326,inform,it doesnt matter
15763,thankyou,thank you good bye
21779,inform,italian food
7463,inform,i dont care
3810,inform,thai food
3027,confirm,does it serve modern european food
6405,null,noise
21424,inform,im looking for a restaurant in the center that serves caribbean food
1581,inform,gastropub
18080,thankyou,thank you good bye
4698,request,address
16615,request,could i have the address phone number and type of food
7128,request,whats the phone number
14468,inform,i dont care
6294,inform,welsh
5068,reqalts,is there anything else
502,request,post code
8756,inform,food
2799,inform,east part
18078,request,whats their phone number
11789,bye,goodbye
2577,request,what is what area is it in
14062,null,im loo
18822,thankyou,thank you goodbye
2363,request,phone number
21711,request,the phone numeber
16509,request,phone number
13002,inform,a restaurant in the south part of town hungarian food
18350,inform,romanian
18206,thankyou,thank you good bye
21944,reqalts,is there anything else besides golden wok
17422,inform,i want to find a cheap restaurant and it should serve scandinavian food
9964,null,okay
17363,inform,italian
5058,request,what is the phone number
15733,request,can i have the address phone number and post code
10240,thankyou,thank you good bye
6148,request,phone number
10793,request,phone number
15967,request,phone number
16038,null,noise
10248,inform,im looking for a cheap restaurant in the north part of town
7910,inform,center
16966,reqalts,uh how about turkish type of food
6617,inform,any price range
21719,request,what is the address
11809,thankyou,thank you good bye
3864,inform,yea id like a restaurant in the west part of town thats
2573,inform,id like a moderately priced restaurant that serves halal food
21864,inform,spanish
6508,request,whats the phone number
4751,inform,italian
22033,inform,turkish
9158,reqalts,anything else
21130,request,can i have the address please
4225,inform,i dont care
12598,thankyou,okay thank you goodbye
2236,negate,no
9082,request,phone number
4926,request,area
16608,request,phone
17451,negate,no
23529,null,sil
14025,inform,can you find me a place that has thai food
23984,inform,lebanese restaurant in the west part of town
9738,inform,i need to find a moderately priced restaurant
11828,request,whats the phone number
20553,request,whats the price range
18579,affirm,yes
17478,affirm,yes
6506,inform,i dont care
9793,inform,is there an indian restaurant in the south of town
12423,request,okay whats the phone number
6361,request,and the phone number
4911,negate,no
9026,inform,italian food
6866,inform,im looking for a moderately priced restaurant that serves
16669,inform,christmas food
4012,thankyou,thank you good bye
2985,inform,cuban food
7657,reqalts,what about korean
6588,null,okay
6977,affirm,yeah
17461,request,what area
19491,thankyou,thank you good bye
6777,inform,north part of town
20644,request,address and phone number
8858,reqalts,thats great what else is there
17561,reqalts,is there any thing else
3843,inform,chinese food
22625,inform,looking for a cheap restaurant in the east part of town
787,request,address
4383,inform,moderate price restaurant
21267,request,phone number
11524,reqalts,how bout asian
6602,inform,okay im looking for an expensive restaurant
995,request,may i have the phone number and address
1050,inform,dont care
5876,thankyou,thank you good bye
23512,request,address
17879,reqalts,is there anything else
16866,reqalts,breath how about portuguese food
5723,inform,something catalan food
11048,thankyou,thank you good bye
3958,null,sil
15411,thankyou,thank you good bye
6979,request,phone number
22480,request,okay and price range
7577,reqalts,how about korean food
23488,request,what is the type of food
10875,reqalts,are there any other expensive restaurants in the east part of town
22942,inform,and the food type
18753,inform,can you do anything else beside repeat yourself
10233,inform,looking for a cheap restaurant in the east part of town
5128,request,okay ah wha whats the address
4010,request,can i have the phone
1655,affirm,yes
719,request,what is the area
235,thankyou,thank you good bye
23253,request,address
11119,request,what is the area
18494,inform,north
3631,thankyou,thank you good bye
22845,inform,i need restaurant serves spanish food
2880,affirm,yes
15595,inform,i dont care
22678,negate,no something else
10047,inform,doesnt matter
9820,inform,center of town
3029,reqalts,what about european food
19937,null,sil
9750,request,what is the price range
2540,inform,it doesnt matter
12781,inform,any price range
2906,inform,turkish
77,inform,any
15553,inform,im looking for a restaurant that serves african food
7729,request,phone number
14639,inform,west part of town cheap
1367,request,what is the address
23123,inform,it should serve belgian food
11612,request,whats the phone number
11263,request,what is the address
18433,inform,a moderately priced restaurant in the south part of town
12594,inform,i dont care
9329,inform,asian oriental
9420,inform,west
8143,thankyou,thank you good bye
151,affirm,yes
1090,null,unintelligible
15352,inform,the south part of town
23029,thankyou,thank you good bye
23907,request,phone number
5214,inform,unintelligible restaurant
10414,thankyou,thank you good bye
10553,reqalts,is there anything else
10031,thankyou,okay thank you good bye
6406,inform,moderately priced
6437,inform,um im looking for a restaurant in north part of town
16648,inform,i dont care
6400,request,area
6873,thankyou,thank you good bye
7452,reqalts,how about italian food
3594,negate,no
12353,negate,no i would like a cuban restaurant
19141,thankyou,thank you good bye
22047,request,whats the address and phone number
17780,request,curry prince address and phone number
10066,inform,a moderately priced restaurant in the north part of town
20183,inform,greek
11617,inform,asian oriental food
21760,thankyou,thank you goodbye
5834,thankyou,thank you good bye
6826,request,whats the address
11320,request,whats the address again
18225,inform,im looking for tuscan food
18606,request,can i have the post code
4313,request,could i have the area please
23124,reqalts,what about belgian food
10998,inform,im looking for a cheap restaurant in the west part of town
6491,affirm,yes
15556,inform,restaurant with african food
18902,reqalts,how about british food
8455,inform,south part of town
16075,request,may i have the address and phone number
11718,inform,north
21526,request,phone number
4668,request,whats the address and phone number
10464,inform,i dont care
2047,inform,i dont care
10454,thankyou,thank you good bye
12164,inform,i want to find a restaurant
13239,thankyou,thank you good bye
746,inform,im looking for a cheap restaurant in the west part of town
18101,affirm,yes
21962,inform,moderately
8693,thankyou,thank you good bye
7399,request,and can i have the post code
8874,thankyou,thank you good bye
1448,request,address
18762,inform,in the east part of town
4675,request,whats their address
13775,request,whats the address
4397,thankyou,thank you good bye
7705,inform,international food in the west part of
11771,request,phone
5585,inform,food
13369,thankyou,thank you good bye
19127,request,and whats the phone number
16130,inform,moderately priced
18806,thankyou,unintelligible thank you goodbye
15246,inform,im looking for an expensive restaurant in the east part of town
167,inform,moderate price in south
5868,request,what price range
2595,inform,north american
513,request,whats the address
11925,inform,i want to find a moderately priced restaurant on the east p
20589,thankyou,thank you good bye
11826,inform,the north part of town
23928,inform,cheap restaurant
15492,thankyou,thank you good bye
3383,negate,no any area
7974,inform,cheap
7760,inform,in the west part
22996,request,address
11681,confirm,is it in the south part of town
3665,request,whats the phone number
18500,reqalts,anything else
16016,inform,moderate
22927,inform,im looking for a moderately priced restaurant in the north part of town
8106,request,id like to know the phone number
15607,inform,im looking for european food
19067,inform,north part of town
19872,null,laugh
19613,inform,i need a restaurant in the east part of town
18675,thankyou,thank you good bye
2486,inform,north part of town
23518,inform,i dont care
22681,inform,expensive
16502,thankyou,thank you
16493,request,whats the post code
23401,thankyou,thank you good bye
2900,request,thank you what is the address and phone number
1851,thankyou,thank you good bye
10616,inform,anything
11215,inform,cheap restaurant
12711,affirm,yes
931,inform,south
11984,inform,im looking for an expensive restaurant and it should be in the south part of town
23366,null,sil
18242,negate,no
9850,inform,can i have european food
18923,null,okay
17423,inform,uh scandinavian food
979,thankyou,thank you good bye
18603,inform,south
15949,inform,seafood
20159,inform,moderately priced
22493,request,what is the phone number
21574,request,what is the address
15253,inform,restaurant center spanish food
4457,null,noise
18864,inform,im looking for an expensive restaurant and it should be the east part of town
22933,thankyou,thank you good bye
94,thankyou,thank you good bye
872,thankyou,thank you good bye
5523,inform,restaurant in the south part of town
5659,inform,id like to find a restaurant that serves portuguese food
19621,thankyou,thank you goodbye
21419,reqalts,is there anything else
12061,request,address
23340,reqalts,is there anything else
1826,request,whats the phone number
8922,request,and the phone number
15298,thankyou,thank you goodbye
14461,thankyou,thank you good bye
12854,inform,thai food
9065,inform,im looking for an expensive restaurant in the east part of town
16873,affirm,yes
11528,inform,in the centre of town
5561,request,can i get the phone number
23541,inform,doesnt matter
7611,affirm,yes
4422,inform,im looking for a cheap restaurant
21608,request,address
20047,null,sil
23067,inform,i dont care can i try again
5205,null,unintelligible
5879,inform,expensive
3905,inform,mexican
2432,confirm,is it cheap
13234,inform,vietnamese food
22707,inform,west
4619,inform,restaurant in the center
10424,inform,i dont care
2859,inform,i want a vietnamese restaurant
3718,inform,im looking for cuban food
2132,inform,dont care
6812,thankyou,thank you good bye
4953,inform,catalan food
6081,thankyou,thank you good bye
16314,inform,i dont care
7233,request,could i have the address and phone number please
17395,thankyou,thank you good bye
2395,inform,british
3438,request,whats the address and phone number
11289,request,phone number
23814,inform,korean food price range
874,inform,in the east part of town
7685,inform,a restaurant serving thai food
3807,affirm,yes
23988,inform,tailand
8818,reqalts,anything else
14453,inform,danish food
21879,thankyou,thank you good bye
16054,thankyou,thank you good bye
21166,thankyou,thank you good bye
6652,request,whats the address
18970,inform,im looking for an expensive restaurant that serves sea food
2952,reqalts,is there anything else
19304,null,noise
11482,thankyou,thank you good bye
3083,negate,no cheap restaurant
13656,thankyou,thank you good bye
1376,affirm,yes
2802,thankyou,thank you
20830,confirm,is it moderate priced
4390,inform,food
11777,null,okay
10347,inform,im looking for a restaurant in the west part of town and it should be cheap
9265,negate,no
1878,negate,no portuguese
17860,inform,expensive restaurant serving portuguese food
13302,inform,a restaurant in the center
14373,affirm,yes
19181,null,sil
17019,request,price range
8189,inform,restaurant in the north part of
10032,inform,i need a restaurant in the west part of town that serves european food
13815,request,whats the address
9,null,code
15025,reqalts,im sorry but what about chinese food
5815,inform,west
21186,request,whats the phone number
11053,request,in the cheap price range
2777,inform,gastropub food
804,inform,i dont care
8245,inform,the south
11318,request,can i have the address and the
21563,null,noise
8376,request,address
12321,inform,cheap restaurant
6200,null,range
10151,request,phone number
2612,thankyou,thank you good bye
22313,inform,dont care
12941,request,the price range
13743,request,the address
23182,request,phone number
2483,request,what is the address
19420,inform,dont care
21846,request,their address
465,reqalts,how about asian oriental food
22571,null,static
22925,request,what is the address and phone number
20491,inform,moderately priced restaurant in the west part of town
3903,inform,the south part of town
2208,request,um address
4512,reqalts,how about mediterranean
1808,inform,i dont care
5218,request,can i get the phone number
18571,inform,expensive
14019,inform,it doesnt matter
19089,inform,i would like a cheap restaurant in the north part of town
16647,null,noise
9515,thankyou,okay and thank you and good bye
15407,inform,for something moderately priced on the east part of town
10212,reqalts,what about earatree food
8241,inform,i dont care
7342,affirm,right
20604,request,phone number address
18742,affirm,yes
6161,request,whats the phone number
20952,null,noise
13057,inform,indian food
6254,null,unintelligible
2406,request,whats the address
5745,inform,im looking for a moderately priced restaurant
11788,reqalts,give me a different restaurant
5329,inform,moderately priced restaurant
13465,request,tell me the address
19525,thankyou,thank you good bye
3945,inform,a cheap restaurant in the east part of town
17701,inform,pan asian food
19381,inform,restaurant
14978,inform,any
8682,request,what is the address
13641,affirm,yes
6167,thankyou,thank you good bye
3268,request,phone number
22210,inform,food
3808,request,alright what is the address
16037,null,noise
20659,inform,looking for an expensive restaurant that serves afghan food
11275,request,address
1070,thankyou,thank you good bye
770,inform,i do not care
21097,request,phone number
17327,inform,im looking for european food
23826,inform,im looking for traditional food
19174,inform,moderately restaurant
9079,inform,spensive
10987,thankyou,thank you good bye
19254,inform,i am looking for a restaurant in the center that serves korean food
15840,inform,south
8203,thankyou,thank you good bye
7771,request,what is the price range
22354,request,whats the address
23066,inform,id like thai food
14861,thankyou,thank you good bye
18087,request,what type of food
2162,inform,im looking for spanish food
1989,request,whats the post code
21389,thankyou,thank you good bye
14823,affirm,yes
6846,thankyou,thank you good bye
11953,inform,expensive restaurant
1871,request,whats the address and the phone number
4334,inform,american
12491,inform,any part
14771,inform,cheap restaurant in the south part of town
5865,negate,no
11936,request,can you give me the address
20375,thankyou,thank you good bye
8763,null,noise
23400,request,whats the address
2282,thankyou,thank you good bye
5859,affirm,yes
16538,request,phone number
15945,thankyou,thank you good bye
10204,thankyou,thank you good bye
19914,inform,it doesnt matter
2780,negate,no
21557,null,care
20639,request,address
9654,request,address
22324,thankyou,thank you good bye
1297,request,phone number
4344,request,whats the address
17591,thankyou,thank you good bye
21469,inform,chinese food
14274,inform,i dont care
17819,inform,i dont care
3642,confirm,does it serve asian oriental
18314,inform,im looking for a moderately priced labonese restaruant
17570,request,what is the address
21612,thankyou,thank you good bye
771,inform,dont care
14430,null,noise
10916,inform,im looking for a moderately priced restaurant and it should be in the east part of town
16240,inform,center
21636,inform,im looking for something in the west side
4806,inform,south
20927,request,post code
14223,request,what is the address
14204,inform,i dont care
802,thankyou,thank you good bye
9677,inform,turkish food
6931,inform,italian
6916,request,phone number
12927,affirm,yes
15289,request,price range
8415,request,address
5727,request,address
9042,thankyou,thank you good bye
22407,inform,i dont care bye
13226,request,the phone number
2837,inform,looking for a restaurant in the center part of town
9698,request,okay how about the address
5189,inform,im looking for a russian food
9183,thankyou,thank you good bye
20883,inform,cheap restaurants
11334,request,could i have the address
17070,inform,cheap
16395,request,can i have the address and post code
7649,request,what is the phone number
10742,thankyou,thank you goodbye
18467,inform,west
20333,request,can i have the phone number and address
15979,inform,doesnt matter
11534,inform,restaurant
16506,affirm,mmhm
15481,inform,i dont care
17358,request,whats their post code
14968,inform,chinese food east part of town
22879,request,address
22759,inform,lebanese food
11273,inform,polish food
15829,inform,italian food
21387,reqalts,how about vietnamese food
21105,request,phone number
4015,inform,i dont care
1830,inform,unintelligible restaurant
631,inform,can i get a restaurant in the east part of town that serves italian food
1203,inform,south
3399,inform,i dont know
9497,request,what is the address
10607,reqalts,what about italian food
4201,request,whats the address noise
2250,inform,portuguese food
2328,negate,no unintelligible
21951,inform,india
22448,inform,im looking for a cheap restaurant in the south part of the town
3203,inform,im looking for a restaurant in any area that serves
13399,inform,asian
8485,affirm,yes
4360,inform,moderately priced restaurant serving international food
7737,thankyou,thank you good bye
4906,request,what type of food is it
23466,inform,i dont care
6324,inform,any type of food
23932,thankyou,thank you good bye
2821,request,and the address
7573,request,can i get the phone number
12116,inform,um world food
21080,null,what about unintelligible food restaurants
16561,request,what is the address
3402,thankyou,okay thank you good bye
20935,negate,no
22768,inform,cantonese food
11057,null,noise
7850,affirm,yes
2597,negate,no
1956,thankyou,thank you good bye
1234,inform,ah can i find a unintelligible restaurant serving scotch food
2999,inform,west
11359,request,phone number
21208,null,sil
7192,thankyou,thank you goodbye
18406,reqalts,how about asian oriental
7448,request,area
5174,thankyou,thank you good bye
6387,request,post code
665,request,can you give me the phone number
19122,affirm,yes
15793,affirm,yes
21807,thankyou,thank you good bye
23883,inform,south
13274,request,phone number
20628,request,phone number
4159,inform,british food
148,inform,european restaurant
16091,inform,i am looking for an expensive restaurant that serves swedish food
21183,null,noise
655,reqalts,are there any other restaurants
1521,inform,find me a turkish restaurant
14956,request,and whats the phone number
1240,inform,i need a moderately priced restaurant in the part of town
21737,inform,expensive restaurant in the south part of town
11804,null,noise
20693,thankyou,thank you good bye
11343,request,and the post code
18473,inform,im looking for a restaurant in the east part of the town with indian asian food
5512,inform,any area
17295,inform,japanese
13781,reqalts,what about korean food
9285,request,whats the address
15173,inform,im looking for vegetarian food in any price range
9047,thankyou,thank you good bye
16830,inform,im looking for a cheap restaurant and it should be in the north part of town
10632,null,unintelligible
22401,inform,south
8532,inform,is doesnt matter
8183,thankyou,thank you good bye
2523,inform,chinese food
16156,null,noise
6143,request,the address
7412,affirm,yes
13733,inform,canapes
12645,inform,cheap restaurant in th east part of town
16029,inform,expensive
3534,affirm,yes
20891,null,sil
4189,inform,gastropub type food noise
16077,inform,looking for a restaurant in the north part of the town that serves british food
8758,inform,id like a restaurant in the east part of town that serves
15707,thankyou,thank you good bye
17840,inform,west
22446,inform,system irish food
10324,inform,im looking for a restaurant on the east part of town
20184,inform,uh italian
15001,null,unintelligible
21474,request,can i get the phone number
22932,request,what is the address and phone number
5317,request,and their phone number
1009,confirm,does it serve caribbean food
23719,thankyou,thank you good bye
11160,reqalts,how about italian food in the west of town
23927,thankyou,thank you good bye
713,inform,corsica
11639,inform,any price range
12775,affirm,yes
16847,inform,i dont care
20704,inform,thai food
14171,inform,spanish food
22986,request,address and phone number
9062,request,whats the address
14969,inform,chinese food east part of town
10391,null,um
12434,null,unintelligible
10826,reqalts,how about indian food
2713,request,phone number
8158,inform,i dont care
2089,thankyou,thank you good bye
7776,reqalts,is there anything else
17668,affirm,yes
5843,inform,any
6109,inform,in the south part of town
13404,thankyou,thank you good bye
20428,reqalts,how about thai food
5650,inform,doesnt matter
7821,thankyou,okay thank you good bye
4057,inform,i would like to find a restaurant in the west part of town that serves
23526,request,what area is it in
16658,affirm,yeah
19660,inform,polynesian food
19594,inform,cheap
7123,thankyou,thank you good bye
10853,inform,moderate price
16081,negate,no
13740,inform,indian food
19519,inform,moderate
6727,affirm,yes
22943,inform,im looking for a moderately priced restaurant in the west part of town
1455,null,unintelligible
23870,inform,moderately priced
22736,inform,restaurant in any area
18530,request,whats the phone number
13252,inform,dont care
13503,request,the phone number
14843,inform,what about mediterranean food
3740,inform,korean food
14140,bye,okay good bye
1816,inform,west part of town creative food
2092,thankyou,thank you good bye
10598,deny,can you change romanian food to something else
21869,inform,spanish
17159,hello,hi im looking for a moderately priced restaurant in the west part of town
18641,reqalts,how about italian
10819,request,address
23472,request,what is the phone number and post code
8013,inform,okay uh how bout turkish
4490,inform,portugese
13028,request,can i have the address and the price range
21459,thankyou,thank you good bye
1383,reqalts,can you tell me a restaurant in the south part of town
1710,thankyou,thank you good bye
9063,request,phone number
23860,inform,im looking for a restaurant in the north part of town uh tuscan food
18995,inform,corsica
5577,inform,moderately priced restaurant
366,request,what part of town is it located
15315,inform,west
13401,thankyou,thank you
13848,affirm,yes
9393,request,phone number and address
20238,reqalts,how about modern european type of food
13183,affirm,yes
4078,inform,expensive
10067,request,may i have the address
9442,request,address
23912,null,can i get the
9669,reqalts,how about indian food
11216,inform,dont care
4470,affirm,yes
399,request,and the price range
18383,hello,hi im looking for mexican food
1056,reqalts,how about indian food
20928,thankyou,thank you good bye
18648,thankyou,thank you good bye
19826,inform,thai
6360,request,whats the address
12763,thankyou,thank you
19048,request,what is the phone number and area
8673,inform,cantonese
4107,inform,im looking for a moderately priced restaurant and it should serve british
20290,inform,im looking for a restaurant serving asian oriental food
10085,inform,pan asian
10061,reqalts,is there anything else
21281,inform,expensive restaurant scottish food
35,request,whats the phone number
3452,thankyou,thank you good bye
22796,thankyou,thank you good bye
15057,thankyou,thank you goodbye
13857,inform,im looking for a cheap restaurant in the west part of town
841,inform,moderate price
18466,null,noise
5277,inform,vietnamese food
3785,inform,christmas food
2538,inform,moderately
21516,request,address
5096,inform,serving cuban food
3051,request,what is the phone number
4290,inform,can i have a moderately priced restaurant in the west part of town
9188,request,address
11944,inform,european food expensive restaurant
20064,affirm,yes
22898,request,phone number
22849,inform,mediterranean food
13115,inform,im looking for a cheap restaurant in the north part of town
10631,inform,serving catalan food
16934,request,address
9307,inform,english food
2433,request,price range
3741,thankyou,thank you good bye
23387,request,whats the address
1924,inform,i dont care
15772,inform,cheap
12117,inform,italian
16197,thankyou,thank you good bye
11996,inform,moderately priced
17608,request,and phone number
19456,inform,cheap unintelligible food
1357,request,whats the address
12191,reqalts,is there anything else
18924,request,what is the address and phone number
18060,request,phone number
6870,inform,turkish food
13619,request,what is the address and phone number
16013,inform,moderate
15134,request,whats the address
18519,inform,in the west part
6622,null,that serves
16850,null,unintelligible
3092,inform,south
459,affirm,yes
14943,request,the post code
403,inform,italian food
16518,null,medium
9840,request,address
10072,request,what is there address
18365,thankyou,thank you goodbye
18795,null,unintelligible
3113,thankyou,thank you good bye
16534,request,phone number
16139,inform,moderately priced restaurant
16473,inform,breath i am looking for a restaurant in any area that serves gastropub type of food
6003,inform,i want scottish food
23964,request,can i get the address
4708,inform,expensive
17361,inform,singaporean food
21139,affirm,um yes
18358,request,address and phone number please
20822,inform,spanish food
5845,request,and address
9993,inform,moderately priced restaurant in the west part of town
8453,request,and whats the phone number
19065,thankyou,thank you good bye
13820,inform,restaurant
17694,affirm,yes
22329,inform,i want an expensive restaurant in the east part of town
12488,confirm,is that a cheap restaurant
19312,request,whats the phone number
8394,inform,i dont care
3200,reqalts,how about turkish type of food
19764,request,what kind of food
16234,thankyou,thank you good bye
15936,inform,cheap
18183,inform,im looking for a expensive restaurant in the east part of town
20020,null,noise
14419,reqalts,anything else
22195,inform,european type of food
21570,thankyou,thank you good bye
5813,inform,moderately priced restaurant
5597,affirm,yes
21456,reqalts,anything else
23289,request,what type of food do they serve
9908,request,price range
17357,request,and mail postal code
20591,reqalts,how about gastropub type of food
6486,inform,uh any area
7187,inform,thai food
19726,affirm,yes
16453,inform,im looking for a moderately priced restaurant in the west part of town
19355,inform,expensive
9975,request,whats the phone number
20568,thankyou,thank you good bye
20683,thankyou,thank you good bye
11586,thankyou,thank you good bye
10833,thankyou,thank you good bye
18749,affirm,right
23516,inform,expensive mediterranean food
9536,inform,cheap
1721,inform,korean food
6513,inform,im looking for a restaurant that serves vietnamese food
3041,request,type of food
20933,inform,center
19066,inform,cheap restaurant
755,inform,north
1054,thankyou,thank you
1279,request,phone number
19051,request,can i get the phone number
19902,inform,center
15775,inform,id like a cheap restaurant in the south part of town
18240,null,sil
8186,reqalts,anything else
20232,reqalts,is there anything else
4353,affirm,yes
11125,thankyou,thank you good bye
19229,inform,i would like gastropub food in the east part of town please
19969,inform,ah im looking for a cheap restaurant
5437,null,noise
23569,inform,dont care
3374,null,unintelligible
5734,inform,korean food
12972,null,um breath
1036,request,whats their phone number
21501,bye,k you goodbye
13094,request,post code
19532,thankyou,thank you goodbye
7008,inform,thai food
3289,affirm,yes
9695,inform,looking for something moderately priced in the south of town
12279,inform,the east part of town
13723,inform,canape
15988,thankyou,thank you goodbye
12381,thankyou,thank you good bye
7048,null,sil
2639,inform,for an expensive restaurant in the east part of town
1786,reqalts,anything else gastropub
7158,inform,dont care
4458,inform,cheap
12295,affirm,yeah
6241,null,croatia
1218,null,looking for a place that serves whole worl
477,request,what is the phone number
8428,inform,i am looking for a restaurant in the north part of town it shou
12530,inform,i dont care
2449,inform,i want a cheap restaurant in the east part of town
21244,reqalts,how about european food
19797,thankyou,thank you good bye
13128,null,unintelligible
2598,affirm,yes
7941,null,unintelligible
5628,affirm,yes
19590,inform,any
1537,thankyou,thank you good bye
7919,inform,west
22573,confirm,is it moderately priced
5126,reqalts,how about indian
6990,inform,the north
20829,inform,moderate
14376,request,address
10740,inform,is there an expensive
18246,inform,i dont care
16793,inform,vietnamese
16508,inform,singapore
21507,request,address
15799,reqalts,anything else
17831,inform,dont care
3489,inform,moderate
10306,inform,what ever
21370,reqalts,how about chinese food
12040,inform,moderately priced west of town
8078,inform,i dont care
393,inform,creative food
21111,request,what is the phone number
19461,inform,cheap restaurant serving unintellgible food
1024,inform,dont care
11670,request,may i get the address and phone please
18044,inform,dont care
9673,thankyou,thank you good bye
8014,request,breath okay uh thats great how bout the address
836,request,address
11873,request,whats the phone number
21562,affirm,yes
21646,null,unintelligible
20381,thankyou,thank you good bye
1947,request,price range
22167,inform,cheap
20982,request,what is the address
9247,affirm,ye
23924,thankyou,thank you good bye
15705,request,may i have the address and price range
20353,request,whats the phone number
15972,inform,gastropub
20072,thankyou,thank you goodbye
1965,request,post code
7494,inform,spanish
19908,request,could i get the phone number and
16423,inform,doesnt matter
2368,inform,i want a restaurant that serves british food in the center
9210,request,what is the address
16958,inform,north
11658,request,price range
9424,inform,id like an expensive restaurant in the south part of town
13859,reqalts,is there anything else
16055,inform,id like an expensive restaurant that serves fusion food
21062,null,sil
14423,request,phone number
12826,inform,im looking for an african restaurant
7387,request,can i have the phone number
21158,inform,i need a moderately priced restaurant in the north of town
2118,inform,canapes
21029,inform,um i dont care i just want traditional food
20025,reqalts,what about french food
20011,inform,noise looking for an expensive restaurant in the south part of town
13085,request,whats its address
6489,inform,i dont care
13301,negate,no
18819,negate,no
14266,inform,any type of food
6545,affirm,yes
21178,request,whats the address and phone number
8929,thankyou,thank you goodbye
13222,request,what is the price
17344,null,breathing
16645,request,what is the address
20124,thankyou,thank you good bye
14425,inform,it doesnt matter
12397,request,whats the address
8939,inform,im looking for a cheap restaurant that serves tuscan food
13703,null,sil
10728,reqalts,how about chinese food
19601,thankyou,thank you goodbye
19990,inform,any kind of food
18825,request,can i get the address and phone number
3432,inform,it doesnt matter
17787,inform,i want a cheap restaurant in the south part of town
9179,inform,moderate price
17839,inform,west part of town
14838,request,phone number
11258,request,okay can i have the phone number and address
12418,thankyou,thank you good bye
341,null,sil
7676,reqalts,how about asian oriental
6385,request,phone number
17390,null,how about the
23169,inform,id like a cheap restaurant in the south part of town
6205,inform,pub or british type of food
17843,affirm,yes
12343,request,can i get the address
2000,inform,portuguese food
19698,inform,im looking for a moderately priced restaurant in the east part of town
19974,inform,canapes
5636,request,address and phone number
15610,reqalts,is there anything else
3332,request,can i have the address and phone number please
17318,thankyou,thank you good bye
14651,null,noise
9155,inform,the south part of town
14657,reqalts,is there anything else
20748,request,i want to know the address and phone number
10656,inform,im looking for an expensive restaurant that serves mediteranian
23489,request,what type of food
22655,inform,its in the south
12793,thankyou,thank you good bye
20075,inform,im looking for um
12142,inform,i dont care
5197,request,what type of food
3439,request,and the address
11205,inform,im looking for an expensive
1523,affirm,yes
3806,confirm,do they have turkish food
21545,null,sil
13613,reqalts,is there anything else
5693,reqalts,is there a restaurant in the south part of town that serves italian food
17284,inform,ese food
20660,reqalts,how about an expensive restaurant that serves european food
22413,inform,im looking for a moderately priced restaurant in the north part of town
10459,request,address
7926,affirm,yes
17178,thankyou,thank you goodbye
2182,request,whats the post code
14488,bye,you good bye
21597,null,noise
22934,inform,im looking for an expensive restaurant in the south part of town
9414,reqalts,how about in any area
22169,request,address
18982,inform,european food any price
5716,request,whats the address
10038,request,whats the address
14306,request,and what type of food do they serve
8938,thankyou,thank you good bye
2823,inform,yea im looking for some spanish food
2757,request,what type of food do they serve
10269,null,noise
8188,thankyou,thank you good bye
129,affirm,yes
8608,inform,im looking for a restaurant in the center serving russian food
23528,inform,im looking for a cheap vietnamese restaurant
1723,inform,expensive
3523,inform,dont care
18506,request,phone number
13431,inform,mediterranean food
13436,inform,any
2592,inform,can i get an expensive
19119,reqalts,how about asian food
8041,inform,im looking for a restaurant in the east part of town that serves world food
239,thankyou,thank you goodbye
3898,inform,moderate
4902,inform,i dont care
17915,thankyou,thank you good bye
22537,inform,do you have jamaican restaurant
12008,inform,scottish food
3325,inform,italian
9349,null,unintelligible
2204,inform,uh find a restaurant in the west part of town and
651,request,what is the phone number
1331,request,whats the address
10651,thankyou,thank you good bye
10265,null,noise
23624,thankyou,thank you good bye
10899,inform,italian
14779,null,incorrect
14880,inform,i want to find a moderately priced restaurant and it should be in the west part of town
1026,request,phone number
21858,inform,spanish food
13805,thankyou,thank you good bye
955,inform,want to find a restaurant in the west part of town that serves german food
1379,thankyou,thank you good bye
19271,request,can i get the address phone number
226,inform,any price range
9682,inform,expensive restaurants
7483,affirm,yes
12522,inform,italian food
4533,reqalts,is there another one
23508,inform,any
17643,inform,breath can i get a restaurant serving chinese food
6436,thankyou,thank you good bye
12891,request,and whats the phone number
6397,reqalts,how about korean food
13954,request,okay can i get the address
1685,reqalts,is there anything else
4839,reqalts,anything else
15526,affirm,yes
4965,inform,i want a restaurant that is cheap and
19565,inform,west
19348,request,address
5,thankyou,thank you good bye
14675,inform,south
18250,thankyou,thank you good bye
7582,null,nothing
10768,request,post code
10879,inform,modern european
23674,inform,im looking for a restaurant in the west part of town
14670,thankyou,thank you good bye
1475,reqalts,how about indian food
8135,affirm,yes
7630,inform,im looking in the south of the town
4450,inform,dont care
2590,request,whats the phone number and post code
12120,thankyou,thank you good bye
20528,inform,cheap restaurant in the west part of town
1683,thankyou,thank you good bye
15711,request,and the phone number
23210,request,what is the address
17772,null,um
20876,inform,im looking for a cheap restaurant
19497,thankyou,thank you good bye
13637,request,can i have the address please
5424,inform,i would like to find a restaurant in the east part of town that serves italian
22440,request,and the address
7562,request,phone number
11077,inform,a cheap restaurant in the west part of town
10329,thankyou,thank you good bye
19259,request,and price range
16155,thankyou,uh thank you and goodbye
1311,request,phone number
6163,inform,i want a cheap restaurant in the south
646,inform,moderately priced
17993,request,what kind of food is it
13709,request,the address
21414,inform,im looking for an expensive restaurant in the east part of town
22191,inform,dont care
21016,affirm,yes
22628,thankyou,thank you good bye
8397,request,a post code
6223,request,address
21839,inform,not chinese food thai food
12403,reqalts,how about portuguese food
23864,request,phone number
13615,thankyou,noise thank you goodbye
17091,reqalts,how about asian oriental type of food
9635,request,what type of food is it
15038,inform,cheap
10002,inform,find me an expensive portuguese restaurant
14260,inform,turkish food any area
16941,inform,south part of town
22940,request,can i get the address
20824,inform,moderate price
1875,affirm,ah yes im looking for persian food though
791,request,post code
23460,request,may i get the address and phone number
10689,request,whats the phone number
3817,inform,looking for a cheap restaurant
22399,inform,moderately priced in the south part of town
16757,request,area
9788,thankyou,thank you good bye
2255,request,phone number
14473,inform,world food
7356,request,type of food
7057,inform,any
22630,inform,any
15524,inform,chinese
203,inform,im looking for venison food cross talk
19991,thankyou,thank you good bye
2507,inform,i want chinese food
7132,reqalts,what about british food
22658,confirm,is it in the south part of town
19735,inform,vegitarian
4882,inform,looking for a restaurant
7711,inform,center
7499,inform,spanish
18793,request,address
13038,request,address
8285,inform,im looking for a cheap restaurant that serves brazilian
7364,inform,dont care
20152,inform,north
23934,inform,any
1431,thankyou,thank you good bye
5536,null,is there one serving
4692,request,phone number
3891,negate,no
3291,thankyou,thank you good bye
6927,request,phone number
7355,inform,food
7109,reqalts,what about chinese food
23107,reqalts,how about british food
10517,inform,british food
22165,inform,looking for a cheap restaurant
3985,inform,ok talian food
7016,inform,i dont care
20483,inform,mediterranean food
18018,request,whats the address
19668,confirm,is it expensive
22292,reqalts,other
12057,request,can i have the phone number
10941,inform,i want to find an expensive restaurant in the south part of town
22743,thankyou,thank you good bye
19012,inform,portugese
16114,inform,dont care
9483,inform,are there any british rest british food
7276,inform,i dont care
13517,thankyou,thank you goodbye
15209,thankyou,thank you good bye
3754,inform,south
10308,reqalts,is there any other ones anything else
21830,inform,i need thai food
15309,request,address
15506,inform,moderate
22564,inform,any
10625,reqalts,okay how about french
5483,inform,im looking for a moderately priced restaurant in the south part of town
6202,thankyou,thank you good bye
15532,inform,any
7000,reqalts,what else
5695,reqalts,is there a restaurant serving italian food
6944,thankyou,thank you good bye
1501,inform,can i find a expensive restaurant that serves welsh food
9052,inform,i dont care
22591,thankyou,thank you good bye
12288,reqalts,ah how bout a turkish type of food
12797,null,noise
612,inform,im looking for a restaurant in the south
16602,inform,malaysian food
9117,thankyou,thank you good bye
12901,thankyou,thank you and good bye
10273,inform,i need a cheap restaurant
6609,inform,hungarian food
9953,request,type of food do they serve
11619,affirm,yea
14095,inform,moderate
23315,request,address
15599,inform,african
18122,thankyou,thank you good bye
1745,inform,chinese food
11624,inform,chinese food
158,null,cough
6980,request,what is their phone number
976,inform,north part of town
3306,request,phone number
21652,thankyou,thank you good bye
14731,inform,inexpensive
1957,inform,expensive restaurant
3764,inform,south part of town
1636,request,okay i need the address
12819,reqalts,how about gastropub food
3445,request,address and type of food
3087,inform,any
7466,inform,restaurant south part of town christmas food
5711,request,and their address and phone number
903,thankyou,thank you good bye
7915,inform,any
11672,thankyou,thank you good bye
13126,null,unintelligible
1672,reqalts,how about an indian restaurant
8754,request,phone number
2242,thankyou,thank you good bye
7891,inform,african
20519,request,telephone number
20968,null,unintelligible
18587,affirm,right
5808,inform,i need an expensive restaurant in the south part of town
18639,inform,im looking for a restaurant in the north part of town
8466,reqalts,how about italian food
19574,inform,im looking for a restaurant in the south part of town serving austrian food
23121,request,whats the address and phone number
3501,request,what is the phone number
15140,inform,any
2931,inform,it doesnt matter
20400,thankyou,thank you good bye
18203,affirm,yes
10547,inform,gastropub food
16005,inform,moderately priced
20461,reqalts,how about spanish food
2958,request,phone number
13056,reqalts,uh what about indian
5295,inform,food
4427,null,unintelligible
18402,reqalts,how about asian oriental
2235,inform,i want to find a restaurant in any area
8309,inform,moderately
19715,inform,unusual food
5702,inform,gastropub food
6899,inform,it doesnt matter
12139,inform,breath unusual food
14075,thankyou,thank you good bye
11421,thankyou,thank you good bye
20221,inform,i dont care
6187,inform,south
5456,thankyou,thank you good bye
1414,reqalts,is there anything else
18772,reqalts,is there anything else
2957,request,address
12537,inform,im looking for a cheap chinese restaurant
647,reqalts,is there anything else
2669,reqalts,how about modern european food
279,request,what is the phone number
23602,hello,hello welcome
11902,inform,can i have a cheap restaurant in the west part of town
22332,reqalts,is there anything else
19043,inform,im looking for an expensive restaurant that serves irish food
22454,request,what is the phone number
5278,request,can i get the address
15387,request,phone number
1628,request,can i have the phone number please
17537,negate,no spanish food
19881,reqalts,what is available
7033,inform,south
13915,inform,i want a cheap restaurant in the south part of town
12323,reqalts,how about italian food
20251,thankyou,thank you good bye
20208,inform,im looking for a restaurant in the north part of town serving indian food
2078,request,address
20135,request,whats the address
21929,inform,south
4914,request,address
7117,request,what is the price range
10966,reqalts,is there anything else
7098,inform,italian
5249,request,phone number
23003,reqalts,how about modern european type of food
7874,negate,no
13866,inform,hungarian food
21596,null,noise
22400,inform,any
2020,null,sil
3697,request,phone
3326,reqalts,anything else
1044,thankyou,im done thank you
22515,request,price range
21129,inform,any price range is fine
19962,reqalts,how about indian food
14073,request,can i have the address and phone number
3966,request,phone number
22450,thankyou,thank you good bye
14279,inform,spanish food
11593,inform,traditional
17031,inform,im looking for a restaurant that serves unusual food
8404,inform,looking for portuguese food in the south part of town
8986,inform,north
15818,thankyou,thank you good bye
23513,request,phone number
2583,request,what is the address
14466,thankyou,thank you good bye
1841,request,okay what is their address
3294,thankyou,thank you goodbye
3012,ack,have a good
13945,inform,uh expensive
12620,inform,im looking for a restaurant in the west part of town
16334,inform,vietnamese
20100,request,whats the price range
2074,inform,basque
23142,inform,is there any expensive restaurant
3185,inform,sea food
3558,inform,any area
6239,thankyou,thank you good bye
10180,inform,any
15325,null,sil
19791,negate,no spanish
4104,request,phone number
10363,reqalts,is there anything else
3423,inform,uh doesnt matter
22248,thankyou,thank you good bye
20894,inform,north part of town
6543,reqalts,how about chinese food
14395,inform,spanish food
12618,request,the address please
1736,inform,the west part of town i want
11590,reqalts,what about portugese
6492,negate,no
4611,inform,doesnt matter
18828,inform,im looking for a moderately priced restaurant in the south part of town
20448,inform,moderate
9834,inform,i want swedish ffood
16476,inform,gastropub type of food
10883,request,address
5948,inform,im looking for a restaurant in the south part of town that serves jamaican food
111,inform,south
12904,inform,italian
566,inform,looking for a cheap restaurant serving portuguese food
8577,inform,north
7667,confirm,and is this a moderately priced restaurant
2034,request,may i have the address
7088,inform,dont care
3235,affirm,yes
20524,request,phone number
21202,affirm,right
14209,inform,japanese
4608,request,address
673,confirm,does it serve hungarian food
20617,inform,belgium food
16717,thankyou,thank you good bye
4518,inform,im looking for a cheap restaurant in the east part of town
2623,inform,im looking for singaporean food
6192,inform,vietnamese
2018,request,what is the phone number
12233,inform,christmas food
2365,inform,restaurant the serves english food
23448,inform,greek food
23568,inform,i dont care
8996,inform,north
1746,inform,north
22179,null,unintelligible
18137,affirm,yes
4041,inform,basque
22412,thankyou,thank you good bye
3212,inform,restaurant south part of town international food
13482,inform,i need a cheap restaurant serving eritrean food
6471,inform,russian food
14374,affirm,yes
22216,thankyou,thank you good bye
1995,bye,okay thank you and good bye
22633,inform,polynesian food
3248,inform,i dont care
7104,reqalts,is there anything else
8440,request,and the post code
3624,thankyou,thank you good bye
16468,inform,i am looking for a restaurant in any area and it should serve barbecue food
11131,request,what is the post code
10011,request,what is the address
13778,thankyou,thank you good bye
16315,inform,i dont care
15837,inform,i dont care
12305,inform,cheap
3094,reqalts,anything else
8496,request,what is the address
2576,inform,id like a restaurant that serves gastropub food
3517,request,whats the address
674,inform,im looking for an expensive restaurant that serves hungarian
23811,thankyou,thank you good bye
16095,request,what is the area
3684,request,address
8841,request,what is the phone number
10252,reqalts,is there anything else
8409,inform,mediterranean
9332,thankyou,thank you good bye
20887,request,phone number
4500,inform,any
7550,request,what is the address and phone number
14827,inform,i want a moderately priced restaurant in the north part of town
15815,affirm,right
16107,inform,doesnt matter
23398,request,whats the phone number
2714,request,phone number
5573,inform,indian food
14792,inform,in the moderately price range
5118,null,unintelligible
20594,request,noise can i have the phone number
2537,affirm,yes
5161,null,whats the unintelligible
10999,request,phone number
6571,inform,i want a moderately priced restaurant
21935,thankyou,thank you good bye
7545,request,and what is their post code
14498,affirm,right
461,request,what about the phone number
21153,inform,im looking for a moderately priced restaurant and it should be in the north of town
22182,reqalts,anything else
18348,inform,im looking for romanian food in the expensive price range
7558,thankyou,thank you good bye
15562,request,whats the address
8590,null,sil
10473,inform,vietnamese food
6894,inform,any
13343,reqalts,how about spanish food
13684,inform,any type of food
4884,inform,it doesnt matter
23689,inform,moderately priced
4920,request,area
8318,null,noise
23705,request,and what type of food do they serve
11443,inform,north part of town
18809,request,what is their phone number
19394,thankyou,thank you good bye
10058,request,the address
1348,request,phone number
2469,reqalts,how about vietnamese food
23380,request,price range
22558,request,telephone number
19273,null,sil
12428,null,unintelligible
8865,inform,food an
18081,null,noise
23629,request,what is the address
10227,inform,im looking for a
2364,thankyou,thank you good bye
18998,null,noise
17105,request,whats the address
3173,request,post code
12912,request,what area is it located
22931,affirm,yes
19255,inform,i do not care about the price range im just looking for a restaurant in the center that serves korean food
18911,inform,any area
10522,inform,i dont care
3004,inform,any
5675,inform,west part of town
18858,request,can i have its phone number
10307,inform,um surprise me
21176,inform,any
23854,inform,i want something in the south
12628,inform,uh italian
23616,null,noise
22339,affirm,ye
22372,inform,spanish food
19893,inform,im looking for something cheap
18976,request,what type of food is it
7943,reqalts,anything else
16420,request,what is the address and phone number
3255,inform,british type
2007,request,address
13136,affirm,yes
6108,null,unintelligible
6235,inform,west
10370,request,address
8575,inform,cheap restaurant
1682,thankyou,thank you
3177,inform,dont care
3562,reqalts,what about thai food
4964,thankyou,thank you goodbye
13534,negate,no italian food
9722,reqalts,anything else
2964,request,what is their phone number
6392,request,can i have their phone number please
16289,inform,chinese foo
21188,null,noise
5154,negate,no
118,affirm,yes
9396,inform,south part of town
13392,inform,scandinavian food
17576,null,serve
426,reqalts,how about asian oriental type of food
9863,thankyou,thank you good bye
21926,thankyou,thank you good bye
2959,thankyou,thank you good bye
21226,inform,italian food
1219,inform,is there any serving vietnamese
8619,thankyou,thank you good bye
551,inform,brazilian
13270,inform,west
12044,thankyou,thank you good bye
23086,inform,any part
13824,inform,chineese
12119,request,phone number
1544,inform,um i dont care about the price
10719,inform,i dont care
1011,reqalts,what about indian food
13338,inform,i dont care
21473,reqalts,how about vietnamese
20492,inform,dont care
3427,inform,im looking for a restaurant that serves chinese food
22114,inform,west
2379,negate,no
4716,request,what is the phone number
17658,negate,no
3323,null,expen
6662,affirm,yes
18353,affirm,yea
11012,thankyou,thank you good bye
4176,request,price range
15366,reqalts,how about asian food
2021,null,unintelligible
7813,request,can i have the phone nu
22099,inform,im looking for thai food
22158,inform,korean
21334,inform,moderate
10945,request,what is the phone number
687,affirm,yes
13692,request,phone number
3139,request,what is the phone number and type of food
10111,confirm,okay is that an expensive restaurant
23100,thankyou,thank you good bye
12767,affirm,yes
21823,inform,moderate
15752,null,noise
15830,inform,any
6188,request,phone number
12607,inform,dont care
5451,null,care
8361,inform,dont care
22207,inform,cheap restaurant
16748,request,address
1154,affirm,yes
8896,inform,north
4063,thankyou,thank you good bye
10957,request,what is the phone number
14671,thankyou,thank you good bye
23726,null,unintelligible
20023,thankyou,noise thank you good bye
15581,null,sil
12625,inform,um cheap
3132,inform,air tran
5913,inform,moderately priced danish food
10289,inform,it doesnt matter
14799,reqalts,how about indian food
18783,thankyou,thank you good bye
17456,inform,expensive restaurant serving world food
6318,inform,italian
20357,reqalts,how about indian food
12154,request,can i get the address phone number and post code please
11150,thankyou,thank you good bye
15337,affirm,yes
18264,thankyou,thank you good bye
16127,request,whats the address
21005,inform,i dont care
385,thankyou,thank you good bye
22572,inform,dont care
6016,request,what type of food does the missing sock serve
19281,request,whats the phone number
12849,inform,thai food
5122,request,post code
20033,inform,i dont care
7271,inform,i need a cheap restaurant that serves christmas food
20267,reqalts,how about any price range
12887,thankyou,thank you good bye
16387,request,phone number
21047,thankyou,thank you good bye
17028,inform,uh it doesnt matter
19966,reqalts,how about indian food
3239,affirm,yes can i have an expensive restaurant
23520,request,what kind of food do they serve
3244,request,can i get the phone number
4824,request,address
5030,inform,i dont care
21850,inform,id like a restaurant in the center that serves mediterranean food
7112,request,whats the address and phone number
4008,affirm,yes
20344,inform,i would like european food
9297,inform,west part of town
17073,inform,moderately priced
10921,null,sil
7778,request,phone number
4543,thankyou,thank you good bye
5488,null,suggestions
15265,request,may i have the phone number
20526,request,and what area
4669,request,whats the phone number
9360,thankyou,thank you
11211,inform,i would like to find a restaurant in the south part of town that serves
22638,null,noise
3619,inform,spanish food
23213,inform,im looking for a cheap restaurant in the north part of town
3782,request,what type of food do they serve
7253,inform,i am searching for a restaurant in the center that serves
14588,request,the phone number
13308,request,can i get the phone number and price range
18796,null,unintelligible
20096,inform,swedish food
13204,inform,polish food
23092,request,phone number
16226,null,sil
22856,inform,chinese food
2403,inform,im looking for a moderately priced restaurant in the west part of town
8202,request,whats the phone number
11760,request,and whats the price range
23160,request,address
12936,inform,moderately priced
1091,inform,doesnt matter
21763,inform,im looking for a cheap restaurant in the east part of town
8503,null,what was
9514,request,and the phone number
2528,null,noise
16775,request,address
11454,thankyou,thank you good bye
11076,null,i need
15129,request,phone number and address
22452,inform,north
11951,reqalts,is there anything else
22928,request,what is the phone number
9617,thankyou,thank you good bye
23016,request,what is the address and phone number
18131,request,what is the address
10378,inform,portuguese food
5891,null,noise
4467,thankyou,thank you good bye
11121,inform,doesnt matter
1709,request,post code
12774,inform,it doesnt matter
13227,thankyou,thank you good bye
20036,affirm,right
4006,inform,south side
23338,inform,im looking for a moderate priced restaurant that serves indian food
19014,request,phone number
10016,request,what is the phone number
18452,request,address and phone number
16074,inform,i want to find a restaurant in the north part of town that serves italian food
11556,reqalts,how about thai food
12437,inform,south
15539,null,noise
17410,inform,looking for a cheap restaurant in the south part of town
16072,request,phone number
406,request,what is the phone number
14121,inform,cheap price range
16340,thankyou,thank you good bye
100,inform,vietnamese food
22809,reqalts,what about british
10690,request,whats the phone number
17628,request,what area
16252,request,price range
328,inform,danish food in the south part of town
4939,request,and the post code
11171,request,what price range
23072,null,try again
3987,affirm,yes
10352,thankyou,thank you good bye
22321,request,phone number
15601,inform,center
6634,inform,i dont care
14695,thankyou,thank you good bye
3256,affirm,yes
15329,request,address
952,request,address
4617,inform,gastropub
9645,request,and their phone number
6654,inform,can i get a restaurant in the west part of town
9555,request,what part of town is chiquito mexican restaurant in
14077,inform,any restaurant that serves moroccan food
14508,null,noise
17480,request,what type of food
2254,reqalts,anything else
7244,inform,basque food
20365,hello,hi im looking for an restaurant in the center that serves korean food
3417,null,im looking
19926,thankyou,thank you good bye
21431,reqalts,is there anything else
12989,null,noise
12626,inform,um british
8685,thankyou,thank you good bye
8170,inform,cheap
17238,request,what is the phone number
4040,inform,basque food in the east part of town
17510,inform,venetian
11990,inform,thai food
1332,request,whats the phone number
7693,reqalts,anything else
17777,reqalts,how about indian food
18154,reqalts,what about chinese food
1675,thankyou,thank you good bye
11822,inform,i want an expensive restaurant that serves african food
1295,inform,dont care
3442,inform,it doesnt matter
2308,inform,doesnt matter
80,request,address
5377,request,what area is it in
20271,inform,i dont care
20676,request,phone number
6425,inform,dont care
9402,thankyou,thank you good bye
266,null,tv_noise
15611,request,whats the address
21922,reqalts,what about indian food
20656,request,may i have the address
7665,request,okay and can i get the address
2191,inform,doesnt matter
18375,thankyou,thank you good bye
22708,request,price range
2668,inform,kosher
16829,null,sil
1436,negate,no danish
7988,request,what part of town
4255,request,address
12317,null,system saying hello welcome
1928,inform,cheap
6112,inform,moderate
10332,inform,australasian
17188,inform,turkiesh food
16818,inform,i dont care
18718,request,post code
3954,thankyou,okay thank you good bye
16682,request,uh the post code
17605,null,noise
14471,thankyou,thank you good bye
18807,bye,unintelligible bye
1153,inform,any
5411,request,what is the address
3243,request,can i get the address
10638,request,what is the price range
8272,inform,south
5353,inform,gastropub food
20922,negate,no
23760,null,sil
6830,affirm,yes im looking for a restaurant in the north part of town
9491,inform,food in the south part of town
18988,inform,im looking for a moderately priced restaurant that serves tuscan food
10432,thankyou,thank you good bye
21255,reqalts,is there anything else
296,request,address and phone number
5064,inform,im looking for a moderately priced
8123,request,what is the address
16601,inform,malaysian restaurant
18953,request,can i have the phone number
5216,null,unintelligible
22583,reqalts,anything else
7895,thankyou,thank you good bye
13993,request,may i have the address
16552,thankyou,thank you good bye
1335,reqalts,what about british food
23954,thankyou,thank you good bye
636,inform,moderate restaurant seafood
16689,inform,polynesian
12822,affirm,yes
16104,request,what is the address
1573,affirm,yes
19556,reqalts,anything else
6717,request,what is the phone number
332,inform,im looking for a restaurant that serves european food
15512,inform,i dont care
8244,inform,i would like portuguese food
21572,inform,any food
18108,inform,i want to find a cheap re
9776,request,phone
23208,thankyou,thank you good bye
6615,affirm,yes indian food
5535,inform,food
7279,inform,any kind any thing
19558,thankyou,thank you good bye
14043,affirm,yeah do you have thai food
19879,hello,hello
4654,inform,im looking for a moderately priced
22410,inform,south part of town
10090,inform,im looking for a cheap restaurant in the north part of town
21292,request,price range
20997,request,can i get the address
13783,inform,korean food
22172,inform,in the north part of town
19538,thankyou,thank you good bye
7557,request,whats the phone number
18842,thankyou,thank you goodbye
20688,inform,gastropub food
2866,inform,korean
3609,inform,south
4549,request,what is the phone number
13055,inform,greek restaurant north of town
18643,affirm,yes
11491,request,address
21653,thankyou,thank you good bye
16625,inform,portuguese food
8669,request,address
23109,reqalts,how about creative food
5580,inform,south
9658,inform,im looking for french food
20364,thankyou,thank you good bye
14438,request,what type of food do they serve
11480,reqalts,is there anything that serves north american
4613,inform,moderate
15908,reqalts,okay how about indian food
13256,inform,south
11407,inform,looking for a cheap restaurant in the west part of town
9765,inform,cheap restaurant
22697,request,phone number
20421,inform,i would like modern european food
17135,inform,a moderate restaurant in the west part of town
1560,request,what is the address and phone number
23736,null,sil
20696,negate,no
13231,thankyou,thank you good bye
4649,reqalts,anything else
23994,thankyou,thank you good bye
3277,request,what is the address
5183,reqalts,how about chinese food
16996,thankyou,thank you good bye
18940,inform,any part of town
15301,inform,korean
14078,inform,any restaurant that serves asian oriental food
17652,inform,anywhere
3765,request,address
16681,reqalts,anything else
3685,thankyou,thank you good bye
7764,thankyou,thank you
9103,thankyou,thank you
17702,null,cough
21367,affirm,yes i am in the east part of town right now and i am looking for any place that serves indonesian food
2130,inform,can i get turkish food
12915,request,what is the postcode
1264,ack,okay and ah
17244,inform,cheap price range
7213,thankyou,thank you good bye
12687,thankyou,thank you goodbye
4328,inform,doesnt matter
6312,affirm,yes
18125,inform,moderate
21026,thankyou,thank you
17720,request,whats the address
9647,inform,im looking for a moderately priced restaurant and it should be in the north
10662,inform,pan asian
7191,request,the price range
23019,request,what is the address
6857,affirm,yes
2218,null,on the rest and the
17169,inform,south
19920,null,noise
18294,inform,looking for afghan good
2812,request,phone number and post code
23855,request,what is the address
4236,inform,swedish food
13138,affirm,correct
4487,request,what is the type of food
10715,inform,unusual
22475,thankyou,thank you good bye
22699,thankyou,thank you good bye
3916,request,what is the phone number
13913,thankyou,thank you good bye
20678,inform,center
18958,inform,uh international food
8958,deny,not european fusion
6256,request,phone number
18652,request,what is the address
19156,inform,portuguese food any price
18349,inform,it doesnt matter
15351,inform,portuguese food
10188,request,may i have the address
21821,thankyou,thank you good bye
8742,request,phone number
8502,reqalts,is there anything else
23209,inform,in the center
4265,thankyou,thank you good bye
17352,inform,im looking for a restaurant that serves turkish food
8395,request,can i get the address
11866,request,phone number
19260,request,could i have the address please
772,thankyou,thank you good bye
17550,inform,i dont care
20995,inform,vietnamese
16161,affirm,yes
23807,request,may i have the address and phone number
12916,thankyou,thank you goodbye
23350,inform,im looking for a korean restaurant
15541,thankyou,thank you good bye
2386,inform,dont care
9194,inform,bistro
92,request,phone number
17429,request,okay could i have the phone number and post code
15322,negate,no
7427,thankyou,thank you good bye
18410,affirm,right
21927,inform,expensive restaurant
14684,inform,a restaurant that serves creative food
20590,inform,serving austrian food
2066,inform,moderate
3372,null,um
15959,inform,food
5985,affirm,yes
19511,reqalts,is there anything else
3082,inform,restaurant
13384,thankyou,thank you goodbye
16486,thankyou,thank you goodbye
15805,request,can i get the phone number
4351,reqalts,what about british
2380,inform,asian oriental food
18611,request,address phone number
10413,request,could i have the address and post code
13195,inform,a restaurant in the west part of town
23857,request,type of food does it serve
4503,thankyou,thank you good bye
9399,reqalts,are there any restaurants in the south part of town that are expensive
11244,inform,im looking for a moderately priced restaurant in the east part of town
2997,inform,spanish food west part of town
11985,inform,i dont care
14388,request,what is the address
15270,inform,turkish type food
17800,inform,indian
576,request,what is the phone number
7052,inform,expensive
19104,null,sil
13405,inform,south
3821,inform,im looking for bistro food in the center of town
17933,request,phone number
8852,request,phone number
16329,thankyou,thank you good bye
8059,thankyou,thank you good bye
13275,request,what is their phone number
21393,request,phone number and address
23759,thankyou,thank you good bye
4504,inform,im looking for a restaurant in the east part of town that serves c
7320,reqalts,how about british food
23714,thankyou,thank you good bye
196,inform,polynesian food
22634,request,address
6379,request,phone number
19411,request,what is the phone number
16693,request,address
12816,affirm,yes
17921,null,noise
12617,request,what type of food
10381,thankyou,thank you good bye
13475,inform,im looking for a restaurant in the center of town that serves russian food
4345,request,what is the phone number
16915,reqalts,um how about european food
16076,thankyou,thank you good bye
361,thankyou,thank you good bye
11874,thankyou,thank you good bye
23172,request,and what type of food do they serve
821,inform,uh indian
13510,request,may i have the address and phone number for that venue
8236,inform,im looking for international
15789,request,and the phone number
9173,inform,west
20200,null,unintelligible
4917,request,area
2202,request,whats the address
3617,reqalts,how about spanish food
11736,inform,vietnamese food
3664,null,unintelligible
18384,request,whats their phone number
3832,inform,looking for a restaurant in the east part of town
17544,inform,uh doesnt matter
7017,request,address
14819,inform,crossover restaurant west part of town
7236,inform,dont care
19452,inform,cheap unintelligible food
17845,thankyou,thank you good bye
18811,request,what is their address
22696,request,whats the address
10919,request,what type of food is
3791,affirm,yea
12601,negate,no
9113,reqalts,what else
7207,request,great whats the phone number
6067,inform,swiss
18201,inform,brazilian
18884,inform,american
17779,null,noise
5515,request,whats the post code
16632,request,can i get the address and phone number
7438,inform,expensive romanian food
14164,inform,spanish
10739,request,what is the phone number
1293,inform,cheap
3025,reqalts,how about modern european
14602,request,area
11932,inform,austrian
3477,inform,portuguese
17045,thankyou,thank you good bye
15333,inform,okay well any price range at all
20912,inform,south
11543,inform,thai food
7345,affirm,right
10422,negate,no thank you good bye
18501,request,address
18434,inform,i do not care
23385,reqalts,what about thai food
18462,thankyou,thank you goodbye
19169,reqalts,how about mediterranean food
22054,confirm,is it moderately priced
13353,request,what is the signature dish
2346,inform,singaporean food
12999,request,what is the address
17017,inform,vietnamese
10435,reqalts,is there anything else
2459,request,phone number
15975,inform,breath expensive
22122,request,okay can i have the address and phone number
4177,thankyou,thank you goodbye
6150,null,sil
22025,thankyou,thank you good bye
16368,request,whats its address
11937,request,whats the phone number
15692,inform,thai food
20385,request,breath whats the phone number of the venue
16083,inform,indian food
23211,request,what is the phone number
14699,request,address and post code
9007,request,what kind of food does it serve
3111,inform,expensive
22919,request,whats the phone number
6001,inform,i want scottish food
7290,inform,north
20339,inform,im looking for a moderately priced restaurant that serves spanish food
10181,request,address
19851,request,address
10611,thankyou,thank you good bye
14596,inform,african food
20068,null,sil
20262,inform,im looking for thai food
22604,request,can i have the address and postal code
9675,inform,center
14422,request,address
4773,inform,austral asian
14573,negate,no
1082,thankyou,thank you good bye
8031,affirm,right
19475,inform,russian
23617,null,noise
1605,request,what is the address
20102,inform,im looking for a restaurant in any area
19759,null,sil
4425,null,unintelligible
9595,request,address
20899,null,adress
4687,inform,south
11098,reqalts,is there anything else
15734,thankyou,thank you good bye
23627,inform,i need it in the north part of town
14455,inform,danish
6010,request,okay may i have the address
5013,inform,doesnt matter
12206,request,price range
11390,request,the address phone number and post code
12303,request,and the price range
15491,request,what is the post code
12255,request,what is the address and phone number
17567,negate,no
3457,request,phone number
4548,request,what is the address
6992,thankyou,thank you good bye
21868,inform,spanish food
21799,inform,polynesian food east of town
17266,request,address
2937,affirm,yes
3472,thankyou,thank you good bye
19933,request,phone number
23976,inform,moderately priced restaurant
5153,negate,no
12099,thankyou,thank you good bye
11625,request,can i have the phone number
11946,thankyou,alright thank you thats it
17671,inform,it doesnt matter
21696,inform,tuscan food
4568,inform,i dont care
7569,inform,um west side
3015,inform,any kind of food
8555,inform,noise ease part of town east
21351,request,what is the address
14372,inform,vietnamese
11527,inform,i need asian food
1035,inform,i dont care
11101,thankyou,thank you good bye
19889,inform,i dont care
16146,thankyou,thank you good bye
20378,inform,south
15180,inform,im looking for a restaurant in the east part of town that serves chinese food
12680,inform,unusual food
10496,request,what is the address
18192,null,sil
6046,reqalts,what about indian food
19925,request,what is the address and phone number
10092,thankyou,thank you good bye
13798,affirm,yes
15489,request,what is the address
20476,inform,barbecue
1315,inform,i dont care
8159,request,address please
11309,request,whats the address
929,thankyou,thank you good bye
20974,inform,okay then any part of town
13212,thankyou,thank you goodbye
12507,request,whats their address
16079,reqalts,how about indian food
314,inform,breath id like to find a moderately priced restaurant in the west part of
9137,inform,moderately priced
2566,request,what is the address
9984,inform,expensive italian
16910,inform,i dont care
16811,thankyou,thank you good bye
21257,thankyou,thank you good bye
5681,thankyou,thank you good bye
18813,inform,breath im looking for a restaurant that serves cuban food
12842,reqalts,how about chinese food
237,inform,i dont care
6736,request,whats the phone number
21275,inform,west part of town
23415,inform,i would like a restaurant
21838,inform,thai food
12325,request,could i have the address and phone number
822,inform,doesnt matter
17157,reqalts,what about american food
23324,request,can i have the address and phone number
23553,thankyou,thank you good bye
8887,request,whats the address phone number and post code
19015,request,address
16332,inform,vietnamese
21383,inform,south
5426,affirm,yes
905,inform,chinese food
1732,request,what type of food is it
12814,thankyou,thank you good bye
14754,null,noise
6407,negate,no
22688,inform,cheap
663,request,and the postal code
14247,inform,cheap
12660,reqalts,what about vietnamese food
22586,request,phone number
12805,reqalts,how about asian oriental
6415,bye,okay good bye
8637,reqalts,dont care is there anything else
23969,thankyou,thank you good bye
16298,request,phone number
9864,null,cough
17739,inform,im looking for a cheap restaurant serving modern european type of food
3514,inform,i want to find a moderately priced restaurant
7227,request,what is the phone number
5429,inform,i need a restaurant in the center of town
6996,affirm,yeah
20610,thankyou,thank you good bye
6363,null,sil
20338,confirm,does it serve spanish food
10444,request,can i get the address
3595,affirm,correct
4854,request,whats the phone number
6578,request,and post code
19785,inform,im looking for thai food
12538,inform,a cheap
14336,reqalts,do you have a restaurant that serves turkish food
520,inform,indian food
22451,null,noise
4118,request,address
2695,request,the address
794,request,address
21340,request,whats the address
3084,negate,no south
21406,inform,i need to find a restaurant in the north part of town that serves jamaican food
1603,request,what is the address
5572,inform,vegetarian food in the east part of town
17516,request,phone number
11608,inform,im looking for a cheap restaurant that serves gastropub food
4831,affirm,right
17167,thankyou,thank you good bye
11636,inform,french
20686,inform,corsica food
13450,inform,cheap
486,inform,food
12837,thankyou,thank you
18310,null,sil
11538,null,noise
8941,inform,any part of town
13887,affirm,correct
23650,inform,spanish food
4525,inform,west
6373,reqalts,how about portuguese food
16464,inform,i dont care
11913,request,whats their address
11219,null,unintelligible
2509,request,cool whats the address
6590,inform,im looking for an expensive restaurant
12485,inform,moderate
926,request,uh can i have the address
13117,inform,i dont care
14496,inform,im looking for a moderately priced restaurant in the south part of town
23505,thankyou,thank you good bye
7854,inform,im looking for a moderately priced restaurant in the south
9882,reqalts,how about italian
21042,confirm,do they serve korean food
18917,affirm,right
3856,request,telephone number
21704,null,sil
4624,request,phone number
914,null,what is the
20178,affirm,yea
3721,confirm,is it asian oriental
11894,reqalts,anything else
21013,null,sil
8227,affirm,yes
8949,reqalts,is there anything else
2825,inform,spanish food
2344,inform,looking for a singaporean restaurant in the center
7599,affirm,yes
19701,thankyou,thank you good bye
5040,request,phone number
12641,reqalts,what about indian food
21777,thankyou,alright thank you bye
21560,thankyou,thank you good bye
2707,thankyou,thank you good bye
14818,thankyou,thank you good bye
2551,null,how about
7653,inform,i dont care
9886,thankyou,thank you good bye
1421,negate,no
4468,inform,im looking for a moderately priced restaurant in the north
14784,inform,dont care
20798,null,unintelligible
19767,inform,restaurant in the south part of town
6160,inform,any price range
9715,null,i would like a
4564,request,what is the address
21989,inform,catalan
21617,affirm,yes
1212,inform,seafood
3120,thankyou,okay thank you good bye
7865,thankyou,thank you good bye
2033,reqalts,what about in the west side of town
23514,request,area
10645,inform,any part of town
6783,affirm,yes
3535,reqalts,how about north american food
18705,request,phone number
7278,inform,im looking a cheap restaurant in the south part of town
4897,inform,im looking for a moderately priced restaurant in the east part
3467,thankyou,thank you good bye
10086,inform,indian food
22196,request,address
22979,bye,thanks good bye
10760,request,what is the address
20675,request,whats the address
282,inform,doesnt matter
17600,null,noise
15567,request,what is the address
4194,inform,gastropub type food
3494,reqalts,no there is no such venue how about portuguese type of food
14048,inform,i want a restaurant
13542,reqalts,kay how about indian food
8897,reqalts,anything else
17587,request,address
13258,inform,dont care
7365,reqalts,anything else
21007,request,and the phone number
20719,inform,i dont know
19830,inform,thai
20860,request,whats the address
22936,request,what is the phone number
17440,request,whats the phone number
7072,null,unintelligible
384,request,and the phone number
8675,request,address
7353,request,phone number
11739,inform,vietnamese food
22566,thankyou,thank you good bye
22997,request,address
356,inform,i dont care about the price range what about thai food
1168,reqalts,how about indian food
761,negate,no
23709,inform,australian
10796,null,unintelligible
3812,affirm,yes
8700,request,phone number
4870,inform,austrian food
21286,null,expe
4380,reqalts,is there anything else
4028,inform,cuban
10,thankyou,thank you goodbye
18989,inform,and at the gastropub
22148,thankyou,thank you good bye
2898,inform,the south part of town
1492,request,phone number
19238,request,and the phone number
1422,inform,find restaurant serving asian
19828,reqmore,more
6074,thankyou,thank you good bye
10887,null,type
19468,request,what is the phone number
4036,request,phone number
19846,inform,asian oriental
18528,reqalts,are there any other expensive restaurants in the east part of town
1785,inform,gastropub
16441,request,and what is the address
2011,inform,im looking for a restaurant in the west part of town that serves scottish
22249,inform,irish
10997,thankyou,thank you good bye
13540,inform,swedish food
4588,inform,expensive
18956,inform,im looking for a restaurant in any area and it should serve pan asian food
4933,thankyou,thank you good bye
6877,inform,expensive
19691,inform,south
23468,request,phone number
686,inform,any
12921,request,whats the address
19206,request,what is the phone number
8977,null,noise
12406,request,what is the phone number and address
15638,inform,swedish
18247,request,address
10905,null,im sorry
22750,reqalts,how about asian oriental type of food
14607,request,what type of food
23642,request,telephone number
13205,inform,modern european food
6467,inform,west
18776,request,whats the address
8069,request,whats the address
1343,inform,traditional
16242,request,address
21546,inform,belgium food
15323,inform,spanish food
8238,inform,i want to find a restaurant in any area
21720,thankyou,thank you good bye
22316,thankyou,thank you good bye
233,null,cough
9156,reqalts,anything else
13073,inform,indian
8538,inform,spanish
22256,thankyou,thank you good bye
22089,inform,asian oriental type of food
6049,inform,any
22492,request,what is the address
22277,request,price range
19039,request,what is the phone number
6085,request,what area is it in
6144,thankyou,thank you good bye
23235,inform,african food in any price range
5027,negate,no
4904,reqalts,is there anything else
9723,reqalts,anything else
5492,bye,goodbye
13344,inform,spanish food
13977,inform,the east part of town
20631,inform,moderately priced restaurant that serves creative food
12145,inform,there korean food
476,inform,cheap
5163,thankyou,thank you goodbye
12764,bye,goodbye
9852,request,can i change the price range
3053,thankyou,thank you good bye
1417,hello,hello hello oh your on the phone yea
23101,reqalts,breath is there anything else
17802,inform,dont care
16415,inform,asian
12817,null,how about
8352,inform,any price range
16015,inform,cheap
12932,inform,i dont care
22512,inform,indian food
4767,inform,it doesnt matter
4598,inform,expensive
12359,affirm,yes serving cuban food
19463,inform,unintelligible food
16541,inform,uh im looking for a cheap restaurant
2549,affirm,yes
11513,request,what is the address
6939,inform,west area
17996,inform,i dont care
13403,inform,asian
3144,inform,west part of town
15648,inform,moderate
8051,inform,dont care
9982,inform,i would like an expensive restaurant that serves korean food
6396,inform,irish food
3793,inform,danish food
20960,negate,no
20560,inform,food type
2519,inform,south
20341,request,and the phone number
15879,null,noise
19620,request,what is the price range
12228,request,what is the phone number
11594,inform,italian food
22963,null,sil
6930,inform,im looking for an expensive restaurant in the south part of
8953,inform,i want to find a restaurant in the west part of town and it should
23084,thankyou,thank you good bye
4790,inform,it doesnt matter
140,inform,i am looking for gastropub food
2313,null,nor
23982,request,address
15549,thankyou,thank you good bye
19256,request,could i have the address
13328,affirm,yes
6982,thankyou,thank you good bye
17229,thankyou,thank you good bye
18583,request,area
17325,null,do they serve
669,inform,hungarian
14953,inform,uh the west part of town
4228,request,whats the phone number
16938,request,address
1133,request,what is the price range
11260,inform,let me get some world food and i dont care about the price range
10785,thankyou,thank you good bye
2517,thankyou,thank you good bye
23501,reqalts,is there anything else
6281,inform,south
9655,thankyou,thank you good bye
2309,inform,dont care
21359,null,sil
14700,request,post code
23700,request,what type of food do they serve
13005,affirm,yes
23898,request,address
15573,inform,i dont care
8621,null,unintelligible
17580,inform,german
5069,request,whats the phone number
20245,request,okay do you have their phone number
18910,inform,north american type food
4676,request,whats the phone number
8702,inform,im looking for a pan asian food in the south of town
9786,inform,french food
2128,request,and the telephone number
22737,request,my i have the phone number
9080,inform,expensive
3266,reqalts,anything else
14259,thankyou,thank you good bye
3849,request,perfect may i have the address
20213,inform,i dont care
19261,thankyou,thank you good bye
9781,request,phone number
6032,inform,south of town
12715,inform,i would like mexican food
9588,inform,i dont care
4287,request,what is the phone number
23201,null,sil
14507,reqalts,is there anything else
1373,inform,bistro food
11545,reqalts,how about thai food
9985,inform,italian
3393,inform,whats a cheap restaurant on the east part of town
5902,request,alright whats the address
20545,inform,looking for a restaurant in the south part of town that serves australian food
9580,null,unintelligible
13537,request,what is the price range
20029,thankyou,thank you goodbye
22926,thankyou,thank you good bye
22553,thankyou,thank you goodbye
18403,reqalts,how about asian oriental
20223,negate,no
21641,inform,cheap restaurant in the west part of town
11795,thankyou,thank you good bye
53,inform,uh it doesnt matter
9075,request,whats their address
7566,affirm,yes
10946,thankyou,thank you good bye
13225,request,whats the address
12326,thankyou,thank you goodbye
3121,null,unintelligible
8943,thankyou,thank you good bye
8799,inform,moderately priced swedish food
5422,request,what is the post code
14363,inform,indian food in the west part of town
9943,request,good i have the address of that
17729,request,what is the price range
2808,thankyou,thank you good bye
4486,request,what is the address
7811,inform,i dont care
20000,request,phone number
18134,inform,um is doesnt matter
17020,request,price range
11494,request,post code
22243,inform,german
7575,inform,expensive restaurant romanian food
3349,request,what is the phone number and post code
17695,request,whats the phone number
10313,request,phone number
19776,inform,west side
2658,inform,shit served swiss food
1886,thankyou,thank you good bye
6968,request,and the address
2872,request,price range
3055,affirm,yea
6035,request,what is the phone number
15179,thankyou,thank you good bye
18089,request,what is the phone number
14962,inform,dont care
14562,thankyou,thank you good bye
21096,request,address
22702,request,and can i get the address phone number and price range
4455,request,what is the address and phone number
19638,inform,expensive restaurant south part of town
12407,request,i want to know the phone number
4242,request,what is its phone number
22476,affirm,uh yeah can i find a restaurant in the south part of town serving turkish food
14568,null,done
2347,thankyou,thank you good bye
5340,request,what type of food do they serve
19360,request,can i have the phone number
11908,request,what is the phone number and address
19295,request,oh so what is the phone number
217,thankyou,thank you good bye
16514,inform,russian food
6881,inform,unusal
7664,request,what type of food does it serve
2473,thankyou,thank you good bye
133,request,what is the address and phone number
2103,null,okay
6301,thankyou,thank you good bye
12002,inform,i dont care
1908,inform,the south part
16100,inform,turkish food
16189,inform,asian food
23791,thankyou,thank you good bye
17182,null,sil
7179,request,and the post code please
12690,affirm,yes
5283,request,uh phone number
3171,inform,im looking for a cheap restaurant in east part of town
16474,reqalts,how about gastro type
9662,inform,it doesnt matter
5063,thankyou,thank you good bye
9992,thankyou,thank you good bye
23028,request,what is the phone number
10245,reqalts,anything else
5826,request,type of food
5206,inform,an an expensive restaurant
18619,request,can you give me the phone number
2400,reqalts,how about indian food
15952,inform,seafood
962,request,what about the address
119,inform,british food
16176,request,what is the type of food
10030,request,okay please give me the phone number
858,inform,indian food
1227,inform,austrian food
13955,request,and the phone number
19853,inform,im looking for a cheap restaurant in the west part of town
20595,thankyou,thank you good bye
8294,inform,any
4848,inform,im looking for a restaurant
8391,thankyou,thank you good bye
22098,inform,im looking for a thai food restaurant and i dont care the price
5848,inform,expensive
7655,thankyou,thank you good bye
19382,inform,singaporean
21116,affirm,yea
616,affirm,yes
14357,inform,indian food
18509,request,what is the type of food
20767,reqalts,what about in the west area
8696,request,what is the phone number
10544,request,what is the price range
5919,affirm,yes
7223,inform,asian oriental food
1006,request,whats the phone number
17078,request,phone number
7067,inform,moderately priced restaurant in the south part of town
18515,request,what is the address and phone number
6614,inform,indian food
11049,inform,i want to find a moderately priced restaurant that serves vietna
9136,thankyou,thank you good bye
10642,request,address
15467,inform,it doesnt matter
17859,thankyou,thank you good bye
2217,request,okay what was the name
8857,reqalts,give me another one
20649,inform,uh it doesnt matter
10133,hello,hi i want a restaurant
1905,request,what is the phone number
7898,request,whats the phone number
13414,thankyou,thank you good bye
14736,request,what prices
11539,inform,uh restaurant in the west part of town
18110,inform,i want to find a moderately priced restaurant and it should serve asian food
1653,request,okay and whats the addre
20053,inform,is there one that serves creative food
10786,inform,find restaurant in south of town serving international f
9400,reqalts,how about indian food
16209,thankyou,thank you
20165,thankyou,thank you good bye
8709,inform,im looking for an expensive restaurant serving vegetarian food
12204,request,address
6031,inform,south of south of town
1224,request,what are the address
10536,inform,im looking for a moderately priced restaurant in the east part of town
7506,request,address
23395,thankyou,thank you good bye
9009,reqalts,how about cantonates food
9920,request,can i have the phone number
10615,inform,restaurant in the north
19196,request,whats the address
20527,thankyou,thank you good bye
5564,inform,im looking for an expensive restaurant in the south
3149,thankyou,thank you good bye
11717,thankyou,thank you good bye
6956,inform,any
692,null,unintelligible
11684,null,okay
21076,inform,im looking for a restaurant in the center part of town that serves unintelligible food
15078,reqalts,another one
3362,request,what is the post code
10678,affirm,yes
7472,inform,chinese food
11816,affirm,yes
14277,inform,eritrean
2256,request,phone number
13844,request,what is the phone number
15060,inform,south
20005,thankyou,thank you good bye
22436,null,noise
19976,inform,how bout one that serves portuguese food and is cheap
5508,request,what is the type of food
23446,request,what is the phone number
9114,reqalts,anything else
19676,request,the address
12426,inform,in the south side
23347,bye,see you goodbye
21984,request,awesome um whats the number
15639,inform,spanish
8095,inform,moderately priced restaurant in east part
9397,inform,north american
2824,negate,no spanish
17911,null,noise
7266,reqalts,is there a restaurant serving modern european food
410,reqalts,how about indian food
16451,request,type of food
1964,request,phone number
11247,inform,moderately priced
21867,inform,traditional
23144,thankyou,thank you good bye
20641,request,what type of food
21716,confirm,is it in the east of town
16943,null,cough
15071,request,can i get the phone number
8192,inform,asian oriental
1497,request,the address
5592,inform,food
22112,inform,um im looking for something in the west thats moderately priced
15308,request,address
23614,inform,moroccan food
14321,inform,im looking for a moderately priced restaurant
19028,request,what food do they serve
21011,inform,japanese
10724,null,sil
3938,inform,it doesnt matter
3899,request,address
19268,affirm,yes
8871,inform,any
4184,inform,i dont care
7894,request,address
17441,request,and whats the address
14542,inform,south part of town
9153,thankyou,thank you good bye
10023,reqalts,next
16117,request,address
4029,inform,cuban
7973,inform,dont care
3738,request,phone number and post code
5391,inform,doesnt matter
20957,inform,ok what about indian
104,reqalts,how about french food
7947,thankyou,thank you good bye
6547,request,may i have the address and price range
22153,request,what is the area
12039,thankyou,thank you goodbye
18840,request,what is the phone number
145,request,what is the address and phone number
23641,request,address
18300,inform,any
12894,inform,uh gastropub
1589,request,post code
18894,inform,indian
21891,request,what area of town
21108,inform,i want an expensive restaurant that serves sea food
1939,inform,serving catalan food
304,request,phone number
15237,thankyou,thank you good bye
21285,null,sil
12616,request,and the address
8381,inform,i dont care
8038,request,may i have the phone number
7102,thankyou,thank you good bye
17857,request,what is the phone number
13206,inform,modern european food
2399,reqalts,how about indian food
19850,request,phone number
16694,request,phone number
7084,inform,thai food
17655,null,sil
23417,inform,belgian food
3283,inform,dont care
17274,request,and the post code
17190,thankyou,thank you good bye
11702,inform,id like a international restaurant in the north part of town
3434,reqalts,okay how about a moderately prices restaurant that serves
20772,reqalts,is there anything else
17613,null,inaudible
6053,thankyou,thank you good bye
3787,reqalts,what about asian oriental
7628,inform,in the south
12448,inform,west part of town
14055,request,could i have the address phone number
754,inform,italian
12256,request,what is the phone number
4607,request,phone number
18405,negate,no
7717,inform,swedish food expensive
23325,thankyou,okay thank you good bye
1580,inform,gastropub
23780,thankyou,thank you good bye
17788,inform,i dont care
16956,inform,moderate
19045,inform,irish
584,request,what is the address
11784,reqalts,is there anything
16787,null,um
2617,request,and phone number
17861,inform,i dont care
10153,request,whats the address for moderately priced restaurants in the south part of town
4133,request,address
13919,thankyou,thank you goodbye
14174,inform,im looking for an expensive restaurant
18539,inform,the south
20806,inform,restaurant
20826,negate,no spanish
13148,request,whats the address
85,reqalts,how about a cheap asian oriental restaurant
14106,inform,any
15885,affirm,yes
12124,thankyou,thank you good bye
20743,inform,east part
11268,inform,spanish food
3654,request,what area is it in
1158,request,post code
9957,request,the address and phone number
11169,inform,hungarian food
13463,reqalts,is there anything else
14908,thankyou,thank you goodbye
16815,negate,no
18318,inform,in the north part of town
4774,affirm,yes
20293,thankyou,thank you good bye
11517,request,phone number
1060,inform,cheap restaurant
16758,thankyou,thank you good bye
6138,request,whats the phone number
17807,request,phone number
11341,reqalts,is there anything else
1016,inform,i dont care
20404,inform,crossover food
1243,request,whats the type of food
13398,inform,asian
7937,null,breathing
1366,inform,i dont care
20127,inform,im looking for an expensive restaurant serving french food
21954,thankyou,thank you good bye
22722,inform,im looking for a moderately priced restaurant in the east part of town
17185,inform,turkey food
9856,inform,expensive
14454,inform,danish
13060,inform,moderate
17378,reqalts,how about european food
13333,reqalts,how about british food
16043,request,where is the area
1375,inform,i would like asian oriental
5811,request,can i get the address
6891,inform,turkish food
19451,inform,unintelligible food
20360,thankyou,thank you good bye
3322,inform,south noise
17997,request,whats the address
22846,request,whats the phone number
3951,inform,cheap restaurant north part of town
5513,request,whats the address
11656,inform,korean food
14392,inform,im looking for
9895,inform,i need a restaurant in the west part of town
5462,inform,any
18185,thankyou,thank you good bye
15903,affirm,uh yes i would like a restaurant in the south
9032,inform,italian food
982,request,what is the address
20890,thankyou,thank you good bye
3923,inform,west
19073,inform,i am looking for a restaurant in the south part of town and it should serve cantonese food
1753,request,address
16810,request,price range
19935,thankyou,thank you good bye
8261,inform,i would like to find a restaurant that serves halal food
6921,inform,north part of town
1517,inform,doesnt matter
16816,negate,no
23566,inform,asian food
3604,request,what is the phone number
17347,request,whats the post code
6975,negate,no
8681,request,what is the phone number
17794,inform,im looking for a cheap restaurant in the north part of town
8277,null,unintelligible
13784,request,whats the address
17260,request,what type of food is served
19471,request,whats the phone number
20671,inform,moderate
482,inform,and asian
5430,inform,japanese
11563,request,whats the phone number and address
19481,request,and the price range
1106,inform,north
5525,inform,im looking for a restaurant in the west part of town that serves
13054,thankyou,thank you good bye
9974,inform,i need a cheap restaurant in the south part of town
20426,inform,thai food
8377,request,address
10139,inform,cheap restaurant that serves turkish food
7470,inform,christmas
3670,request,whats the phone number
4736,thankyou,thank you good bye
21772,affirm,yes
14912,inform,singaporean
22546,inform,restaurant in the west part of town
9180,inform,russian food
4879,request,whats the phone number
9320,thankyou,thank you good bye
8616,request,okay whats the address
22449,request,could i get their address and phone number
2414,inform,kosher food
378,reqalts,what about indian food
14000,inform,i dont care
19085,null,sil
12665,reqalts,what about vietnamese food
20460,inform,i want to find a restaurant serving world food
22237,null,noise
16993,request,phone number
10182,thankyou,thank you good bye
10213,request,can i have their address
1294,inform,restaurant
1701,request,the address
23606,request,post code
11374,ack,okay give me the first
7379,thankyou,thank you good bye
15675,inform,any
22813,thankyou,thank you good bye
5418,affirm,yes
7061,request,address
1220,reqalts,what about vietnamese food
17374,request,may i have the address
23354,request,whats the post code
8063,request,could i get their phone number please
10172,inform,south town
16096,thankyou,thank you good bye
7862,inform,uh i dont care
1124,affirm,yes
9404,inform,dont care
11502,request,what is the phone number
1505,request,what is the area
5738,inform,im looking for a cheap restaurant in the south part of town
4411,affirm,yes
6231,inform,cheap restaurant
8313,inform,mediterranean food
7298,request,phone number
16394,inform,moderately priced
6795,request,okay whats the phone number
14358,negate,no indian restaurant
3065,request,may i have the address
5697,affirm,yes
23868,reqalts,how about european food
19126,inform,the north
6234,inform,west
4113,null,new
3280,thankyou,thank you good bye
632,request,can i get the address
456,request,whats the phone number
1543,affirm,yes
14238,thankyou,thank you good bye
21658,thankyou,thank you good bye
15148,inform,south part of town
19262,inform,im looking for a moderately priced restaurant in the west part of town
1322,reqalts,uh what about chinese food
3199,inform,it should serve moroccan food
534,request,price range
22116,request,can i get the address
23604,inform,italian food
11604,inform,im looking for a cheap restaurant and it should be in north part of town
23904,inform,thai food
11042,thankyou,thank you good bye
15884,inform,asian oriental type of food
12041,request,whats the post code
452,thankyou,thank you good bye
21549,inform,thai
11178,request,what is the phone number
2138,request,the address
1982,request,can i get the address and phone number
3364,inform,cheap restaurant
13556,inform,aristrain food
5906,inform,scottish
19095,inform,do you have chinese food
12400,inform,im looking for a restaurant in the south part of town serve international food
19747,inform,south
16400,inform,dont care
344,null,sil
23221,inform,mexican food
5381,inform,any
13250,inform,moderate
6036,request,and the area
2068,request,and whats the phone number
12717,request,what is the phone number
14154,request,whats the address
5666,inform,basque
9665,thankyou,thank you goodbye
2989,request,type of food
14420,request,okay show me the address
12419,reqalts,how about british food
21753,thankyou,thank you goodbye
14038,inform,thai
591,request,what is the price range
18233,inform,the south part
7603,request,address
11464,request,what is the phone number
5212,request,and type of food
12518,request,and would you be able to tell me the phone number
2753,thankyou,thank you good bye
18037,affirm,yes
17339,inform,i dont care
20749,thankyou,thank you good bye
1358,request,and whats the phone number
9991,request,what is their address
14793,inform,is there greek greek food in the moderately price range
22535,request,what is the address
19592,inform,chinese
8190,inform,canopus
2882,inform,cheap
22541,inform,steak
14160,request,uh address
7846,negate,no
6374,reqalts,how about portuguese food
20547,inform,it does not matter
20009,request,what is the phone number
12873,confirm,is it moderately priced
8617,request,the phone number
20934,negate,no center
4167,inform,the south part of town
6243,request,phone number
23931,thankyou,thank you good bye
22654,inform,the south part of
2032,reqalts,how about indian
15065,affirm,yes
1061,request,phone number
3187,request,whats their address
16623,negate,no
3908,thankyou,thank you good bye
11256,inform,i dont know
17450,inform,korean food
18129,request,what is the address and phone number
21002,request,can you give me the address and phone number
2366,inform,i want a restaurant that serves british food
7600,affirm,yes
19837,inform,any
2678,request,address
23156,thankyou,thank you good bye
9127,reqalts,is there anything else
16828,thankyou,thank you good bye
11569,inform,high priced
7609,inform,british food
1532,inform,im looking for an expensive restaurant that serves european food
3278,request,what is the phone number
11092,request,uh can i have the phone number please
3237,request,whats the address
19096,inform,um moderate
1652,request,okay and ah wheres it located
16606,request,address
21996,request,area
4067,inform,swedish
23042,inform,id like to find a moderately priced restaurant
5357,inform,i want gastropub food
8954,inform,any
10734,request,type of food does it serve
18802,inform,in the west
14396,affirm,yes
19983,inform,can i have a thai restaurant
12784,thankyou,thank you
2145,thankyou,thank you good bye
21980,thankyou,thank you good bye
10614,reqalts,how about french
5398,inform,international
7285,thankyou,thank you good bye
4754,request,address
19387,request,phone number
1526,affirm,yes
13630,request,price
22272,null,unintelligible
17676,inform,tuscan
2912,inform,find moderately priced brazilian restaurant
22896,null,noise
21802,request,whats the address
8701,request,phone number
19977,affirm,ye
23669,inform,im looking for a restaurant in a area that serves
6760,inform,portuguese food
106,request,what is the price range
288,inform,cheap
17763,inform,food
843,request,may i have the address
7842,request,what is the area
608,reqalts,how about a place that serves portuguese food
5196,inform,um any type of food
183,inform,expensive restaurant
6569,request,whats the area
7164,inform,dont care
9605,inform,moderate
16896,inform,im looking for a restaurant in the north of town serving french type of food
1425,negate,no
16292,inform,im looking for an expensive restaurant that serves danish food
13283,inform,dont care
15656,request,where is it
19036,inform,find me vietnamese food
17151,null,noise
20229,thankyou,thank you goodbye
9161,inform,expensive turk turkish
16525,reqalts,how about north american food
7419,request,address
4550,request,what type of food do they serve
12118,request,address
4639,thankyou,thank you good bye
19241,inform,dont care
22907,thankyou,noise thank you goodbye
15007,request,may i have their address please
11323,inform,any
12215,thankyou,thank you good bye
18818,null,that serves unintelligible
18207,inform,expensive restaurant welsh food
6044,reqalts,what about australian asian food
20436,null,noise
15930,reqalts,how about french food
11966,request,phone number and post code
12721,request,can i have the phone number please
23634,request,whats the area
6596,request,area
9010,reqalts,how about cantonese food
3952,request,address
1395,request,post code
13213,inform,im looking for a cheap restaurant serving mediterranean food
7054,request,and the post code
22194,inform,expensive restaurant it should serve persian food
19724,null,i need cant
2189,affirm,yes
13881,inform,im looking for traditional food
14765,inform,i want a moderately priced restaurant
10920,thankyou,thank you good bye
7759,affirm,yes
22714,thankyou,thank you good bye
4239,inform,im searching for mediterranean food
20597,inform,uh a restaurant in the south part of town
14153,request,what is the phone number
8358,thankyou,thank you good bye
4473,request,whats the address
20621,request,address
5074,request,whats the phone number
20192,inform,i want to find indian food then
883,reqalts,what about european food
7234,thankyou,thank you good bye
21538,inform,korean
18401,null,laugh you suck
3307,thankyou,thank you
7594,ack,okay um
3228,inform,modern european
628,request,okay whats the phone number
14836,reqalts,anything else
7730,request,the address
2535,request,and whats the phone number
13870,inform,british
21756,thankyou,thank you goodbye
14951,inform,im looking for an italian restaurant
22190,inform,south
9097,request,address
4369,inform,i am looking for a moderately priced restaurant in the south part of town
16715,request,can i get the phone number
9909,thankyou,thank you good bye
22765,thankyou,thank you good bye
13093,request,phone number
22351,inform,looking for a sea food restaurant
17952,request,noise address
11194,inform,north
1312,thankyou,thank you good bye
3767,thankyou,thank you good bye
14061,negate,no
7035,reqalts,anything else
23476,null,noise
13261,request,what is the area
16355,negate,no
16067,null,sil
11623,inform,swedish food
21909,inform,portuguese food
18545,request,what is the phone number
19958,request,address
20712,inform,moderately
1915,inform,moderate european food
2854,reqalts,how about a restaurant in the west part of town that serves vietnamese
3148,request,can i have the phone number and price range
17769,inform,moderate
22018,request,phone number
20306,inform,serving modern european food
7471,inform,christmas food
1564,reqalts,is there anything else
14902,inform,center
22970,thankyou,thank you good bye
20987,inform,polynesian food
20662,request,whats the phone number
7251,request,address and phone number
6680,thankyou,thank you good bye
20327,request,address
195,inform,i want to find a restaurant in the south part of town
22259,negate,no italian food
7184,inform,malaysian food
12656,inform,id like to find a restaurant serving crossover food
6322,thankyou,thank you good bye
16283,inform,food
21595,request,noise address
871,request,and the phone number
15226,inform,im looking for a thai restaurant
16795,request,may i have the phone number please
132,inform,expensive
11830,inform,cheap restaurant in the south part of town
484,request,may i have the address
9531,request,phone number
11998,inform,north part
9236,request,what price range is this venue
23108,reqalts,how about creative food
9209,request,what is the phone number and address
21107,thankyou,thank you good bye
10428,thankyou,thank you goodbye
21401,inform,it doesnt matter
9527,inform,indian food
5213,null,unintelligible
19766,thankyou,thank you good bye
15922,reqalts,how about asian oriental
9284,inform,i want a cheap restaurant in the south part of town
20776,thankyou,thank you good bye
4224,inform,i need a moderately priced restaurant in the west part of town
17976,inform,jamaican
2094,null,none
3071,request,phone number
10925,request,what is the phone number
19137,request,whats the address
17257,request,type of food they served
4857,hello,hi im looking for a restaurant that serves spanish food
15858,request,whats the phone number
2602,null,can
9175,request,address
10119,request,may i have the address and phone number
7623,inform,uh cheap restaurant
13381,inform,expensive
12253,thankyou,thank you good bye
8375,inform,moderate
7616,request,price range
9804,inform,south
20417,negate,no
2383,request,the phone number
18263,request,what is their phone number
1849,inform,british food
15866,inform,expensive
19507,request,price range
17283,inform,center of town
17076,affirm,yes
20323,inform,west
9282,request,phone number
17560,reqalts,how about english food in the north part of town
22371,inform,i would like a moderately priced restaurant
11610,inform,gastropub
21573,inform,any kind of food
1479,request,phone number
2892,inform,i dont care
15110,thankyou,thank you good bye
22320,request,whats the address
5119,inform,moderately
3851,inform,moderate price
19575,reqalts,how about indian type of food
5420,request,what is the address
23474,null,noise
6509,thankyou,thank you good bye
1696,inform,i need a restaurant in the
12692,thankyou,okay thank you bye
12691,inform,expensive
17058,affirm,yes
887,request,whats the address
3000,affirm,yes
3238,thankyou,thank you good bye
21536,request,can i have the address phone number
2516,request,type of food
421,request,can i have the phone number
14887,inform,any
22127,inform,indian food
17995,inform,i want a moderately priced restaurant in the west part of town
16023,request,telephone number
17754,request,type of food
15869,inform,im looking for a restaurant in the north part of town that serves traditional food
19959,thankyou,thank you good bye
2628,inform,im looking for a restaurant that has unintelligible
11420,null,unintelligible
7683,inform,danish food in the center of town
9249,affirm,yes
23149,request,what is the price range
2322,null,unintelligible
14230,restart,can we start over
6168,inform,breath a cheap restaurant in the north part of town
3474,inform,i dont care
18251,null,noise
13040,request,phone number
16090,thankyou,thank you good bye
8856,reqalts,is there anything else
11911,inform,polish food
15359,inform,italian food
6608,inform,hungarian food in the west part of town
5271,thankyou,thank you good bye
6701,request,okay whats the address
20769,request,whats the phone number
5046,inform,expensive
14859,request,type of food do they serve
6544,reqalts,how about chinese food
21010,affirm,yes
18231,thankyou,thank you good bye
3760,inform,south
20948,inform,expensive
2871,request,can you give me the address and price range
19786,request,phone number
13395,reqalts,how about asian
21496,inform,chinese
17442,thankyou,thank you good bye
22689,request,address
15632,thankyou,thank you good bye
16987,inform,indian food
18144,reqalts,anything else
19644,null,sil
22984,null,sil
7003,inform,im looking for a moderately priced restaurant in the west part of town
9303,request,whats your address
21177,inform,jamaican
5084,inform,south
8327,affirm,yes
10175,inform,modern european
17509,inform,any
11392,thankyou,thank you good bye
17722,thankyou,thank you good bye
22511,null,unintelligible
7080,inform,looking for a cheap restaurant in the east part of town
16874,reqalts,is there anything else
4492,inform,change that to mediterranean food
9219,inform,cheap restaurant gastropub
15565,inform,any type of food
7329,inform,south
5017,request,whats the post code
15190,reqalts,what about north american food
2387,inform,korean
8989,inform,cambridge vietnamese food
10365,thankyou,thank you goodbye
17036,inform,i dont care
15074,inform,uh im looking for an expensive restaurant in the east part of town
668,inform,i dont care
20904,null,sil
16200,inform,i want french
5821,inform,west part of town
2117,negate,no
15360,inform,italian food
18699,request,and the phone number
7203,request,may i have the phone number
20241,affirm,yes
21187,null,noise
3337,request,okay i need the phone number and address
6732,thankyou,great thank you good bye
23437,request,what is the address
18677,inform,it doesnt matter
21712,request,the post code
15004,reqalts,how about european food
9857,inform,south part of town
7546,thankyou,thank you good bye
9911,request,address
16925,request,address
14900,thankyou,thank you good bye
23837,inform,any
4764,negate,no
23264,inform,oh i dont care
10226,thankyou,thank you good bye
1175,inform,mediterranean food
11266,inform,spanish food
1805,request,can i get the phone number
11204,inform,i dont care
8226,inform,uh italian
16603,inform,french food
2429,negate,no
6753,null,inaudible
7406,request,phone number
23771,inform,trying to find a cheap restaurant
7172,inform,find me a restaurant serving italian food
13577,inform,im looking for a restaurant in the center part of town that serves creative food
19331,request,post code
1988,request,whats the phone number
5526,inform,scottish food
16337,request,address
958,thankyou,thank you good bye
3835,thankyou,thank you goodbye
17013,reqalts,how about vietnamese
11746,request,address
17324,null,sil
6287,thankyou,thank you good bye
18120,affirm,yes
6749,inform,cheap restaurant
5917,affirm,yes
15199,null,sil
18591,thankyou,thank you good bye
19287,inform,that serves corsica
23925,inform,french food
2665,thankyou,thank you good bye
22270,request,address
19322,request,can i have the address please
19997,reqalts,is there anything else
20414,null,you have a shitty system
13682,inform,cheap
21471,inform,im looking for a restaurant in the west park of town that serves australian food
947,thankyou,thank you
15877,request,the address
249,null,unintelligible
4291,request,could i have their phone number and address please
18319,affirm,yes
2864,thankyou,thank you good bye
19294,reqalts,is there another alternative
7928,inform,south
20853,thankyou,thank you
9627,inform,i want korean food
5528,negate,no
9782,inform,italian
6562,request,phone number
10937,thankyou,thank you good bye
15304,request,area
13336,thankyou,thank you good bye
5131,thankyou,thank you goodbye
6251,null,town
2708,inform,expensive restaurant
23658,reqalts,how about international food
19561,null,noise
8898,request,what is the address
21346,thankyou,thank you good bye
11170,inform,hungarian
10225,request,what is the phone number and price range
9581,inform,expensive
15262,thankyou,thank you good bye
2140,thankyou,thank you goodbye
4832,inform,moderately
17328,request,what is the address
290,request,address
7040,inform,it doesnt matter
7662,inform,uh doesnt matter
1408,thankyou,thank you good bye
17588,request,phone number
22166,inform,north
18005,request,what is the address
5962,inform,uh west
17979,request,what kind of food
14750,inform,it doesnt matter
4572,request,whats the address phone number
11028,inform,it doesnt matter
5473,inform,moderate european food
2206,inform,thai
19951,null,sil
10470,thankyou,thank you good bye
4766,affirm,yes
17958,reqalts,what about italian food
2861,null,that serves viet
22229,null,i want
22507,inform,im looking for a cheap restaurant in the north part of town
23517,inform,expensive
17776,reqalts,how about indian food
5440,request,can i have the address and phone
2741,inform,id like a barbecue restaurant
13803,inform,im looking for a italian restaurant in east part of town
6838,request,can i get the address and phone number and post code
15596,request,whats the phone number
7137,inform,danish
5794,inform,food
23116,request,whats the address
1843,request,and what kind of food do they serve
11858,thankyou,thank you good bye
10729,request,what is the address and phone number
16935,request,address
22347,thankyou,thank you good bye
5907,inform,scottish
11404,inform,cheap restaurant in the north part of town
13472,request,what is the type of food
310,thankyou,thank you good bye
5379,thankyou,thank you good bye
23234,thankyou,thank you good bye
20682,request,how about the phone number
20700,inform,thai type of food
21230,thankyou,thank you good bye
23258,request,phone
17131,request,address
7195,reqalts,is there anything else
9301,inform,im looking for a cheap restaurant in the south part of town
490,affirm,yes
12155,request,what is the post code
3308,inform,im looking for a restaurant in the north part of town and it should serve
3762,inform,west
10275,negate,no i need a restaurant in the west part of town
1530,request,what is the post code
2194,request,address
8193,inform,asian oriental
20623,request,telephone number
7820,request,and what type of food do they serve
10529,inform,im looking for a moderately priced restaurant in the south part of town
23080,null,would you like something
6526,affirm,right
3651,affirm,right
11315,null,im looking
3032,thankyou,thank you goodbye
7572,inform,i dont care
21218,inform,moderate
153,request,address
5436,null,noise
12112,request,may i have the address
20575,null,sil
20065,reqalts,what else
4541,request,phone number
16487,inform,im looking for halal food
14462,inform,im looking for an expensive restaurant in the east part of town
23179,inform,moderate
22294,inform,i dont care
7853,request,what is the address and post code
7666,request,and the phone number
23047,reqalts,how about chinese food
18800,null,unintelligible
19784,confirm,is it thai food
17782,request,what is the address and phone number
23119,thankyou,thank you good bye
3201,request,may i have the address of the venue
11621,thankyou,thank you good bye
22950,thankyou,thank you good bye
2514,inform,expensive
3566,thankyou,thank you good bye
23720,inform,looking for caribbean food
8336,null,noise
20275,reqalts,how about indian food
8393,inform,im looking for an expensive restaurant in the east part of town
16374,inform,veitnamese
3102,inform,i would like to find a cheap restaurant in the west part of t
2398,inform,im looking for a restaurant in the west part of town that serves danish food
550,inform,any part of town
10758,inform,im looking for an expensive restaurant that serves basque food
16035,inform,i dont care
12314,reqalts,anything else
15178,request,and the price range
20495,inform,im looking for a moderately priced restaurant in the north part of town
20784,thankyou,thank you good bye
6849,inform,moderately priced
12230,thankyou,thank you good bye
6317,inform,italian food
16806,inform,dont care
18141,inform,i would like a moderately priced restaurant in the west part of town
18132,thankyou,thank you good bye
7779,thankyou,thank you good bye
21316,null,system
5484,request,what is the address
2606,inform,north american food
8110,request,and whats the post code
13629,inform,the expensive
14706,request,phone number
12704,inform,italian
20841,affirm,yes
17792,request,what is the phone number
20415,inform,modern european food
12290,inform,it doesnt matter
8027,thankyou,thank you good bye
2536,thankyou,thank you good bye
9740,reqalts,anything else
21700,inform,i dont care
21655,null,noise
189,request,can i get the address
22328,thankyou,thank you good bye
13493,inform,dont care
1043,inform,scandanavian
23832,repeat,repeat that
18669,inform,what asian oriental type of food
6761,request,um give me the addresses
20810,request,and where is that located
2575,confirm,does it serve gastropub
9830,thankyou,thank you good bye
11145,thankyou,thank you good bye
13722,reqalts,how about one serving unintelligible food
21392,inform,cheap
581,affirm,yes
14042,bye,okay forget it goodbye
19019,thankyou,thank you goodbye
18651,request,what is the phone number
16411,request,what is the address
7154,inform,afghan
20308,thankyou,thank you good bye
10357,request,what is the address and phone number
21250,hello,hello and welcome to the cambridge
9274,inform,creative food
7533,request,may i have the address and postcode
12985,inform,any
14785,null,is there
15388,thankyou,thank you good bye
17055,inform,portuguese
2121,thankyou,thank you good bye
15406,thankyou,thank you good bye
18516,thankyou,thank you good bye
22035,request,whats the address
15075,inform,any type of food
15569,null,sil
1003,thankyou,thank you good bye
10516,inform,caribbean food
8712,request,can i have the area of the restaurant
12131,thankyou,thank you good bye
20757,reqalts,what about korean food
6913,request,phone number
12698,inform,dont care
18400,negate,no im looking for pan asian
15904,inform,part of town and it serves mediterranean food
17254,null,sil
10770,request,what is the phone number
21099,thankyou,thank you good bye
8152,inform,it doesnt matter
16256,inform,portuguese
11067,request,whats the address
18967,affirm,yes
14206,request,whats the address
16995,request,post code
11699,request,what type of food
3496,inform,portuguese
14324,affirm,yes
13705,inform,any
20052,inform,looking for a cheap restaurant that serves creative food
19615,reqalts,how about indian type of food
13400,null,sil
424,inform,north
23341,inform,im looking for a moderate priced restaurant that serves indian food
21432,request,what is the phone number and post code
19999,request,phone number
18683,reqalts,is there anything else
16652,inform,cheap
20509,affirm,yes
16564,affirm,yes in the south part of town
14110,null,unintelligible
3405,inform,any area
14281,negate,no spanish food
16462,affirm,yea
11005,request,phone number
5240,inform,any
23547,thankyou,thank you good bye
18990,affirm,yes
14585,thankyou,thank you good bye
16214,affirm,yes
2079,request,what area of town
7166,request,phone number
16063,inform,i need asian food
11888,inform,i am looking for a cheap restaurant in the west part of town
6292,thankyou,thank you good bye
567,inform,i dont care
845,inform,um i want a restaurant in the north side of town and i want to eat christmas food
159,inform,indian food
19849,request,phone number
10704,thankyou,thank you good bye
15616,inform,the south
22614,inform,serving mexican food
2110,reqalts,what about chinese food
12459,request,what is the phone number
10281,reqalts,how about british food
11887,null,sil
21033,null,sil
4997,request,what type of food is it
6741,inform,mediterranean
18544,request,what type of food does it serve
1551,thankyou,thank you good bye
5583,inform,food
15186,request,and the area
9319,request,what is the address
3907,request,phone number and address
1561,thankyou,thank you good bye
12918,reqalts,how about any part of town
18601,thankyou,thank you good bye
6380,request,what is the address
22539,inform,im looking for an expensive restaurant in the east part of town
7646,inform,doesnt matter
5116,thankyou,thank you good bye
12815,inform,restaurant with corsica food
4558,inform,south
14255,inform,i dont care
18784,null,noise
7075,inform,french
9064,thankyou,thank you good bye
11004,request,phone number
1608,inform,find a restaurant serving cannabis food
10481,reqalts,how about asian oriental type of foo
14518,inform,i need a restaurant that serves turkish food
22026,thankyou,thank you good bye
15663,reqalts,is there anything else
6061,request,whats the phone number
2631,affirm,yes
9768,inform,cheap
23413,request,in the cheap price range
14521,request,whats the address
9233,reqalts,how about asian oriental type of food
5093,thankyou,thank you and good bye
8206,inform,chinese food
1639,inform,im looking for a cheap restaurant
6514,request,can i get the address and phone number
17444,inform,any area
6485,negate,no
12245,inform,brazilian food
933,affirm,yes i want the phone number
19883,request,what is the address
22912,null,noise
16924,affirm,yes
12144,request,type of food do they serve
10128,inform,any
2858,inform,vietnamese
8866,inform,any any part of town
15391,inform,um any time of european type food
16291,thankyou,thank you goodbye
15739,null,noise
1602,inform,korean food
18170,inform,doesnt matter
19305,thankyou,thank you good bye
16989,request,whats their address and phone number
5275,inform,scandinavian food
4629,thankyou,thank you good bye
14578,affirm,yes
12782,inform,any price range
20646,affirm,uh yes im looking for a cheap restaurant in the west part of town
2796,request,whats the phone number
3548,request,whats the address
22212,inform,im looking for an expensive restaurant
4341,inform,belgium food
12472,null,noise
14333,confirm,is it hungarian food
10856,inform,mediterranean food
11704,request,what is the address and phone number
4910,inform,gastropub
7175,inform,any of those things
12082,request,phone number
4945,thankyou,thank you good bye
21749,inform,expensive
9152,request,can i have the phone number
4610,inform,corsica food
4645,thankyou,thank you good bye
8492,request,and what type of food
23025,thankyou,thank you good bye
7182,inform,with malaysian food
10326,inform,chinese
17667,reqalts,how about european food
14035,deny,no i dont want chinese i want thai food
8441,thankyou,thank you good bye
16115,inform,cheap
17201,negate,no im looking for one that serves vietnamese food
5832,inform,moderate
21128,reqalts,how about chinese food
19599,inform,i dont care
20886,inform,expensive
13967,inform,i dont care
13304,null,serve
8536,inform,moderately priced catalan food
21543,request,whats the address
21085,inform,something serving swiss food
17827,negate,no british food
4878,inform,any
1192,thankyou,thank you good bye
16119,null,sil
22432,request,address and phone number
12647,request,phone number
7508,thankyou,thank you goodbye
10477,thankyou,thank you good bye
6585,inform,i am looking for belgium food
12458,inform,im looking for a restaurant in the east part of town that serves british food
3215,request,address
2558,hello,hi i am looking for a moderately priced restaurant in the east part of town
2421,affirm,right
12947,affirm,yes
6607,affirm,yes im looking for a
515,inform,south
13693,request,phone number
14218,request,what is their address
2972,null,sil
7094,request,what is there phone number
23916,inform,expensive
22837,request,what is the price range
17272,thankyou,thank you goodbye
12306,inform,cheap
17812,request,phone number
17545,inform,uh it doesnt matter
14812,inform,cheap
9866,inform,thai food
6062,thankyou,oh thank you goodbye
17943,inform,moderate restaurant south part of town
7090,inform,doesnt matter
16047,repeat,can you repeat that
7583,affirm,yes
18285,thankyou,thank you good bye
6096,inform,chinese food
14569,null,finished
8247,thankyou,thank you good bye
18727,inform,for a restaurant in any area with international food
1371,affirm,yes
5665,inform,im looking for a restaurant in the east part of town that serves
21288,null,sil
19192,thankyou,thanks goodbye
22694,null,sil
7378,request,what is its address
6767,affirm,yes
18412,thankyou,thank you good bye
1942,affirm,yes
11388,reqalts,how about a moderately priced restaurant that serves spani
19247,inform,i dont care
2192,inform,dont matter
4215,thankyou,thank you good bye
18791,request,phone number
3480,request,address
2718,request,i can have the address the phone number and the post code of the
23888,request,type of food
21873,thankyou,thank you good bye
8475,null,unintelligible
10073,request,and what type of food do they serve
14882,request,and what type of food
6351,request,whats their address
17080,ack,well take that one
17282,inform,center of town
17558,reqalts,how about spanish food
3877,reqalts,next one
4612,inform,anywhere
11550,inform,thai food
7727,request,phone number
9519,request,post code
23085,inform,moderately priced restaurant
19616,request,can i have an address and phone number
19056,request,phone number
23095,inform,im looking for a restaurant in the center of town that serves thai food
21295,inform,cheap restaurant
19406,inform,i want a restaurant in the west part of town that serves australian food
548,thankyou,thank you goodbye
17924,inform,jamaican food
5640,inform,irish food
14707,thankyou,thank you goodbye
12244,inform,brazilian food
12600,inform,looking for a restaurant that serves corsica food in any area
2943,thankyou,thank you good bye
21665,inform,i got to find a cheap restaurant that serves mexican food
22751,request,price range
16247,inform,center area
18093,request,what is the phone number
9749,request,what is the phone number
16402,request,the phone number
11035,request,what kind of food does it serve
12899,request,okay can i get the address
127,thankyou,thank you goodbye
18743,request,could i have the address please
20373,reqalts,how about chinese food
419,reqalts,okay what about modern european food
9132,null,serves
17267,request,post code
16725,request,what is the post code
1994,ack,okay and what about the address
143,inform,dont care
16489,affirm,right
2409,inform,expensive
16707,request,what type of food is it
22376,thankyou,thank you good bye
12558,inform,south
22253,inform,modern european
11783,reqalts,is there anything else
19936,null,sil
16030,inform,south part of town
3942,request,what kind of food do they have
18533,thankyou,thank you good bye
23010,request,and the address
11300,request,address
21435,inform,seafood
5231,thankyou,thank you good bye
8539,request,address
11398,reqalts,anything else
9506,bye,okay good bye
16417,inform,asian restaurant
14070,inform,i dont care
1123,inform,im looking for a spanish food restaurant
6575,affirm,yes moderately priced
14563,inform,gastro pub food
5882,request,what area is it in
15923,inform,asian oriental
5806,request,phone number
21349,inform,french
12675,thankyou,thank you good bye
11761,bye,okay thank you very much and good bye
7156,inform,chinese
18045,null,sil
17141,inform,id like moderately priced moroccan food
4434,affirm,yes
20557,inform,polish food
10501,inform,italian food
1606,request,price range
653,inform,uh im looking for a cheap restaurant in the south part of town
17951,null,noise
447,request,okay and uh the phone number
14644,inform,cheap
20026,reqalts,what about french food
19318,request,and the telephone number
959,inform,id like a restaurant in the south part of town that serves cuban
8982,null,unintelligible
17865,inform,uh korean food
21493,thankyou,thank you good bye
23408,null,unintelligible
21136,inform,spanish
10954,thankyou,thank you good bye
4679,inform,british food
17697,thankyou,thank you good bye
9751,thankyou,thank you good bye
2792,inform,north town
13485,inform,im looking for eritrean food
4033,inform,dont care
19215,request,can i get the address phone number and post code
2738,request,what is the phone number
7118,inform,id like to find a cheap restaurant serving mexican
8494,inform,im looking for jamaican food in the south part of town
20898,request,address
6490,null,unintelligible
13934,inform,dont care
21065,inform,any area
19064,affirm,yes
15163,inform,moderate
12146,confirm,does it serve korean food
16147,thankyou,thank you good bye
15120,thankyou,thank you good bye
20145,inform,north
9455,inform,i dont care
14360,inform,unintelligible food
5480,inform,chinese food
14865,inform,im looking for a restaurant that serves gastropub food
9118,inform,i am looking for a singaporean restaurant in the north part of town
9802,thankyou,thank you good bye
2411,request,post code
11920,request,what type of food
928,request,and whats the address
5657,request,address
1176,negate,no in any area
22239,inform,i dont care
23733,request,can i get the address
18943,thankyou,thank you good bye
14696,inform,looking for a cheap restaurant in the west part of town
9628,request,whats the price range
18447,thankyou,thank you good bye
14772,inform,any
22677,inform,expensive french food
13574,inform,doesnt matter
16062,inform,oriental food
11158,inform,it doesnt matter
8237,inform,any area
43,thankyou,thank you good bye
13241,inform,vietnamese food
15899,inform,any area
12188,inform,something in the north part of town serving chinese food
1350,null,unintelligible
3986,inform,kitalian food
12482,inform,italian
18095,thankyou,thank you good bye
16120,affirm,yes
16136,negate,no chinese
12126,reqalts,is there anything else
11935,inform,thai food
4761,reqalts,how about russian food
5245,inform,serving mediterranean food
10486,request,do you have the address
13640,inform,i want a restaurant in the center and it should serve european food
22948,request,what is the phone number
23263,thankyou,thank you good bye
2806,request,what is the phone number
6169,inform,any
19447,thankyou,thank you good bye
6810,request,the phone number
15444,inform,thai food
9747,affirm,yes
23106,inform,looking for moderately priced restaurant that serves creative food
10114,thankyou,thank you and good bye
4702,thankyou,thank you good bye
11090,inform,uh looking for a restaurant in any area and that needs to serve
10956,inform,doesnt matter
8443,inform,doesnt matter
15792,inform,cheap
21064,inform,yea i would like korean food
8595,inform,i need a restaurant serving modern european food
4552,inform,expensive restaurant
9661,inform,looking for a restaurant in the south part of town serving
7171,inform,danish food
21982,inform,persian
9874,thankyou,thank you good bye
10697,thankyou,thank you
3680,thankyou,okay thank you good bye
20061,inform,west
3550,request,whats the post code
1902,inform,a restaurant in the north part of town
5279,request,and the phone number
13393,inform,scandinavian food
5236,inform,im looking for a cheap restaurant and it should serve polish food
8049,inform,isian food
6858,reqalts,is there anything else
15121,inform,moderate
11010,inform,expensive
3900,request,address
15910,request,okay and can i get the phone number
6673,thankyou,thank you good bye
20897,affirm,yes italian food
15062,inform,west
22506,thankyou,thank you good bye
23426,inform,i need a cheap restaurant serving italian food
9098,request,price range
4670,null,unintelligible
7473,inform,chinese food
19634,reqalts,how about asian oriental
438,request,and the area
3077,inform,sea food
6737,thankyou,thank you
14601,request,phone number and area
11276,request,phone number
12332,inform,cheap
7971,inform,im looking for a cheap restaurant
6954,inform,portuguese
2924,thankyou,thank you good bye
10367,inform,expensive
22203,reqalts,is there another place
23430,inform,looking for a cheap restaurant that serves spanish food
2448,thankyou,thank you good bye
15660,inform,moderately priced restaraunt
22280,inform,any
14033,inform,thai food
11476,request,address
8042,reqalts,what about chinese food
13440,inform,noise cheap restaurant
3406,inform,um moderate
15873,request,phone number
20496,inform,the north part
11977,affirm,yes
10104,inform,i dont care about prices
7936,thankyou,thank you good bye
5376,request,address
7982,inform,south
7567,null,um how about
11712,request,phone number and address
1232,request,can i get a post code
22,request,can i get the address and phone number
15160,inform,any
13045,negate,no
22742,request,what is the phone number and post code
2620,hello,hi im looking for a restaurant
16905,inform,south
19244,request,whats the address
16178,inform,im looking for a cheap restaurant that serves portuguese food
12808,inform,im looking for a restaurant in the north part of town that serves asian oriental food
12699,request,whats the address
11869,null,im looking
988,request,phone number
20040,request,what is the phone number
23024,reqalts,is there anything else
19477,affirm,yes
12880,inform,west part of town
4912,inform,gastropub
21748,request,address
7648,request,phone number
2264,thankyou,thank you good bye
1391,inform,moderate
23225,inform,any
1981,inform,im looking for a cheap restaurant in the east part of town
20620,inform,thai
23944,inform,thai food
19504,request,address
18140,thankyou,thank you good bye
17041,thankyou,thank you good bye
3906,inform,chinese
18817,inform,can i find a restaurant
16024,thankyou,thank you goodbye
6548,thankyou,thank you goodbye
23511,inform,cheap restaurant portuguese
9448,thankyou,thank you good bye
22835,reqalts,what about indian
16223,null,sil
20266,affirm,right
11094,request,what type of food do they serve
3007,request,price
22348,inform,im looking for a cheap restaurant in the west part of town
20549,inform,change that to a chinese restaurant
13822,null,sil
19176,inform,north
11503,request,what is the price range
1703,request,post code
4270,affirm,right
78,inform,food
8323,affirm,yeah
3089,affirm,yes
23224,inform,cheap restaurant
5724,inform,international
4137,request,can i have the phone number please
4073,thankyou,thank you good bye
15042,inform,it doesnt matter
3719,inform,asian oriental
5469,inform,noise i am looking for a moderately priced restaurant unintelligible
15531,inform,uh im looking for a moderately priced restaurant
3692,inform,north
10321,request,address and post code
3021,request,may i have the address
7755,thankyou,uh thank you good bye
17000,request,could i have the phone number please
9707,inform,i would like australian asian food
22151,request,what is the address
16479,inform,do not care
22574,confirm,is it moderately priced
19493,inform,south
17356,request,whats their address
16959,reqalts,anything else
7757,reqalts,how about indian
13685,affirm,yea
18369,thankyou,thank you good bye
10320,request,address phone number and post code
19182,inform,the east part of town
65,null,im looking
14393,null,unintelligible
20342,request,and what is the post code
4146,thankyou,thank you good bye
6435,request,phone number
14634,request,can i can i have the address and price
8036,inform,i dont care
11280,reqalts,how about vietnamese
6670,request,address
21319,null,system
6834,thankyou,thank you good bye
15336,request,whats the address
18816,negate,no
13020,null,sil
5269,request,whats the address
2137,request,address
21197,null,range that serves cana
23269,thankyou,thank you good bye
21470,inform,chinese food
15139,inform,asian oriental
1385,request,whats the price range
4238,null,incorrect
10003,reqalts,how about mediterranean food
20182,inform,north
10239,request,and the phone number
12292,request,whats the address
5385,request,phone number
22783,request,address
10589,reqalts,what restaurants are in the west part of town
6011,thankyou,thank you good bye
5169,thankyou,thank you good bye
18032,reqalts,how about chinese food
11778,thankyou,okay thank you
7614,request,address
3090,inform,south
16595,hello,hello
23239,thankyou,thank you good bye
15806,thankyou,thank you good bye
17219,inform,moderate
20268,inform,im looking for thai food
8072,inform,i need a restaurant that serves african food
16129,thankyou,thank you
9598,null,im looking
6129,inform,it doesnt matter
5959,thankyou,thank you good bye
18009,inform,malyasian
23544,inform,korean food in the north part of town
4723,request,what is the phone number
4175,request,whats the phone number
7955,request,may i have the address and phone number
20612,inform,i dont care
14984,inform,i want some british food
18340,request,okay what type of food is that
5005,inform,any
932,inform,doesnt matter
11734,reqalts,anything else
4841,request,what type of food
1034,inform,im looking for a moderately priced restaurant in the north part of town
12654,negate,no
20352,request,what is the address
13285,deny,wrong
18531,repeat,could you repeat that
605,inform,im looking for a restaurant that serves romanian food
18694,inform,im looking for
3667,inform,i want a cheap restaurant in the north part of town
13835,null,okay
11823,request,whats the phone number
3694,inform,indian
17564,thankyou,thank you good bye
16488,inform,im looking for turkish food
3789,request,phone number and address
14780,null,incorrect
22461,request,address
5495,inform,moderately priced
21541,thankyou,thank you good bye
16848,request,what is the phone number
9649,request,whats the address
21976,affirm,yes
8020,null,noise
6249,inform,indian food
4431,reqalts,is there anything else
23127,null,noise
13965,thankyou,thank you good bye
11083,request,whats the phone number and address
1815,thankyou,thank you good bye
800,reqalts,how about indians
16086,request,give me the address please
18351,reqalts,how about mediterranean food
13657,inform,moderately priced restaurant
10552,inform,im looking for a moderately priced restaurant in the south part of town
17289,request,what is the phone number
14874,affirm,yes
14341,inform,any price range
2746,thankyou,thank you good bye
1980,thankyou,thank you good bye
12440,inform,can i find a moderately priced restaurant
23173,inform,im looking for moderately priced restaurant in the east part of town
16782,request,phone number
14883,null,sil
9390,request,can i get the post code please
7610,inform,british food
20870,inform,indian food
23563,inform,expensive
11486,request,okay and whats their phone number please
3081,thankyou,thank you good bye
9879,request,can i have the phone number
23831,inform,im looking for a moderately priced restaurant in the south part of town
11781,reqalts,is there anything else
20965,null,sil
12544,inform,im looking for a restaurant in the north part of town serving international food
5586,request,type of food
2909,inform,something moderately priced
6459,request,what is the phone number
10623,inform,restaurant in the north part of town that serves french
7627,inform,south part
23593,request,whats the address
13911,inform,west part of town moderately priced
6565,inform,i dont care
3872,inform,south
10808,affirm,yes
9924,reqalts,how about chinese food
20328,request,post code
14290,inform,mediterranean food
8304,inform,any
21853,thankyou,thank you good bye
18393,thankyou,thank you goodbye
23653,request,what is the address
17649,negate,no
1179,inform,any area
6328,inform,christmas food
19286,inform,im looking for a restaurant in the east part of town
2450,request,whats their address
5793,null,sil
3673,inform,im looking a cheap restaurant
18873,null,unintelligible
16628,request,what is nandos address
2764,request,address
23216,reqalts,anything else
811,request,kind i have the address
23570,null,sil
18690,request,phone number
2920,inform,chinese in the south part of town
21605,request,type of food
22839,inform,im looking for a restaurant in the south part of town that serves french food
22588,inform,moderately priced restaurant
4539,inform,expensive restaurant east part of town
2820,inform,mexican food
1015,inform,i dont care
12705,inform,south
1151,thankyou,thank you
16629,bye,okay good bye
18896,request,address
23409,inform,cheap
6628,request,may i have the phone number
14370,inform,expensive
21746,inform,expensive
13123,null,unintelligible
15966,inform,seafood
9766,null,noise
16970,request,the address please
22104,null,breathing
4921,request,the area
12389,inform,basque food
6302,inform,moderate restaurant south part of town
3928,null,i want to know
23326,inform,dont care
20816,thankyou,thank you goodbye
13089,inform,north
23748,thankyou,thank you good bye
9779,inform,west part of town basque food
12354,inform,i do not care
5117,inform,moderately priced restaurant in the west part of town
8476,negate,no caribbean
12259,inform,noise im looking for a restaurant serving vegetarian food
13924,request,and the phone number
19369,reqalts,anything else
18680,thankyou,thank you good bye
17966,request,address
16401,request,the address
13151,inform,cheap list
6498,request,whats the phone number
5327,request,what is their address
21754,thankyou,thank you goodbye
11317,inform,cheap
7219,inform,i would like an expensive restaurant
20770,thankyou,thank you good bye
12004,inform,im looking for a cheap restaurant in the south part of town
5645,thankyou,thank you good bye
15166,inform,cuban food
12030,inform,centre
6101,null,noise
19897,affirm,yes
407,thankyou,thank you good bye
22304,request,address
5286,inform,expensive restaurant expensive restaurant east
18798,null,unintelligible
21645,inform,expensive restaurant tuscan food
13025,thankyou,thank you good bye
19541,inform,i want a korean restaurant
614,inform,greek food
7458,inform,swedish food
15102,inform,i would like to find an expensive restaurant in the south part of town
18860,inform,looking for a cheap restaurant in the west part of town
10732,inform,i am looking for a cheap restaurant in the east part of town
19002,inform,any
16022,request,phone number
11729,request,what is the address
18957,reqalts,what about international food
18502,null,sil
7064,request,post code
2262,inform,turkish
16884,request,the address
2274,thankyou,thank you goodbye
16823,null,pizza
15170,request,what is the address
7969,request,what is the addre
6794,inform,oh i dont care
18569,null,sil
14597,inform,african
559,request,what is the address
22097,null,noise
2986,inform,cuban food
23011,request,whats the address
9521,inform,moderate price restaurant
3450,request,whats the phone number and address
14575,affirm,yes
2097,inform,portuguese
9735,request,whats the address
18895,inform,any
12,inform,any
2725,request,phone number
9214,inform,gastropub
4984,request,what is the address
8688,reqalts,how about british
17661,inform,what about other parts of town
19878,thankyou,thank you good bye
19778,inform,any fine
16358,inform,sea food
22052,reqalts,are there any restaurants that serve english food
16768,request,phone number
9960,request,what is the phone number and post code of the venue
15427,thankyou,thank you good bye
19932,inform,any
18723,inform,any food
10035,reqalts,how about turkish food
20601,thankyou,thank you good bye
9495,inform,portugeuse
20942,null,is there
15433,affirm,yes yes
23431,request,whats the address
17988,thankyou,thank you
19847,inform,any
13869,negate,no hungarian
19185,thankyou,thank you good bye
10251,inform,i dont care
19637,thankyou,thank you good bye
6629,inform,i would like moroccan food
5498,request,what is the address and type of food
16302,thankyou,thank you good bye
13833,thankyou,thank you good bye
12465,inform,south
15696,inform,id like a moderately priced restaurant that serves thai food
12223,thankyou,thank you good bye
14876,request,phone number
15395,inform,european type food
23887,request,address
22457,inform,is there any that serve european food
8164,request,what is the address and phone number
9411,inform,looking for a restaurant in the south part of town
22505,request,what is the address
7942,null,unintelligible
12831,inform,moderately priced
18182,thankyou,thank you good bye
18930,thankyou,thank you good bye
5435,thankyou,thank you good bye
21427,thankyou,thank you good bye
20651,bye,okay and um thank you and good bye
9093,request,can i have the phone number
15587,request,whats the phone number
22076,inform,italian food
1499,request,the post code
622,request,what is the address
2966,inform,im looking for moderately priced restaurant in the north part
21531,thankyou,thank you good bye
10520,request,what is the phone number
3552,inform,im looking for polynesian food
19418,inform,moderately priced restaurant
11175,thankyou,thank you goodbye
1909,inform,i dont care
10958,request,what is the post code
6707,null,unintelligible
7374,affirm,correct
19130,inform,moderate
16350,inform,sea food
1304,reqalts,how about north american food
4632,negate,no
14458,inform,vietnamese
1411,inform,doesnt matter
18186,thankyou,thank you good bye
15819,inform,im looking for a moderately priced restaurant
21564,null,noise
2838,inform,spanish food
11041,inform,im looking for restaurant that serves portuguese food
8889,thankyou,thank you good bye
13490,inform,eritrean food
20558,inform,north american
1674,request,whats the address and phone number
9035,request,phone number
21049,affirm,yes
22810,request,what unintelligible the price range
6033,inform,south of town
22159,inform,korea
1021,inform,it doesnt matter
19494,inform,expensive
13147,inform,vietnamese food
15003,inform,modern european food
6516,request,whats the address
16950,inform,i would like chinese food
2437,null,sil
17735,reqalts,anything else
21447,inform,i dont care
12280,inform,um anything else
7933,request,thats fine whats the address
7465,thankyou,thank you good bye
4620,inform,spanish food
19319,thankyou,uh thank you good bye
14302,inform,noise i would like to find a moderately priced restaurant in the south of town
9567,request,address
9835,reqalts,how about asian oriental
9795,thankyou,thank you goodbye
9094,thankyou,thank you good bye
965,inform,it doesnt matter
21732,inform,italian food
17753,request,address phone number and type of food
17313,inform,im looking for lebanese food
10591,inform,in the west of town
14472,null,town
19476,inform,north american
9232,inform,german food
13460,inform,the south part of town
22875,null,noise
19530,inform,gastropub of food
5441,request,could i have the address
1552,inform,cheap spanish restaurant
13741,inform,the east part of town
8423,request,whats the phone number
18256,thankyou,noise thank you good bye
11162,thankyou,thank you good bye
1072,inform,cheap restaurant in the west part of town
13861,thankyou,thank you good bye
5394,reqalts,is there anything else
22620,inform,steak
7100,request,phone number
15061,inform,west
14325,request,uh whats the phone number
3420,inform,im looking for a restaurant in the east part of town
5039,request,phone number
70,thankyou,thank you good bye
2320,null,unintelligible
19400,inform,south part of town
14403,inform,west side
9517,request,address
12508,request,and their phone number
23731,thankyou,thank you
4355,inform,any price range is fine
5423,thankyou,thank you good bye
6390,affirm,yes
18885,null,okay
5349,inform,i dont care
6563,thankyou,thank you goodbye
8868,thankyou,thank you good bye
789,request,address
5149,null,unintelligible
5007,request,what type of food is it
17146,inform,i would like indian food
21906,inform,i dont care
12900,ack,okay um
480,inform,cheap restaurant
12996,inform,doesnt matter
2506,confirm,is it chinese food though
19327,inform,west part of town
3234,inform,fusion food
11833,request,what type of food is it
13774,inform,i dont care
16382,inform,vietnamese
19421,null,inaudible
22710,request,what part of town
1092,inform,does not matter
5773,request,the address
2284,affirm,yes
17365,inform,any
3189,null,noise
1595,thankyou,thank you good bye
1319,null,uh
8070,request,and the phone number
21886,inform,food type
13836,thankyou,thank you
18448,inform,expensive restaurant south part of town
10810,repeat,go back
10906,inform,any
21082,inform,im looking for something expensive
6530,inform,cheap
15279,null,care
9877,thankyou,thank you good bye
2402,thankyou,thank you good bye
17298,null,sil
6957,inform,moderate
7441,inform,romanian
868,reqalts,anything else
697,inform,i dont care
13880,thankyou,thank you good bye
23522,reqalts,is there anything else
15723,bye,awesome thanks good bye
22163,inform,in the north part of town
3232,request,phone number
11749,inform,french food
643,thankyou,thank you good bye
9775,null,noise
17211,thankyou,thank you good bye
10323,thankyou,uh thank you good bye
15401,inform,cheap
9643,inform,im looking for cheap food
3618,reqalts,how about spanish food
8217,request,may i have the address phone number and post code
13655,request,what is the post code
17074,affirm,yes
8591,inform,afghan
8080,null,noise
3363,thankyou,thank you good bye
19862,null,noise
9818,request,what is the address
12632,inform,im looking for a cheap restaurant in the west part of town
12882,inform,indian food
10572,reqalts,how about gastropub type of food
6311,reqalts,what about vietnamese food
7738,affirm,yes
10567,request,what is the address
12009,inform,scottish food
110,inform,im looking for a cheap restaurant
19777,inform,thai food
2472,request,whats their phone number
13383,inform,expensive restaurant
6045,reqalts,what about indian food
2539,affirm,yes
19823,inform,thai
5930,request,post code
9305,inform,im looking for a restaurant in the west part of town
17948,null,noise
23345,request,the address
4214,request,whats the address
13825,affirm,yes
15978,inform,expensive indonesian
14480,null,dress
4798,inform,korean
9917,thankyou,thank you good bye
3329,inform,i would like a restaurant in the west part of town that serves cuban food
10703,request,how about the post code
2397,thankyou,thank you good bye
2019,thankyou,thank you goodbye
1535,request,whats the address
22965,request,address
11096,thankyou,thank you goodbye
14234,inform,what about irish food
5545,inform,can i find an indian
20741,thankyou,thank you good bye
9610,request,phone number
1794,thankyou,thank you good bye
292,thankyou,thank you good bye
17140,thankyou,thank you good bye
9819,thankyou,thank you good bye
18205,request,whats their phone number
23901,inform,caribbean food
23218,request,and the phone number
5633,inform,moderately priced
18425,inform,asian oriental
13140,affirm,correct
6332,thankyou,thank you good bye
15314,inform,any area
17950,request,address
3960,inform,north
18289,reqalts,if there is no such venue how about italian type of food
20092,inform,can i get swedish food
17669,inform,doesnt matter
8200,inform,um i dont care
19380,thankyou,thank you goodbye
9423,thankyou,thank you good bye
1049,inform,italian food in the south part of town
3870,inform,cheap
15470,null,sil
12258,null,noise
8531,inform,i want a moderately priced restaurant in the south part of town
9459,request,post code
15727,thankyou,thank you
13554,request,post code
21974,inform,i want to find a moderately priced restaurant and it should be in the north part of town
13179,inform,australian
17506,request,whats the phone number
8118,request,post code
20214,request,what is the address and post code
15921,reqalts,how about asian oriental type of food
17980,request,what kind of food does it serve
14541,thankyou,thank you good bye
7669,null,and the one before
912,inform,west part of town
9878,hello,hi im looking for a moderately priced restaurant in the south part of
125,inform,thai
7997,inform,swedish
15115,affirm,yes
21492,request,how about the address
8787,request,and the telephone number
681,inform,mediterranean food
16008,inform,dont care
14635,null,range please
18333,inform,oh i need to be in the north
10606,inform,im looking for an expensive restaurant that serves portuguese food
17227,affirm,yes
2638,thankyou,thank you good bye
20618,inform,dont care
13342,inform,a cheap restaurant serving caribbean food
18041,affirm,yes
21827,thankyou,thank you good bye
22684,inform,cheap restaurant south part of town
11417,inform,turkish food
13000,request,what is the price range
12370,reqalts,how about asian oriental
10021,inform,west
4579,request,phone number
6313,request,and their phone number
4536,request,and the post code
4576,inform,cheap restaurant serving malaysian food
5187,request,can i get the phone number
2518,inform,restaurant south
9468,thankyou,thank you good bye
20458,request,phone number
12872,inform,moderate
14813,null,noise
10750,inform,im looking for a restaurant in the north part of town serving in
4640,inform,cheap in the east part of town
14867,inform,i dont care
4160,inform,british food
1504,request,can i get the phone number and area
17432,request,address
1958,inform,south
1196,reqalts,anything else
1503,inform,asian oriental food
22246,request,address
11195,reqalts,anything else
8113,inform,dont care
6900,request,the address
451,request,and the post code
609,affirm,yes
14412,thankyou,thank you good bye
6276,affirm,yeah
23741,request,and the post code
9067,reqalts,do you have anything else
1491,request,phone number
8690,thankyou,thank you good bye
13268,inform,west
4868,thankyou,okay thank you good bye
17813,request,address
10588,inform,is there a venue in the west part of town
22649,inform,italian
3868,request,what is the phone number
13466,repeat,please repeat
10316,inform,im looking for a restaurant in the east part of town serving australian
21098,request,what type of food do they serve
5408,inform,in the east part of town
9341,null,unintelligible
7841,null,unintelligible
13156,request,what kind of food do they serve
20120,inform,i dont care
6687,reqalts,how about italian food
12723,null,noise
9328,inform,vegetarian
6271,null,okay
17614,thankyou,thank you goodbye
22701,inform,french food
71,null,sil
4123,reqalts,how about itailian
15480,affirm,right
2818,request,what type of food is there
4026,inform,west
15871,reqalts,how about asian oriental type of food
5399,inform,in the east part
6409,reqalts,what about the east part of town
3682,inform,any part
2312,thankyou,thank you good bye
18238,inform,restaurant
23550,inform,lebanese food
2046,inform,south
3948,request,address
23392,null,noise
12135,request,what is the phone number
18155,reqalts,how about chinese food
23335,inform,moderate priced restaurant that serves indian food
6522,request,okay whats the address
5827,request,type of food
21239,thankyou,um thank you good bye
23519,inform,mediterranean food
5490,request,what is the address
12560,thankyou,thank you good bye
6619,request,may i have the address and phone number
20989,inform,vietnam
6507,request,whats the address
6525,inform,uh restaurant in the west part of town with scottish food
22818,thankyou,thank you
6475,inform,any
1536,request,what area is it in
9504,request,area
301,reqalts,anything else
2405,request,whats the phone number
635,thankyou,thank you good bye
14344,request,the address
14188,inform,i want to find a restaurant in the west part of town that serves english food
18076,inform,i want a moderately priced restaurant in the west part of town
22365,thankyou,thank you good bye
21506,request,phone number
18374,request,what is the price range
15516,thankyou,thank you good bye
4209,inform,austrian food
20706,request,phone number
23648,thankyou,thank you good bye
12919,reqalts,how about a turkish restaurant anywhere
9989,request,what is their phone number
14815,inform,cheap price range
14919,request,what is the price range
11255,negate,no asian oriental
18633,inform,dont care
1377,request,whats the address
7608,inform,west
10828,negate,what no
4435,inform,the south part of town please
18072,inform,im looking for a restaurant in any area that serves bistro food
10167,thankyou,thank you good bye
16813,inform,portuguese
6880,inform,restaurant
6902,inform,center
2739,request,and the post code
8086,request,address
13360,negate,no
21264,inform,any price range
7645,thankyou,thank you good bye
22199,request,area of venue
16865,affirm,thats correct
19663,inform,italian food
23601,thankyou,thank you good bye
23555,negate,no id like
9540,inform,north
8003,request,address
808,thankyou,thank you
18208,inform,british
13978,request,whats the address
16403,thankyou,thank you good bye
99,reqalts,how about vietnamese
5330,inform,serves turkish food
10262,thankyou,uh thank you good bye
4530,inform,in the north part o
22433,request,phone number
10962,request,what is the phone number
15839,inform,south part
10531,reqalts,is there anything else
7373,inform,restaurant
13897,inform,in the east part of
11582,request,phone number
18706,request,type of food
20300,request,address
320,inform,i dont care
21180,request,whats the address
14875,reqalts,something else
18634,inform,dont care
11859,request,can i have the phone number
1986,affirm,yea
10087,request,address
3285,request,what area is that
17051,request,and the phone number and address
1321,inform,im looking for a cheap restaurant serving russian food
522,request,phone number
7679,negate,no im looking for asian oriental
6025,inform,middle
6087,inform,im looking for something moderately priced
12184,request,whats its address
135,thankyou,thank you good bye
5700,request,and their post code
11685,thankyou,thank you
12825,thankyou,thank you goodbye
499,affirm,yes expensive
582,reqalts,how about korean food
8161,thankyou,thank you good bye
20918,inform,expensive restaurant
10154,inform,i dont care
16665,request,whats the address
2361,inform,east part
12433,request,can you give me the phone number
38,inform,scottish
11368,request,address
4744,inform,could i have a moderately priced restaurant in the east part of town
18659,inform,im looking for a moderately priced restaurant
21284,inform,doesnt matter
2615,reqalts,how about indian food
6914,request,phone number
19485,inform,cantonese
16371,inform,cheap restaurant
12964,inform,any
22883,inform,french food
9729,null,unintelligible
17685,inform,indian food
12786,negate,no french food
15070,affirm,yes
20654,affirm,yes
20215,thankyou,thank you good bye
17453,inform,korean
23609,null,sil
17585,null,unintelligible
2987,inform,cuban food
16771,thankyou,thank you good bye
12036,inform,moderate
8480,request,phone number
17913,request,in what area
19950,inform,dont care
5170,inform,im looking for an expensive restaurant that serves swiss food
14514,inform,it doesnt matter
22418,thankyou,thank you good bye
15175,inform,any price range
13366,inform,moderate
7039,inform,moderate price north part of town
11037,request,whats the address
9591,request,how about phone number
9476,inform,spanish
6218,request,phone number
4461,request,what is the phone number
7196,request,what is the address and phone number
15103,inform,i do not care
17934,request,price range
15633,inform,im looking for an expensive restaurant in the south part of town
12791,request,expensive price range
10159,thankyou,thank you good bye
3230,inform,any
5370,thankyou,thank you
12333,request,address and phone number
20584,inform,catalan
22972,thankyou,thank you good bye
14879,null,noise
6000,thankyou,thank you good bye
59,inform,its expensive
23063,affirm,yes
370,inform,im looking for an expensive restaurant in the south part of town
9587,reqalts,how about asian oriental
21606,request,type of food
12663,negate,no
10301,inform,i need an expensive british restaurant
656,request,can i get the address and phone number please
12648,thankyou,thank you good bye
23332,request,whats the phone number
1138,null,noise
20583,inform,catalan
6702,thankyou,thank you good bye
8267,request,whats the phone number
1663,request,whats the address
12676,inform,restaurant that serves korean food
2666,inform,i want to find a cheap restaurant that serves
15355,thankyou,thank you good bye
18566,null,sil
17110,inform,any
10096,null,unintelligible
4114,inform,dont care
15143,inform,i dont care
22186,request,can i get the address and phone number
7592,inform,um moderate
15437,inform,i dont care
5841,inform,i am looking for a restaurant in the west part of town
3269,thankyou,thank you good bye
20542,inform,could i have a cheap restaurant in the east part of town
9568,request,phone number
12201,inform,thai food
17734,inform,indian
15241,inform,french
17530,request,different kind of food
17532,thankyou,ah thank you goodbye
16984,thankyou,thank you good bye
15431,inform,if theres no persian food about about chinese
2439,inform,doesnt matter
906,inform,breath i dont care
19500,inform,tuscan
19840,request,phone number
21038,inform,i want to find an expensive restaurant that serves swedish food
22771,inform,i want thai food
13675,thankyou,thank you goodbye
8707,request,what is the price range
22049,inform,cheap restaurant in the east part of town
9656,inform,im looking for a restaurant in the north part of town
18148,request,and phone number
13278,null,unintelligible
2316,inform,italian food
4747,request,could i have the address phone number and postcode
13668,null,unintelligible
18096,inform,im looking a restaurant in the east part of town
15312,inform,spanish
17214,inform,i dont care
3547,reqalts,how about chinese food
1627,affirm,yes
5599,affirm,yes
12990,inform,i need to find a restaurant in the west part of town that serves chinese food
1529,request,what is the address
12205,request,phone number
14032,negate,no im looking for thai food
16834,thankyou,thank you good bye
6216,reqalts,is their anything else
20554,thankyou,thank you good bye
19144,reqalts,how about chinese food
19129,null,sil
9931,affirm,uh yes turkish food
4923,request,location
12212,inform,expensive
3412,inform,turkish food
6015,request,what type of food
5221,null,unintelligible
18834,inform,i would like australian foo
5173,request,can i get the phone number
4813,inform,cheap
9544,request,phone number
2027,request,what type of food do they serve
4677,inform,i want to find a moderately priced restaurant
11959,inform,any kind of food
23428,request,could i get the address
20908,request,the address
5715,inform,i dont care
7443,inform,expensive romanian
19377,reqalts,what about asian oriental
3328,thankyou,noise thank you goodbye
3560,inform,jamaican food
20632,reqalts,how about modern european
23968,request,what kind of food do they serve there
17265,inform,cheap
3888,inform,in the north part of town
5121,request,address
16265,inform,russian food
1850,request,what is the phone number
12252,request,phone number
23137,inform,expensive restaurant
11835,inform,cheap restaurant
1019,inform,can i have an expensive restaurant
3974,inform,mediterranean
16784,thankyou,thank you good bye
23093,request,address
17823,thankyou,thank you good bye
15768,null,noise
21137,inform,spanish food
3251,thankyou,thank you good bye
493,inform,so i dont care whats the address
2227,inform,i dont care
17645,negate,no chinese
11290,thankyou,thank you good bye
7238,request,what is the address and phone number
14659,null,noise
17275,thankyou,thank you good bye
15790,thankyou,thank you good bye
367,request,whats its price range
1017,request,what is the phone number
8912,request,whats the post code
8966,request,and the phone number
20809,reqalts,is there anything else
7286,inform,steak house food
14168,request,location
23423,request,whats their address
22496,inform,chinese restaurant in the south part of town
1962,reqalts,anything else
8090,inform,i dont care
4799,inform,korean
3984,inform,talian food
8925,inform,i dont care noise
13582,inform,im looking for a restaurant in the center of town that serves mediterranean
14616,null,sil
6719,inform,um i want to find a restaurant that serves fusion food
8316,request,whats the post code
11019,inform,barbecue food
12890,request,okay can i get the address
16194,inform,expensive restaurant south part of town
4298,inform,i would like to find a moderately priced restaurant and it should be in the east
14312,reqalts,how about indian food
8105,null,thats fine
4602,request,and the post code
16711,thankyou,thank you good bye
8022,inform,any price range
10055,inform,south
6209,inform,center
4488,thankyou,thank you good bye
11716,request,whats the address
16751,inform,next restaurant
12121,inform,thai food
12352,inform,cuban restauran
3022,thankyou,thank you good bye
11295,thankyou,thank you goodbye
15184,request,the address
12301,inform,i dont care
23412,inform,cheap indian food
6721,confirm,is there a venue that serve vietnamese food
4664,thankyou,thank you good bye
4666,inform,indian food
19696,request,address
8228,null,okay um can i have the other
20289,inform,restaurant and it should serve steak house food
18209,inform,british food
19282,thankyou,thank you good bye
10054,inform,dont care
2152,null,now
15048,reqalts,is there a restaurant in the east part of town that serves indian food
8011,inform,uh afghan food
17704,affirm,yes
8680,request,what is the phone number
22983,thankyou,thank you good bye
19807,thankyou,thank you bye
17296,inform,expensive
15362,request,whats the address
79,request,type of food
4974,inform,expensive
21866,inform,traditional food
7806,inform,how bout italian foo
757,thankyou,thank you
18496,null,sil
6822,inform,im looking for an expensive restaurant in the south part of town
16264,inform,i am looking for a moderately priced restaurant that serves russian food
12810,negate,no
17122,inform,any
13456,thankyou,thank you good bye
19103,inform,south
13288,deny,wrong
5132,inform,moderately priced restaurant in the west part of town
16560,request,what price range is it
12493,request,can i get the address
8365,inform,world food
214,affirm,yes
9450,inform,well i dont care about the price range
19435,inform,thai food
13069,null,can you hear me
10978,inform,restaurant in the south part of town that serves indian food
13357,thankyou,thank you good bye
10942,inform,i dont care
15202,thankyou,thank you good bye
14156,thankyou,thank you good bye
6416,inform,im looking for an expensive restaurant
20259,inform,im looking for a thai restaurant
21448,inform,i dont care
14829,reqalts,is there anything else
4623,request,address phone number postcode
9248,inform,i want a cheap restaurant in the north
15854,request,whats the phone number
21584,thankyou,thank you good bye
11618,inform,price does not matter
18647,thankyou,thank you good bye
7074,inform,french
8420,inform,i dont care
5015,request,whats the phone number
14925,thankyou,breath thank you goodbye
18707,request,type of food
10492,request,address
22637,null,noise
23334,inform,i want a moderate priced restaurant that serves indian food
2127,request,what is the address and telephone number
14846,inform,center
12141,negate,no
11931,inform,dont care
8384,thankyou,thank you good bye
16796,thankyou,thank you good bye
4593,thankyou,thank you good bye
13132,affirm,right
3093,inform,south part of town
9362,inform,korean
4366,request,post code
16458,thankyou,thank you good bye
1651,request,kay and ah where is it located
8497,thankyou,thank you good bye
7702,inform,cheap
2853,inform,jamaican
22953,affirm,yes
13570,request,address
6023,inform,uh expensive european food
22720,request,address
19,inform,im looking for a restaurant that serves seafood
8867,request,may i have the address and phone number please
22136,affirm,yes the address
2220,request,phone number
4994,inform,a cheap restaurant in the west part of town
10871,request,phone number
14916,affirm,yes
8050,affirm,yea
6198,request,the address
20938,affirm,yes barbecue food
4528,request,phone number
9465,reqalts,is there anything else
16425,request,address
18752,inform,indian food
19404,request,whats the address and phone number
1194,inform,any
9130,thankyou,thank you goodbye
2642,thankyou,thank you good bye
1427,inform,restaurant
17321,request,what type of food do they serve
6434,request,address
21381,inform,south
3647,bye,okay good bye
16578,thankyou,thank you goodbye
17520,request,what kind of food
6868,reqalts,what about turkish food
12750,inform,a moderately priced restaurant
15634,inform,dont care
18261,inform,just chinese food in the north part of town
16366,null,unintelligible range
729,request,whats the address
3305,request,phone number
22978,request,what is the address
312,inform,any kind of food
22260,inform,um doesnt matter if its in the center of the town
19832,negate,no
22458,thankyou,thank you good bye
12847,inform,is a restaurant in the west part of town that serves
464,inform,cantonese food
20961,affirm,yes
7026,inform,turkish
7587,affirm,yes
3981,request,and the type of food
8800,reqalts,how about asian oriental
3693,inform,indian
6174,inform,im looking for a cheap restaurant in the north part of town
6280,affirm,right
16614,reqalts,is their anything else
7416,inform,south
1135,inform,i would like a cheap restaurant and it should
7476,request,address
21207,request,may i have the phone number talking
20983,request,what is the address
6775,affirm,yes
8018,inform,id like a portuguese restaurant
11769,inform,im looking for a restaurant serving romanian food
13082,inform,north part of town
10798,reqalts,anything else
17646,inform,chinese food
8670,request,phone number
16851,null,unintelligible
20608,request,phone number
11592,thankyou,thank you good bye
16248,affirm,yes
9725,request,whats the address
4251,thankyou,thank you good bye
13932,inform,catalan food
10661,inform,pan asian
20520,request,address
22147,request,address
13801,request,what is the address
3781,inform,im looking for a cheap restaurant that serves christmas food
1590,thankyou,thank you good bye
15835,thankyou,thank you good bye
15157,inform,austallison
9099,thankyou,thank you good bye
8813,bye,okay thank you and good bye
12529,inform,asian oriental
19741,null,noise
16641,inform,i want a modern european food
14595,thankyou,thank you good bye
2455,reqalts,how about india
4537,thankyou,okay thank you
16667,thankyou,thank you goodbye
3437,inform,im looking for indian food
6227,request,popular dish
10746,request,phone number
4634,inform,i dont care
335,reqalts,is there anything else
17602,inform,asian oriental type of food
508,request,could i have the area please
22282,inform,expensive
15283,inform,moderate price
2158,inform,french food
5677,request,what is the address and phone number
14808,inform,chinese food
1695,confirm,does it serve spanish food
16657,inform,can i have a restaurant in the center with spanish food
23645,request,phone number
17491,null,sil
22755,request,address
5237,inform,what about kosher food
10303,request,give me the phone number
21578,inform,im looking for an expensive restaurant in the east part of town
7099,inform,italian
23223,thankyou,thank you good bye
8112,inform,moderately priced north part of
3075,inform,chinese food im looking for sea food
10596,inform,may i have a list of venues in the west part of town
6772,inform,spanish
20435,null,noise
481,inform,i dont care
18507,thankyou,thank you goodbye
22682,request,address and phone number
18309,request,phone number
4622,inform,any
12630,inform,uh just pick a restaurant
11885,request,what is the address and post code
22466,inform,in the center of town
19191,request,okay can i have the address
20866,inform,indian
22621,inform,any food that serves any restaurant thats expensive
15804,request,where is it
23407,thankyou,okay thank you good bye
11281,inform,vietnamese food
6963,affirm,yes
11775,null,i want to find
9355,inform,downtown
15957,inform,seafood
14821,inform,crossover food
1829,hello,hello im looking for a cheap
21581,request,alright do you have the phone number for that one
14574,reqalts,how about european
16639,inform,i want a jamaican food restaurant in the center part of town
23057,reqalts,how about vietnamese food
3904,inform,cheap restaurant
10302,inform,any part of town
17079,thankyou,thank you
14994,reqalts,how about vietnamese food
7200,reqalts,how about british type of food
2150,inform,french
3920,request,whats their address
6726,inform,id like to find a spanish restaurant in the center
18006,thankyou,thank you good bye
18689,inform,any
19685,affirm,yes
17798,thankyou,thank you good bye
6798,thankyou,um thank you good bye
7450,thankyou,thank you good bye
198,request,may i have the phone number and address
19218,inform,um im looking for a restaurant in the center part of town that serves lebanese food
15334,inform,um i need a vietnamese restaurant in any price range
3681,inform,portuguese
19313,thankyou,thank you good bye
19971,inform,im looking for a cheap restaurant that serves canapes food
18436,reqalts,is there anything else
9196,request,what is the address
10980,request,phone number
23546,request,may i have the phone number
4198,affirm,yes
11336,request,post code
3416,thankyou,thank you good bye
4243,request,what is its post code
22636,thankyou,thank you good bye
1418,inform,find restaurant in north part of town serving fusion food
7922,thankyou,thank you good bye
2846,request,post code
4929,request,area
5926,null,sil
20667,request,phone number
14894,inform,cheap
14452,thankyou,thank you good bye
13575,request,may i have the address
18966,inform,the south part of town id like a restaurant that serves traditional food
9797,inform,doesnt matter
7252,thankyou,thank you good bye
15081,inform,im looking for a moderately priced restaurant in the south part of town
6408,inform,i dont care
10863,inform,looking for a moderately priced restaurant
16836,inform,any area
12497,inform,british food in the west part of town
13435,inform,in the north part of town
11031,request,their phone number
16421,thankyou,thank you good bye
21628,inform,brazilian food
23873,request,the address and phone number
23360,inform,restaurant north
2036,request,could i have its number
6815,inform,caribbean food
5778,request,may i have the address
514,thankyou,thank you good bye
18297,request,uh whats the phone number
13995,request,and their post code
20751,inform,airitran
22135,request,um whats the price range
11895,request,okay can i have the phone number
12043,request,phone number
19646,null,sil
2144,request,may i have the phone number please
13361,inform,spanish
21917,inform,any
19667,reqalts,what about expensive
17304,reqalts,how about european food
1140,request,what type of food
5099,inform,international type of food
10629,null,noise
23618,null,what is it by
7889,thankyou,thank you goodbye
6742,inform,expensive
1426,null,find
20354,request,what is the post code
19550,inform,yea im looking for a really cheap restaurant in the east part of town
2193,inform,expensive
7624,inform,i dont care
3194,inform,i dont care
13520,reqalts,how about international food
9208,inform,world food
6446,request,okay can i have the address and the phone number
22477,reqalts,okay how about chinese food
10845,thankyou,thank you good bye
8567,inform,any price range noise
2645,reqalts,is there anything else
13980,request,post code
10084,inform,pan asian food
9140,request,whats the address
20170,request,whats the address
19704,inform,i dont care
23125,reqalts,what about korean food
2342,request,whats the phone number
7360,inform,french noise
15997,request,whats the phone number and post code
179,reqalts,anything else
8753,request,phone number
14328,negate,no
1349,thankyou,thank you
3623,request,address
7925,inform,in the south part of town
939,request,can you give me the phone number
6102,inform,danish
8461,request,phone number
21301,thankyou,thank you good bye
21141,inform,spanish
14927,inform,spanish food
12165,inform,it doesnt matter i need the north part of town
6723,inform,i want to find a restaurant that serves vietnamese
15918,thankyou,thank you good bye
17552,request,phone number
4689,inform,south
8687,inform,english food
9126,confirm,is it expensive
4217,reqalts,what about a modern europene type of food
15834,request,phone number
5899,inform,doesnt matter
3541,request,and the price range
7663,null,okay
4894,inform,french food
15522,inform,im looking for a restaurant in the north part of town
9253,reqalts,anything else
10657,inform,i dont care
22947,reqalts,is there something else
74,request,what is the address
1955,request,and the phone number
3317,thankyou,thank you good bye
11490,inform,moderate
428,inform,im looking for a restaurant
7241,reqalts,is there anything else
19300,affirm,yes
10931,thankyou,thank you good bye
19579,inform,indian type of food
16596,inform,cheap
12414,inform,expensive
23997,thankyou,thank you good bye
7930,request,address
8239,inform,i dont care
9761,inform,okay um chinese then
10578,thankyou,thank you good bye
20864,null,breathing
6782,inform,expensive
22200,thankyou,thank you good bye
5991,inform,restaurant in the south part of town caribbean food
5741,thankyou,thank you good bye
22661,null,okay
22712,request,what is the phone number and address
7149,inform,i dont care
8149,thankyou,thank you
3105,reqalts,is there a different cheap restaurant in the west part of town
3403,affirm,yes
9800,inform,that serves in the moderate food price
5316,request,and can i get their address
22746,inform,dont care
16832,null,okay
23865,request,phone number
22715,null,sil
12078,thankyou,thank you good bye
17825,reqalts,what about british food
17963,inform,mexican
4244,thankyou,thank you good bye
10777,inform,north
10581,inform,north american food
3058,inform,a restaurant serving french food
20695,inform,doesnt matter
10223,inform,looking for a restaurant in the center of town that sells french
3858,inform,im looking for a cheap restaurant in the north part of town
17101,null,sil
10867,thankyou,thank you good bye
9044,request,whats the address
12661,reqalts,how about vietnamese
12196,affirm,yes
18928,request,address
752,thankyou,thank you good bye
11558,request,and what is the price range
22807,inform,cuban
14977,inform,moderately priced restaurant
12662,inform,vietnamese
17521,inform,italian food
4346,request,what area
5194,thankyou,thank you good bye
13350,request,what is the address
17038,request,whats the phone number
7875,negate,no okay thats fine what about french food
1791,reqalts,how about portuguese food
5594,thankyou,thank you good bye
498,affirm,yes
4742,request,can i get the phone number
16598,request,phone number
3607,inform,south
15935,inform,need a cheap restaurant
15164,thankyou,thank you good bye
2042,request,phone number
16433,inform,any
14561,request,what is the address
16359,request,address
13893,request,whats the phone number again
22051,thankyou,thank you good bye
1828,thankyou,thank you good bye
9473,inform,spanish
23131,thankyou,thank you good bye
7393,thankyou,thank you good bye
9844,affirm,yes can i have restaurants serving
11642,request,phone number
7381,inform,south
12761,request,what type of food do they serve
3839,inform,i dont care
17040,request,can i have the phone number
15320,inform,west
21415,request,phone number
1649,inform,ah it doesnt matter
13162,inform,serving christmas food
17790,request,what is the address
260,inform,i dont care
6056,negate,no french food
23004,inform,modern european type food
6734,inform,it doesnt matter
13914,inform,im looking for a cheap restaurant in the south part of town
11929,thankyou,thank you good bye
12484,inform,doesnt matter
3669,request,what the address
2279,request,address
13210,inform,i dont care
1410,inform,it doesnt matter
18218,request,whats the post code
21694,thankyou,thank you good bye
7361,negate,no french food
20234,request,what type of food
20630,thankyou,thank you good bye
19390,reqalts,how about cheap
345,null,sil
14410,request,phone number
3869,thankyou,thank you good bye
15533,request,whats the phone number
6915,null,sil
529,inform,north
2783,inform,i dont care
8638,inform,i dont care
12349,inform,i do not care
22023,negate,no
4393,request,what is the address
17479,reqalts,anything else
12929,request,phone number
13576,thankyou,thank you good bye
23662,inform,um portuguese
6610,inform,hungarian
16296,thankyou,thank you good bye
21227,inform,italian food
14099,inform,south
8091,request,whats the address
2275,affirm,yes
3302,inform,vietnamese food
19602,inform,chinese
18284,null,static
8150,thankyou,thank you good bye
11839,request,address
23919,inform,im looking for air tran food in the south part of town
20331,inform,im looking for a restaurant serving international food
3186,inform,portuguese food
22734,inform,im looking for a restaurant that serves scandinavian food
6981,request,what is their phone number
1217,null,noise
4741,inform,any
405,request,phone number
2794,inform,world food
1570,negate,no
4699,request,what is the address
1143,affirm,yes
11237,null,unintelligible
1289,reqalts,anything house
5432,affirm,yea
8885,thankyou,thank you good bye
10710,thankyou,thank you good bye
9291,request,whats the address
9719,inform,im looking for a cheap restaurant in the west part of town
7944,null,unintelligible
4191,inform,gastropub
14011,thankyou,thank you good bye
4647,inform,restaurant
7954,inform,british
15886,inform,any part of town
19907,reqalts,is there anything else
18844,inform,ah centre
4782,thankyou,thank you good bye
8349,inform,spanish
2261,inform,vegetarian
5736,request,okay whats the phone number
14506,inform,i dont care
4378,inform,doesnt matter
23638,inform,dont care
12733,null,laugh
6907,request,phone number
1449,request,phone number
11302,inform,catalan
2736,inform,i want to find a moderately priced restaurant in the east part of town
13215,thankyou,thank you good bye
9549,request,what is the phone number
21199,inform,noise are there any venues that serve indian type food
14369,thankyou,thank you good bye
8995,inform,moderate
1766,inform,im looking for a restaurant in the center that serves corsica
22117,thankyou,thank you good bye
10972,thankyou,thank you good bye
18744,request,could i have the address
2050,thankyou,thank you good bye
5360,request,their price range
15150,request,address
7525,request,whats the phone number
14056,thankyou,thank you good bye
2467,inform,any part
10640,thankyou,thank you good bye
4247,inform,thai food
14100,inform,moderate
21377,affirm,yes
14814,inform,cheap price range
6237,request,address
15529,request,phone number
2996,thankyou,thank you goodbye
9169,reqalts,what about italian food
3078,inform,sea food
5517,inform,moderately priced restaurant
19678,inform,restaurant in center
20316,request,phone number
17303,reqalts,how about european food
14457,inform,vietnamese
18975,inform,i dont care
7206,inform,vietnamese
9616,request,type of food do they serve
3840,request,whats their address
3677,request,address
22792,thankyou,thank you good bye
8179,request,address
1582,thankyou,thank you good bye
41,request,phone number
2213,inform,creative food
14725,inform,north part of town
2722,inform,south
16216,inform,north
1144,affirm,yeah
6637,request,and phone number
21741,thankyou,thank you good bye
10474,request,the area
12568,inform,im looking for a moderately priced restaurant that serves sea food
7134,thankyou,thank you good bye
654,inform,any type of food
19097,request,can i have the address please
14017,reqalts,how about mediterranean food
2260,inform,dont care
14996,request,whats the phone number
4678,inform,austrian food
4213,inform,cheap
22735,inform,scandinavian food
13311,inform,im looking for a restaurant in the center part of town
9498,request,what is the address
12137,thankyou,water cherries thank you good bye
8605,request,and the telephone number
19595,request,address
10416,inform,it doesnt matter
2941,request,can i have an address
6969,thankyou,thank you good bye
22894,request,phone number
9590,request,cool whats the address
16309,request,address
19143,inform,im looking for a restaurant in the north part of town that serves belgian food
15737,hello,hi i;m
21472,inform,australian
22887,inform,expensive
17848,inform,doesnt matter
7536,inform,i dont care
21466,inform,a restaurant in the east part of town that serves caribbean food
7486,request,phone number
3611,inform,expensive
11142,thankyou,thank you good bye
50,null,okay
1938,inform,restaurant in the north part of town
18841,thankyou,thank you goodbye
10643,thankyou,thank you good bye
13495,thankyou,thank you good bye
23482,inform,looking for a moderately priced restaurant in the east part of town
7720,inform,mediterranean
5707,inform,im looking for a expensive restaurant that serves indonesian food
20236,thankyou,thank you good bye
2526,request,price range
9599,inform,for restaurant
16162,negate,no
19596,request,phone number
1267,ack,kay
5025,inform,serves lebanese
17555,inform,im looking for a moderately priced restaurant in the north part of town
7012,thankyou,thank you good bye
8692,request,can i have the address please
5191,inform,i dont care
19415,request,phone number
20964,null,sil
9939,request,okay how bout their phone number
3400,request,okay can i have the address
19809,inform,dont care
14308,thankyou,thank you goodbye
20343,thankyou,thank you good bye
15761,request,phone number
19946,inform,doesnt matter
20359,request,and what is the price range
12981,inform,im looking for a place that serves mexican food
19857,inform,north part of town
10969,reqalts,is there anything else
1724,inform,it doesnt matter
11834,thankyou,thank you good bye
13952,reqalts,can i get the next one
8034,request,what type of food
2176,thankyou,thank you good bye
15326,inform,any
13439,thankyou,thank you good bye
2091,request,can i have the address of the venue
6577,request,phone number
21443,request,and can i get the address
989,request,post code
1201,inform,south
15635,request,whats the address
23996,request,whats the address and phone number
2515,request,address
9306,inform,i dont care
20034,deny,wrong
2055,inform,an expensive restaurant in the south part of town
2044,thankyou,thank you good bye
15462,inform,south
4314,thankyou,thank you good bye
6040,request,what is the address
7798,request,could i have the uh address and post code please
15580,null,sil
8794,thankyou,thank you good bye
4707,inform,i dont care
4574,request,post code
6098,inform,any
6162,thankyou,thank you good bye
20427,reqalts,how about thai food
15340,inform,a cheap restaurant and it should be in the west part of town
2683,negate,no north
21667,confirm,is there a cheap restaurant that serves vietnamese food
5260,inform,cantonese
9884,reqalts,how about italian food
12445,request,what type of food
12166,affirm,yes
20571,inform,it doesnt matter
20951,null,noise
14276,inform,eritrean
15002,reqalts,how about modern european food
21679,reqalts,is there anything else
13876,inform,hungarian food
6554,request,offer you the phone number and address
7659,affirm,yes
20880,inform,indian
13386,inform,any area
8727,inform,looking for a moderately priced restaurant in the north of town
10258,thankyou,thank you good bye
7224,inform,doesnt matter
10626,reqalts,how about a restaurant in the north part of town that sells french food
10500,inform,any
1209,thankyou,thank you good bye
18432,thankyou,thank you goodbye
9259,request,what is the phone number
20906,reqalts,how about a restaurant in the east part of town that serves indian food
22252,inform,irish food
12773,inform,moderately priced
22959,thankyou,thank you good bye
13982,inform,im kind of looking for some french food
3136,inform,i would like to find a moderately priced restaurant in the east part of
5461,affirm,yes
4034,null,okay
648,request,what type of food
19151,inform,i dont care
16345,request,whats the address
6658,request,and can you tell me the post code
20080,reqalts,is there anything else
4257,thankyou,thank you
2061,inform,south
21436,inform,seafood
7826,inform,south part of town
2369,affirm,correct
16642,affirm,ye
15754,null,noise
16230,null,sil
17901,inform,noise french food
23207,null,unintelligent
4392,inform,im looking for african food
14950,negate,uh no
16664,inform,i want to find a moderately priced restaurant serving spanish food
8834,reqalts,how about thai food
21328,inform,west
13009,thankyou,thank you good bye
3172,request,whats the address
9872,reqalts,anything else
1000,inform,any
20760,thankyou,thank you good bye
12843,inform,chinese food
8921,request,can i get the address and phone number
8286,reqalts,how about portuguese food
4835,thankyou,thank you good bye
2146,inform,im looking for a cheap restaurant in the
6725,thankyou,okay thank you good bye
20449,request,address
13039,request,address
8798,hello,hello and welcome to the cambridge
22538,thankyou,okay thank you good bye
17213,inform,spanish
21757,thankyou,thank you goodbye
7601,inform,south
16123,affirm,yes
22842,inform,indian food in the south
20533,inform,looking for a cheap restaurant that serves steak house food
21078,inform,not korean
19478,affirm,yes
18665,inform,dont care
20842,inform,anything
8647,inform,i dont care
2374,thankyou,thank you goodbye
9777,thankyou,thank you
13419,inform,expensive
18866,request,whats the address
16217,inform,north
12444,hello,laughing hello
4860,inform,any thing
14811,negate,no
4484,inform,mexican
23068,inform,thai food
7537,affirm,yes
15082,affirm,yes
23274,request,phone number
7140,inform,i dont care
6050,request,whats the price range
18127,thankyou,thank you good bye
2511,bye,okay well thank you good bye
11283,request,and the phone number
15646,affirm,yes
23819,inform,traditional food
15012,inform,portuguese food
225,affirm,yes
5219,null,unintelligible
17316,request,phone number
8229,null,okay uh what about the other
8151,inform,im looking for a cheap restaurant in the west part of town
14367,request,address
18035,negate,no chinese
14436,request,phone number
14481,null,dress
621,inform,any kind of food
21376,inform,chinese restaurant please
22500,inform,find restaurant in north part of town serving asian food
14777,inform,im looking for a moderately priced restaurant that serves greek foo
12045,inform,im looking for a restaurant in the north part of town serving
7367,request,address
21725,request,great could you tell me the address and phone number to that place
51,thankyou,okay thank you good bye
5803,request,address
15112,inform,persian restaurant in the north part of town
20711,inform,dont care
7613,request,address
5499,thankyou,okay thank you good bye
15779,null,sil
7280,affirm,yes
22774,inform,i want thai food
1975,inform,north
21369,reqalts,ok how about chinese food
18399,inform,pan asian
1781,inform,gastropub
13203,bye,goodbye
8927,request,what is the address
21296,inform,any
21761,thankyou,thank you goodbye
17290,bye,you good bye
20924,inform,thai food
16888,inform,im looking for a restaurant in the north part of town serving kosher food
1450,request,price range
16633,thankyou,thank you good bye
18559,request,phone number
3054,inform,im looking for a restaurant that serves german food
7860,thankyou,okay thank you
87,request,uh whats the phone number and address please
10152,thankyou,thank you good bye
1435,affirm,yes danish food
10221,request,and the phone number
7694,request,phone number
9470,inform,spanish
19317,request,what is the address and telephone number
17391,inform,modern european
11905,inform,looking for a moderately priced restaurant
16981,inform,any kind of food
12667,hello,hello
20079,inform,chinese food
8088,thankyou,thank you good bye
12753,null,noise
11525,inform,i need asian how bout asian food
22841,inform,indian food in the south part of town
14408,inform,french food
15478,inform,id like a restaurant in any area that serves vegetarian food
15583,request,whats the phone number for noise
20909,request,phone number
16622,inform,portuguese
2981,inform,cuban food
3733,thankyou,thank you good bye
10696,request,whats the address
11310,thankyou,thank you goodbye
23251,inform,in the center
3350,thankyou,thank you good bye
12536,thankyou,thank you good bye
8790,inform,expensive
8782,request,what is the address
18173,thankyou,thank you good bye
17610,request,phone number
891,null,unintelligible
3803,reqalts,how about turkish
14581,inform,expensive
13459,affirm,yes
12701,thankyou,thank you good bye
6598,null,okay
9604,inform,west
879,thankyou,thank you good bye
300,reqalts,is there anything else
11863,inform,swiss food
22394,request,phone number
5800,null,unintelligible
9157,affirm,yes
23175,request,whats the post code
19982,reqalts,what about thai
8612,request,what is the price range
9648,reqalts,is there anything else
18527,inform,i dont care
8740,inform,i dont care
9106,reqalts,how about korean food
12160,affirm,yes
5348,request,what type of food
19580,inform,indian type of food
14016,inform,i would like singaporean food
7700,inform,the north part of town
6708,inform,south part of town
6443,inform,i dont care
7300,inform,im looking for a moderately priced restaurant
16684,inform,moderate
4746,affirm,yes
213,inform,im looking for an indian restaurant in the
722,reqalts,what about chinese food
128,inform,uh expensive restaurant in the south
19600,request,address
1351,inform,doesnt matter
16998,inform,i do not care
16637,request,and whats their address
22801,request,address
13603,null,noise
12462,inform,expensive restaurant european food
84,inform,a cheap mexican restaurant
9216,request,type of food
147,thankyou,thank you good bye
5696,inform,italian food
21117,request,okay whats the phone number
20680,inform,i dont care
19546,inform,i dont care
21582,request,okay what about the post code
21956,inform,romanian
3926,reqalts,um is there anything else
13262,thankyou,thank you good bye
2990,inform,i want cuban food
4325,affirm,yes
6984,inform,im looking for a moderately priced restaurant and it should serve
7714,request,phone number
15154,request,what is the phone number
23884,request,address
7791,inform,are they the east side of town
18576,null,sil
19568,null,sil
441,inform,uh the north
7768,affirm,yes
8501,reqalts,is there anything else
14307,request,kind of food do they serve
3204,null,im sorry
12796,inform,north
10548,inform,expensive restaurant
12840,thankyou,thank you good bye
6300,request,what is their phone number
5539,affirm,yes
20954,inform,i dont care
3359,inform,i dont care
2735,bye,you good bye
7996,inform,north
2589,affirm,yes
22952,reqalts,is there anything else
12011,request,phone number
4367,request,what is the post code
8964,inform,looking for a cheap restaurant in the east part of town
8829,reqalts,is there anything else
22868,inform,i want a scottish restaurant
18632,inform,caribbean food
15259,request,phone number
5766,inform,i dont care
18779,inform,west
11045,inform,food
1593,reqalts,how about a turkish restaurant
12672,request,what type of food does it have
13514,negate,no cheap restaurant in the south part of town
22068,reqalts,okay what about a a modern european
3603,request,what is the addre
3526,inform,japanese food in the center of town
197,reqalts,how about portuguese food
19054,inform,i dont care
20653,inform,id like an expensive restaurant
17868,request,area
21439,inform,sea food
7322,affirm,yes
23565,inform,afghan food
18288,reqalts,how about italian type of food
1715,null,and
16339,request,address
10882,inform,a cheap restaurant in the north part of town
6675,reqalts,what about asian oriental food
13116,inform,im looking for a cheap restaurant in the north part of town
12992,reqalts,how about british food
11817,request,whats the phone number
2077,inform,korean
4523,inform,christmas food
3746,inform,south
20013,null,noise
23487,request,what is the phone number
20239,reqalts,can i try another one
13536,request,what is the phone number
8125,inform,moderately priced in the west part of town
6960,request,phone number and address
18147,request,okay can i get the address
3709,inform,i need a restaurant that serves corsica food
2771,thankyou,thank you good bye
14311,affirm,yes
662,request,thank you can i have the address phone number
17208,thankyou,thank you good bye
11384,null,any thing else
11267,affirm,yes
7148,thankyou,thank you good bye
22760,request,phone number
19483,null,sil
5199,thankyou,thank you good bye
1699,inform,i need a restaurant that
23943,null,noise
12963,inform,moderately
13119,request,what type of food does it serve
3702,thankyou,thank you good bye
19758,request,whats the phone number
10555,request,okay and what kind of food do they serve
6539,request,may i have the phone number
9185,request,what type of food does the missing sock serve
23104,null,noise
4927,request,area
6424,affirm,yea
14163,inform,spanish food
21023,inform,japanese
21874,inform,im looking for a restaurant in the center of town
15017,inform,id like a cheap restaurant in the south part of town
3001,inform,spanish
14825,request,may i have he phone number please
15896,inform,austrian food
22062,request,whats the price range
105,confirm,is it serving french food
16731,inform,english food
6368,inform,for a restaurant
10743,inform,spanish food
16772,null,unintelligible
21678,request,is it what price range
1572,inform,modern european
12071,inform,im looking for barbecue food
3748,inform,dont care
20925,inform,expensive restaurant thai food
10083,inform,i dont care
3366,inform,barbecue
13279,inform,dont care
5304,affirm,uh yes international food please
21361,inform,south part of town
3211,thankyou,thank you good bye
23939,inform,thai food
20497,inform,i dont care
489,inform,french
61,request,what is the post code
8030,affirm,right
18865,inform,any
15107,reqalts,anything else
22208,request,address
7437,null,noise
4863,reqalts,another place
17959,affirm,yes
7270,thankyou,thank you good bye
10807,reqalts,anything else
8793,request,phone number
17247,request,may i have the address
22100,inform,thai food
2075,request,what type of food
15029,inform,i dont care
20411,inform,modern european food
11904,thankyou,thank you good bye
19975,inform,canapes
14327,inform,noise hungarian
4025,thankyou,okay uh thank you and good bye
1442,request,what area
558,inform,i dont care about the price range
4565,thankyou,thank you goodbye
4202,request,whats the phone number
19688,thankyou,thank you good bye
21677,inform,i dont care
6172,request,may i have the phone number
1199,inform,im looking for a cheap restaurant in the south part of town
580,inform,im looking for an expensive restaurant that serves basque food
18057,request,address
1405,inform,im looking for an expensive restaurant in the east
6453,thankyou,thank you good bye
23978,null,priced
18947,null,noise
5531,inform,with scottish food
16173,inform,any
4706,inform,expensive
9583,request,address
22627,request,phone number
19887,inform,are there any serving european food
9148,thankyou,thank you good bye
19184,request,whats their phone number
10249,request,whats the phone whats the phone number
7904,inform,im looking for a restaurant that serves italian
12746,negate,no
17384,request,and the phone number
10891,inform,north
12014,request,whats the address
9419,reqalts,anything else
15046,null,unintelligible
5334,request,address and phone number
2552,inform,asian oriental
19509,inform,im looking for a moderately priced restaurant in the west part of town
11575,confirm,okay is there a chinese restaurant in the north part of town
8435,thankyou,thank you goodbye
20134,request,the address
3154,reqalts,anything else
11015,request,may i get the address and restaurant and
18391,inform,moderately priced restaurant
6110,negate,no moderately priced
8873,request,and the phone number
4340,thankyou,thank you good bye
9059,thankyou,thank you good bye
17741,request,can i have the address and post code
21810,inform,what about modern european
1825,request,whats the address
20600,request,the address
4941,inform,im looking for a restaurant in the east part of town that serves international
7766,reqalts,how about turkish food
18854,request,noise address
2155,null,now
22439,reqalts,is there another
21004,inform,id like a moderately priced restaurant in the west part of town
9187,thankyou,thank you good bye
14881,request,whats the phone number
13178,inform,looking for a restaurant in the east part of town
14024,reqalts,okay how bout thai food
21991,request,address
5626,thankyou,thank you good bye
5578,inform,any
910,inform,west
12540,inform,any part of town
13804,request,uh address
18889,affirm,yes
14428,request,whats the address
1298,request,post code
18624,inform,any
8407,thankyou,thank you good bye
14094,thankyou,thank you good bye
13790,request,whats the address
17329,thankyou,thank you good bye
23929,inform,west part of town
17437,inform,im looking for a cheap restaurant in the west part of town
11568,inform,moderate
11034,inform,eirtrean
1842,request,what is their phone number
1802,request,expensive price restaurant
14108,request,what is the address
2173,inform,any
6587,inform,belgium food
10722,request,okay whats the phone number
1913,reqalts,how about modern european food
23656,request,the address
3295,inform,im looking for a cheap restaurant in the south part of town
21559,thankyou,thank you good bye
15028,request,what are the price ranges
10610,request,what is the area
15827,negate,no
5256,inform,i dont care
22007,inform,vegetarian
19639,inform,any
17838,affirm,yes
21990,inform,any
10498,thankyou,great thank you good bye
14128,request,address
10099,null,unintelligible
1764,request,phone number
21000,inform,barbecue food
20335,inform,im looking for a moderately priced restaurant that serves traditional food
14424,thankyou,okay thank you goodbye
1253,reqalts,what about chinese food
8032,request,address
11571,request,address
17931,inform,thai food
21611,request,the phone number
22204,request,what is the address
17124,affirm,yes
20971,request,location
5877,null,noise
23191,inform,im looking for a restaurant in the north part of town that serves thai food
3042,request,type of food does pizza hut serve
4758,null,noise
3287,inform,east part of town serving swedish food
5157,null,how about unintelligible
773,inform,moderately priced restaurant halal food
3805,confirm,do they serve turkish food
9487,request,what type of food does it serve
4140,inform,uh dont care
13169,inform,any type of food
12611,thankyou,thank you good bye
8855,reqalts,what else is there
16922,inform,doesnt matter
14519,inform,i dont care
18292,negate,no
9518,request,phone number
21635,inform,moderate
17259,request,nandos restaurant type of food
3780,thankyou,thank you good bye
21512,inform,anything
16428,request,address
13793,request,whats the phone number
6711,request,address
18237,inform,um an expensive
7932,inform,i need a mexican restaurant
6766,hello,hello
2389,request,phone number
11465,thankyou,thank you good bye
10511,inform,doesnt matter
6439,inform,um is there one selling indian
6903,inform,cheap
434,inform,im looking for an expensive restaurant that serves european
17353,inform,i dont care
8869,inform,expensive restaurant in the east of town
938,reqalts,how about the center area
6452,request,whats their address
4661,thankyou,thank you good bye
15449,thankyou,thank you good bye
940,request,and whats the price range
22567,inform,i want an irish restaurant thats expensive
16706,request,can i have the phone number
6512,reqalts,is there a restaurant serving vietnamese food
22405,inform,dont care
12129,reqalts,what else do you have
17475,inform,moderate
15019,inform,cheap
3257,request,phone number
16348,inform,expensive
15887,affirm,yes
20669,thankyou,thank you good bye
18014,thankyou,thank you good bye
18389,inform,west part of town
11504,thankyou,okay thank you good bye
20372,reqalts,how about chinese food
14104,thankyou,thank you good bye
1713,reqalts,is there anything else
20161,inform,british
16918,inform,any area
5637,request,phone number
8140,request,whats the address
17364,affirm,yes
523,thankyou,thank you good bye
12070,thankyou,thank you good bye
2855,inform,what about a restaurant that serves vietnamese
8632,reqalts,is there another restaurant
12823,inform,any
6225,request,signature dish
14126,inform,dont care
21820,request,whats the price range
23302,inform,cheap restaurant
7386,inform,expensive
13738,inform,canape
2172,inform,gastropub
10628,thankyou,thank you
6100,thankyou,thank you good bye
2881,inform,dont care
23112,thankyou,thank you good bye
10546,inform,gastropub food
17892,request,what type of food is served
21449,inform,french food
17820,confirm,is it hungarian
11776,inform,a restaurant in any area
22064,negate,no
20786,inform,i dont care
16914,inform,i want to find a expensive restaurant and it should serve english food
5225,request,and the type of food
3331,inform,indian food
11439,inform,im looking for a moderately priced restaurant in the south of town
701,request,can i get the address
16419,affirm,yes
5654,inform,dont care
21876,inform,asian oriental
18188,null,unintelligible
7434,request,whats the address
15508,request,what is their phone number
11883,thankyou,thank you good bye
7652,inform,im looking for a moderately priced restaurant in the north
17641,bye,good thank you good bye
1932,inform,belgium food
16886,thankyou,okay thank you good bye
22484,inform,moderate price range
460,inform,i dont care
8557,inform,how bout irish food noise
9270,inform,thai food
21669,thankyou,thank you good bye
5067,inform,north
2219,request,and the phone number
16181,inform,i dont care
7110,reqalts,what about chinese food
4324,reqalts,how about european food
11987,request,could i have the address please
6893,affirm,yea
17770,request,address
20882,thankyou,thank you good bye
15613,inform,can i have moderately priced restaurant
23923,request,whats the address
12270,thankyou,thank you goodbye
13667,null,unintelligible
12506,inform,moderately priced
22738,thankyou,thank you good bye
20041,bye,you good bye
2907,inform,doesnt matter
3961,inform,moderately priced
14227,inform,irish
4449,affirm,yes
18423,inform,i dont care
3030,request,okay can i have the address
22269,inform,north
10070,request,what is the phone number
5952,request,whats the phone number
9977,inform,im looking for an expensive restaurant in the east part
2174,inform,it doesnt matter to me
13969,thankyou,thank you good bye
19445,request,whats the address
7431,inform,italian food
6282,inform,south
16611,affirm,yes
15517,inform,west part of town
13585,inform,cheap
10300,reqalts,how about british food
11410,thankyou,thank you goodbye
20724,inform,north
16515,inform,italian food
18053,inform,cheap
7093,request,what is there address
2136,inform,any
9821,inform,that can serve kosher food
7344,inform,it doesnt matter
10243,reqalts,do you have any other restaurant
2181,request,whats the phone number
6823,null,unintelligible
1282,inform,i want an expensive restaurant serving european food
16392,affirm,yes
18717,request,post code
18874,request,address
13984,affirm,yes
19730,affirm,right on good bye peace
6630,reqalts,how about mediterranean food
14200,affirm,yes
16926,request,phone number
6534,inform,expensive
8297,inform,north
12257,thankyou,thank you good bye
20999,thankyou,thank you good bye
206,inform,how about gastro pub type of food
7588,reqalts,okay how about modern european food
11159,inform,im looking for unintelligible food
18372,request,what is the phone number
8910,request,okay whats the address
21905,inform,jamaican food
11236,inform,an expensive unintelligible
2994,null,unintelligible
17285,inform,i want the center of town
20525,request,area
8970,bye,uh thank you and good bye
23661,affirm,uh yes im looking for a belgian restaurant in new york city
4820,inform,any
15236,request,what is the address and phone number
18168,thankyou,thank you good bye
4108,affirm,yes
2860,affirm,yeah
20573,request,what is the phone number
19612,thankyou,okay thank you good bye
13345,inform,spanish food
16919,affirm,yea the area
15341,inform,any
8417,inform,i want an expensive afghan restaurant
17129,request,and phone nubmer
3397,request,and what is the price range
21657,null,noise
19221,thankyou,okay thank you good bye
23397,reqalts,what about portuguese
6352,request,and the phone number
17529,inform,italian food
6867,inform,moroccan food
23812,null,hm
11493,request,post code
17508,thankyou,thank you goodbye
22667,inform,i am looking for a moderately priced restaurant in the south part of town
1462,request,the address
22164,thankyou,thank you good bye
20129,inform,french
12569,inform,sea food
19243,request,whats the address phone number and post code
3838,inform,portuguese
18254,null,noise
10801,null,noise
11956,thankyou,alright thank you good
11361,inform,im looking for a restaurant in the south part of town serving
10366,inform,expensive restaurant
8788,request,and the address
23872,inform,moderately priced
3538,affirm,yes
16545,request,can i have the address and post code
15461,inform,cheap
10423,inform,id like a restaurant in the west part of town
8581,inform,im looking for a restaurant in the center of town that serves
13701,null,sil
14113,reqalts,how about british food
16084,affirm,yes
4846,request,what type of food
12186,request,can i have its post code
23369,thankyou,thank you
22162,inform,i want to find a cheap restaurant
767,null,worthless system
12392,thankyou,thank you good bye
20877,null,that serves
18714,request,phone number
17053,inform,south
21812,null,noise
12505,inform,the south part of town
19888,inform,i dont care
11249,inform,west part of town
1404,thankyou,thank you goodbye
12371,inform,asian oriental
10603,request,may i have the phone number and postcode of this ven
22770,inform,thai food
15689,inform,i dont care
5273,inform,in any area
18269,negate,no
23361,inform,welsh food
19194,request,whats the price range
17240,inform,moderately priced restaurant in the south part of town
23429,thankyou,thank you bye
12287,inform,i need a restaurant that serves canape
8525,inform,i dont care
23311,request,phone number
16379,inform,vietnamese
21071,inform,i dont care
19199,inform,gastropub
13800,inform,expensive
8909,confirm,okay is it moderately priced
3067,inform,traditional food
23255,request,the address
7908,affirm,uh yes can i have expensive restaurant that serves thai food
6419,request,whats the address and phone number
2603,inform,cantonese food
7626,inform,in the south
4408,negate,no
15942,inform,i dont care
22663,request,can i have the phone number
10872,request,may i have the phone number
2601,affirm,yes
16927,thankyou,thank you goodbye
15744,inform,chinese food
16835,inform,cheap portugeuse
2495,request,the phone number
3039,inform,world food
8298,inform,north
1892,request,address and phone number please
289,reqalts,anything else
6029,request,address
15932,inform,north part of town north part of town
20292,request,can i get the address and phone number
23963,inform,turkish food
6888,null,sil
12167,inform,in the north part of town
19876,reqalts,how about indian type of food
3479,request,phone number
12614,reqalts,anything else
19219,request,whats the address and phone number
21210,request,may i have the phone number
17527,request,what kind of food is it
4958,inform,italian food
15095,inform,traditional food
7380,inform,expensive restaurant
21740,request,type of food
11352,inform,north
14959,hello,hi im looking for a restaurant that serves vegetarian food
17672,request,what is the phone number
6358,reqalts,how about mediterranean
6864,request,and the post code
20511,request,can you give me its post code
16626,inform,i dont care
17936,inform,id like to find a restaurant in the north part of town that serves german food
22093,inform,im looking for a restaurant that serves mexican food
4601,request,whats the phone number and post code
22473,request,phone number
22609,inform,asian oriental type of food
20066,reqalts,is there anything else
16003,request,whats the address
23751,request,whats the address
8457,reqalts,anything else
22964,null,spice
3229,inform,any
9197,request,what type of food
5860,request,phone number please
5264,thankyou,thank you good bye
1259,affirm,ah yes that serves french food
22465,inform,im looking for a re
675,confirm,does it serve hungarian food
20668,request,address phone number
10687,inform,gastropub
1545,request,may i have the address and post code
3660,inform,it doesnt matter
16004,thankyou,thank you good bye
23157,inform,moderately
8833,inform,im looking for a restaurant in the west part of town that serves halo food
16537,request,phone number
4469,inform,oh anything
3361,request,could i have the phone number
18193,null,sil
4309,thankyou,thank you goodbye
12237,affirm,yes
945,request,and the phone number
20714,request,phone number
8043,inform,im looking for a restaurant in the east part of town that serves chinese food
483,inform,pan asian
21477,reqalts,what about european food
1837,request,what do they serve
16385,inform,vietnamese
19158,reqalts,is there anything else
22366,inform,i need a restaurant in the west part of town that serves english food
15475,request,whats the address
18565,affirm,yes
5479,inform,chinese
5232,inform,im looking for a moderately priced in the south
177,inform,south
4156,request,whats the phone number
9560,inform,dont care
454,inform,it doesnt matter
5471,inform,what about a moderately priced re
7822,inform,food
16674,inform,i dont care
825,inform,african food
6778,request,address
255,null,sil
966,inform,steakhouse
6705,inform,chinese
2787,thankyou,thank you good bye
8918,thankyou,thank you goodbye
5501,inform,im looking for one east part of town
16698,thankyou,thank you good bye
3011,thankyou,thank you
14285,thankyou,thank you good bye
11220,request,phone number
9876,inform,chinese
8792,request,phone number
14955,inform,uh cheap moderate
3713,request,whats the phone number
19998,request,phone number
22227,thankyou,thank you goodbye
21796,request,what is the phone number
6613,inform,indian food
21083,inform,doesnt matter
18380,request,what is the address
8535,thankyou,thank you good bye
10861,request,can i have the phone number
4771,inform,australian
4335,affirm,yes
11952,request,expensive price range
21036,request,what is um the address and phone number
13331,negate,no thank you good bye
7927,affirm,yes
23905,inform,thai
11728,inform,dont care
4386,request,the address
7680,request,what is the address and phone number
8273,inform,south
17206,reqalts,is there anything else
11871,inform,south part of town
17932,request,address
20698,affirm,yes
13635,inform,any kind of food
12952,inform,indian
2545,request,what is the address and phone number
13480,request,what is the address and phone number
22464,null,sil
20346,inform,i dont care
11433,null,noise
20947,inform,expensive european food
16492,request,whats the address
15225,inform,im looking for a thai restaurant
18764,inform,expensive
18781,request,can i get the phone number
11127,inform,i dont care
5977,affirm,yes
409,affirm,yes
7432,inform,italian food
8994,inform,center
8976,null,noise
1742,request,what is the phone number
1925,request,what is a phone number
5929,request,address
15485,reqalts,how about mediterranean food
9537,request,address
17241,null,uh continental
5547,thankyou,thank you good bye
14380,inform,i would like a moderately priced restaurant serving african food
9937,inform,looking for something cheap in the north side of town
12470,request,what area
22616,thankyou,thank you goodbye
4711,confirm,does it serve african
13519,inform,unusual food
7314,inform,im looking for a restaurant in the north part of town serving italian food
21113,thankyou,thank you good bye
8076,inform,im looking for a restaurant in the west part of town that serves corsica food
11526,request,what kind of food is that
6086,thankyou,thank you good bye
19136,null,sil
20892,inform,international
17403,inform,what about modern european
20255,request,whats the phone number
6929,thankyou,thank you good bye
555,thankyou,thank you goodbye
13091,reqalts,anything else
15043,request,whats their address
17984,request,what kind of food does it serve
9865,inform,west
14759,reqalts,how about indian food
14548,thankyou,thank you good bye
19013,request,phone number
7403,request,and the post code
11003,inform,center
7042,reqalts,anything else
20655,negate,no
2249,inform,cheap
3846,request,price range
5335,thankyou,thank you good bye
4499,inform,im looking for a moderately priced restaurant in the north part of town
8586,inform,modern euorpean
4430,affirm,yes
19505,request,address
21517,request,phone number
16295,request,what is the address
21589,inform,cheap restaurant west part of town
1141,reqalts,how about european food
22121,request,um whats the price range
7565,thankyou,thank you good bye
11442,inform,i would like to find a moderately priced restaurant
23889,inform,food
3982,thankyou,thank you good bye
3301,inform,hungarian food
4348,inform,im looking for a restaurant in the west part of town that serves
11190,request,what is the address and phone number
8998,inform,im looking for a restaurant that serves
23530,inform,im looking for a vietnamese restaurant
15403,thankyou,thank you
23756,request,address and phone number
2930,inform,spanish
16969,request,uh address
5560,inform,moderate
21875,inform,romanian
12623,inform,i want to find a restaurant moderately priced in the south part of town
19682,inform,british food
21219,request,type of food
9069,request,how about the post code
21179,null,noise
9971,affirm,yes
9394,thankyou,thank you good bye
19267,inform,i need a moderately priced restaurant in the north part of town
22011,request,phone number
10228,inform,derately priced
19892,thankyou,thank you good bye
18441,inform,moderately
15995,reqalts,is there another restaurant
7673,request,and what kind of food does it serve
14944,thankyou,thank you good bye
7521,inform,austria asian restaurant in the center of town
6967,request,and the phone number
2244,inform,gastropub
20083,thankyou,thank you good bye
12310,inform,north
23509,request,address
9324,request,uh could you give me the address and telephone number
7045,request,phone number
11831,reqalts,anything else
21697,reqalts,how about italian food
10364,request,what is the address and phone number
13690,inform,west
1419,inform,find restaurant in north part of town serving asian
9385,request,what is the phone number
6021,inform,vegetarian food
15269,inform,i want a turkish restaurant in the center part of town
5375,inform,i dont care
4337,inform,south
8079,thankyou,thank you goodbye
3708,thankyou,thank you good bye
21939,reqalts,how about the south part of town
23039,reqalts,how about a moderately priced
16137,inform,chinese
16279,inform,russian food
10185,request,may i have the address phone number and price range
1424,affirm,yes
10012,request,what is the phone number
22611,request,and the area
380,inform,im looking for indian food
5288,affirm,yes
389,reqalts,is there anything else
8514,thankyou,thank you good bye
13315,affirm,yes
20611,inform,i need a moderately priced restaurant in the west part of town
8351,inform,any area
10018,request,what area is it in
7636,request,post code
15658,request,how much does it cost
21561,inform,im looking for a restaurant in the north part of town
18331,inform,i dont care
21784,inform,serving romania food
15964,negate,no
18814,null,okay
14752,request,what is the phone number
8037,inform,i dont care
2505,affirm,right in the south part of town
3129,request,post code
11227,inform,im looking for a restaurant in the west part of town serving korean
22361,inform,i want to find a restaurant in the center and it should serve corsica food
21527,null,sil
8146,inform,indian
14576,inform,doesnt matter
12584,affirm,yeah im looking for a restaurant serving kosher food
5538,inform,is there a restaurant serving indian type of food
13277,thankyou,thank you good bye
17725,request,and the post code
14525,inform,catalonia food
3596,inform,how bout thai
8837,confirm,is it in the west part of town
1186,inform,i want to find a moderately priced restaurant and it should be in the
18419,reqalts,what about asian oriental
7433,inform,i dont care
15618,request,can i get the phone number
12799,request,address
21788,request,address
1569,inform,i want a restaurant serving
2744,affirm,yes
15787,inform,im looking for a cheap restaurant in the south part of town
2485,null,noise
336,request,whats the address phone number and area
13036,inform,modern european
13711,thankyou,thank you good bye
21063,thankyou,thank you good bye
3885,request,phone number
9564,inform,uh moroccan food
23584,request,area
1458,thankyou,thank you good bye
8498,inform,id like to find a restaurant serving portuguese food
11463,reqalts,what about british food
867,inform,cross over food
8057,request,post code
13903,inform,it doesnt matter
10677,request,address and phone number
12263,reqalts,how about vietnamese type of food
18056,request,address
13197,inform,spanish food any area
432,request,what is the phone number
17536,reqalts,how about spanish
18741,inform,looking for a restaurant that serves lebanese food
6718,thankyou,thank you good bye
21222,thankyou,thank you good bye
3221,inform,something cheap
7999,inform,italian
10790,reqalts,anything else
10907,inform,north part of town
1457,request,can i have the phone number and the price range
3965,request,what is their address and telephone number
19069,null,unintelligible
16267,request,type of food do they serve
9962,inform,i need a restaurant serving turkish food
8006,affirm,uh yes im looking for a restaurant that serves afghan food
22724,request,what type of food
9758,thankyou,thank you good bye
2686,reqalts,is there anything else
5900,affirm,yes
2790,request,address
573,inform,indian food
9108,request,and the price range
6438,inform,indonesian
9683,null,unintelligible
19760,thankyou,thank you good bye
8609,inform,im looking for portuguese food
1482,inform,expensive
22508,request,can i have the phone number
6550,inform,unintelligible i dont care
2196,request,type of food
17022,request,phone number
1454,inform,north part of town
7107,inform,im looking for a restaurant in the east part of town
15965,inform,seafood
9981,thankyou,thank you good bye
22073,inform,i would like to find a restaurant in the north part of town
4891,negate,no
1549,request,what price range
629,request,whats the address
3272,request,s the address
14524,inform,catalonia in the east part of town
1237,negate,uh no im loo ah change it to british
16605,inform,dont care
1760,request,phone number
23001,thankyou,thank you good bye
3732,request,type of food
17010,affirm,yes
23921,inform,portuguese food
22378,inform,moroccan food
2688,request,can i get the phone number
9121,request,can i have the phone number
20278,request,whats the address and phone number
14105,inform,i want a moderately priced restaurant in the north part of town
17025,request,phone number please
17255,inform,cheap restaurant south part of town
7330,inform,north
18273,inform,im looking for a restaurant
15409,request,good could you give me the phone number
3879,request,phone number
20219,inform,asian
21215,null,noise
6090,request,whats its phone number
4154,inform,it does not matter
5604,request,could i have the address
19910,request,could i get the phone number and price range
3315,request,whats the address
8187,request,what is the address of that venue
8456,inform,moderate price
6739,inform,australian
17971,request,what is the address
6289,inform,american
17786,thankyou,thank you good bye
11606,request,and the post code
2709,inform,any
20094,inform,north american
7728,request,phone number
13920,inform,i need a restaurant in any area with swedish food
16774,inform,center
11750,request,address
8850,inform,moderate
23364,request,phone number
3557,inform,im looking for a restaurant in any area
12542,request,what is the address and phone number
23136,thankyou,thank you good bye
14417,reqalts,next
10462,inform,im looking for an expensive restaurant
23746,request,address
14655,null,noise
2903,thankyou,thank you goodb
2487,inform,a cheap restauran
17297,negate,no
8823,inform,im looking for a moderately priced restaurant
10573,reqalts,anything else
22391,request,phone number
1162,request,can i get the phone number
18146,reqalts,anything else
18831,request,whats the address
9433,inform,any
13533,reqalts,how about italian food
3165,deny,i dont want vietnamese food
5362,thankyou,okay thank you good bye
22334,request,whats the address phone number and post code
6213,inform,south
471,request,the phone number
6024,inform,north
23993,request,what is the price range
16842,inform,polynesian food
16630,inform,im looking for a cheap restaurant in the north part of town
16746,inform,uh expensive
15471,inform,im looking for a cheap restaurant in the east part of town
22214,inform,im looking for an expensive restaurant that serves turkish food
4987,null,noise
13135,null,unintelligible
19585,request,whats the address
9204,request,may i have the address
21070,inform,im looking for an expensive restaurant in the south part of town
22307,thankyou,thank you good bye
16516,inform,italian food
3142,null,unintelligible
14079,inform,asian oriental
13457,inform,i wanted an expensive restaurant
6874,inform,doesnt matter
15814,inform,doesnt matter
744,request,can i have the phone number
12957,thankyou,thank you goodbye noise
9632,thankyou,thank you good bye
23774,affirm,yes
5709,inform,an expensive restaurant serving thai food
5589,inform,food
285,inform,restaurant
11520,inform,i dont care
22651,request,post code
20059,thankyou,thank you good bye
12716,request,what is the address and post code
5916,inform,gastropub food
22599,request,what type of food do they serve
4089,negate,no thai food
33,inform,fusion food
19605,inform,im looking chineese food
18442,inform,gastropub
9692,request,address and phone number
3487,thankyou,thank you good bye
8895,inform,cheap
15826,thankyou,thank you good bye
15399,affirm,yes
5364,inform,i dont care
22791,inform,north
1184,request,whats the postcode
20154,request,address
20803,reqalts,how about the north part
18253,request,what is their address and phone number
5721,request,what is the address
20474,inform,any
113,request,do you have the address
6625,reqalts,how about vietnamese
7420,reqalts,anything else
15931,inform,french food
23393,inform,im looking for a cheap restaurant in the west part of town
2681,inform,moderately priced restaurant
5386,request,phone number
16290,request,what is their phone number
10075,inform,i need a cheap restaurant
21648,inform,thai food
4662,inform,cheap restaurant in the east part of town
12956,request,address
14764,confirm,is it moderately priced
16695,request,area
11603,thankyou,thank you good bye
6429,thankyou,thank you good bye
117,inform,english food center part of town
22652,thankyou,thank you good bye
15536,inform,im looking for cheap food
21475,thankyou,thank you good bye
15376,inform,i dont care
10952,request,phone number
8715,inform,it doesnt matter
10803,request,phone number
14059,inform,food
18787,inform,north north part of town
12554,thankyou,okay thank you
10897,reqalts,other
14973,request,address
15380,thankyou,thank you good bye
21860,inform,any price range
6551,affirm,yes
3049,inform,any
19198,inform,any
2884,request,phone number
12804,affirm,yes
17742,request,can i have the address of the venue
17673,thankyou,noise thank you goodbye
14798,inform,i would like irish food in the north part of town
23676,reqalts,how about italian food
5014,affirm,yeah
6464,inform,im looking for a cheap restaurant
15674,inform,asian oriental food
6071,request,address
16680,null,freakin
7160,request,phone number
607,inform,place that serves portuguese food
16128,request,and whats the telephone number
13041,thankyou,thank you good bye
7145,inform,any type of food
4289,thankyou,thank you goodbye
6299,request,phone number
10421,null,noise
10847,inform,anything
21952,inform,indian
15730,thankyou,thank you
7810,request,can i have the phone number
1911,thankyou,thank you good bye
15876,inform,korean
7836,thankyou,thank you good bye
1844,thankyou,thank you good bye
6520,inform,looking for thai food
19968,thankyou,thank you good bye
15080,bye,okay good bye
3567,request,what food does it serve
2779,affirm,yes
18181,request,may i have the phone number please
13232,inform,i want cantonese food
21983,confirm,okay is it in the north side of town
12227,reqalts,anything else
102,request,whats the phone number
18745,request,can i have post code
11014,reqalts,um how about thai food
5427,request,could i have the address please
21127,inform,id like a restaurant in the south part of town
6153,null,sil
20998,confirm,does it serve vietnamese food
22888,request,phone number
3983,confirm,does it serve kitalian food
13043,inform,lebanse
20666,inform,doesnt matter
13243,request,and the price range
11970,affirm,yes mexican food
4491,reqalts,how about mediterranean food
9254,reqalts,is there anything else
6199,null,range
6882,inform,vietnamese
11891,thankyou,thank you good bye
11767,bye,alright thank you good bye
14543,inform,expensive
18116,reqalts,how about persian food
6421,inform,austro food
4728,request,give me address and phone number
6170,affirm,right
15604,request,post code
14921,inform,expensive restaurant breath
22695,inform,expensive restaurant
7972,inform,spanish
4101,thankyou,thank you goodbye
20977,inform,im looking for a cheap restaurant
23128,null,sil
12405,affirm,yes
14343,request,and price range
13129,null,unintelligible
19107,thankyou,thank you good bye
18972,request,whats the address
21123,reqalts,what about vietnamese food
10835,inform,moderate
15335,inform,im looking for a restaurant serving vietnamese food
4517,thankyou,thank you good bye
67,inform,it doesnt matter
9084,thankyou,thank you goodbye
21162,thankyou,thank you good bye
14679,request,telephone number
11709,request,post code
10829,request,whats the cost
6885,request,phone number
4327,inform,doesnt matter
16679,inform,doesnt matter
21442,inform,chinese
8640,inform,i dont care
2877,thankyou,thank you good bye
12399,thankyou,thank you good bye
15000,reqalts,how about an expensive restaurant
3887,inform,im looking for a restaurant
13052,request,whats the address
23139,inform,south part of town
8870,inform,expensive restaurant
20431,inform,thai
2362,request,address
21908,inform,jamaican food
21981,inform,ya im looking for a restaurant serving persian food
4810,null,viet
16876,request,what is the phone number
19880,inform,south part of town please
20169,affirm,yes
22732,thankyou,thank you good bye
6987,reqalts,what about indian food
19648,null,sil
2014,reqalts,what about indian type of food
15649,inform,i would like one thats moderately priced
20835,inform,scottish
4310,affirm,right
13647,affirm,yes
11846,request,and what is the post code
18736,reqalts,anything else
8322,affirm,yes
6076,affirm,yes
22576,null,noise
15227,confirm,is there a thai restaurant
15938,request,phone number
19134,request,whats the address
16660,request,can i get the address
3679,request,and finally the post code
21,inform,seafood
13497,null,for
18769,inform,dont care
18463,inform,im looking for a restaurant in central it should serve japanese food
10783,request,whats the phone number
20468,reqalts,what about chinese food
17380,reqalts,noice how about european
5186,inform,i dont care
11056,thankyou,thank you goodbye
8148,null,laughing
15338,request,what is the address
18303,thankyou,thank you good bye
4636,inform,thai food
3896,inform,corsica food
8971,inform,vietnamese food
8713,thankyou,thank you good bye
11506,inform,barbecue food
23495,request,and whats the phone number
5460,inform,chinese food
715,inform,asian oriental
1879,affirm,yes
22360,thankyou,thank you good bye
2763,request,address phone number and post code
4969,request,whats the phone number
21986,thankyou,thank you goodbye
15537,inform,i dont care in the north part of town
17617,request,what is the phone number and address
20531,request,what is the address and phone number
2965,thankyou,okay thank you good bye
20383,inform,vietnamese
5004,inform,i want a cheap restaurant in the north part of town
17638,inform,yea im looking for a really cheap restaurant
5601,inform,south part of town
5742,inform,expensive restaurant
20962,negate,no
994,inform,i dont care
16542,inform,uh it does i dont care
4696,inform,indonesian
2205,inform,creative food
23906,request,price range
22137,request,and the phone number
7426,request,may i have the phone number and post code
22727,inform,dont care
4859,inform,i dont know
14332,inform,any price range
17578,request,and what type of food does it serve
10279,inform,i want to find a moderate priced restaurant that serves
1599,inform,dont care
14007,inform,italian food in the west part of town
22341,request,what is the area
16570,inform,i dont care
881,inform,it doesnt matter
15603,request,post code
14018,affirm,yes
19921,inform,south
14945,affirm,uh yes id like a restaurant in the west part of town and it should serve christmas food
12378,request,whats the address
12090,inform,im looking for a restaurant serving asian oriental
19389,inform,i want a moderately priced restaurant that serves mediterranean food
17170,inform,dont care
11381,inform,moderately priced international food
13563,inform,any
2063,negate,no
15497,inform,can i find an expensive russian food restaurant
11564,thankyou,thank you good bye
4827,thankyou,thank you good bye
7743,inform,center
13035,inform,irish
7481,inform,moderately priced
21019,null,unintelligible
3683,inform,cheap
14379,thankyou,thank you good bye
13890,affirm,yes
18210,inform,expensive restaurant
2685,inform,american
22582,inform,indian food
10208,request,and the phone number
12966,inform,moderate
19827,inform,thai food
10594,request,what food is available in this area
60,request,can i have the address and phone number
22812,request,what is the phone number
4729,request,phone number
16105,thankyou,thank you good bye
19441,affirm,yes
15906,inform,south
14426,affirm,right
624,reqalts,what about indian
9811,request,address
6925,inform,cheap restaurant east part of town
4368,thankyou,thank you good bye
11375,ack,okay show me the least
2394,inform,chinese
188,inform,im looking for a moderately priced restaurant that serves turkish food
2807,request,what type of food do they serve
8654,inform,i am looking
17402,inform,im looking for belgian food
21933,inform,restauarant south part of town vanessa food
13586,request,address
1001,request,what are the address and post code
4496,request,the address
18999,inform,uh indian
15544,inform,north
7948,inform,expensive restaurant that serves lebanese food
22072,thankyou,thank you goodbye
10984,reqalts,what about italian food
7411,inform,south
9642,reqalts,what about chinese food
18891,repeat,back
19674,reqalts,anything else
16011,inform,moderate
12501,affirm,yes
21503,inform,asian
6309,reqalts,what about vietnamese type of food
5820,inform,dont care
1214,request,price range
22411,request,address
2452,request,and their address
2083,reqalts,is there anything else
3311,deny,no not indian scandinavian food
1303,inform,cantonese food
19279,affirm,yes
17748,confirm,is it moderately priced
4935,inform,im looking for a moderately price restaurant that serves halo food
8249,affirm,yes
809,inform,im looking for a cheap restaurant in the north part of town
19513,inform,what is a good cheap restaurant that serves portuguese food
23027,inform,any part
13736,inform,canapes
19081,request,whats their address
15460,affirm,yes
15682,negate,no
8803,request,phone number
19799,reqalts,uh okay how about french food
16799,request,where is it located
11435,inform,cheap
17535,inform,what about a spanish restuarant
18934,inform,any range
13347,inform,spanish food
13894,request,phone number to that
22293,inform,west
10103,confirm,is it portuguese food
18941,reqalts,anything else
12851,inform,thai food
22037,null,unintelligible
5610,reqalts,anything else
16319,inform,brazilian
11100,request,can you give me the phone number
21639,thankyou,thank you
10399,request,the phone number
8527,reqalts,is there anything else
13108,null,sil
18925,thankyou,okay thank you good bye
21889,request,address
3020,reqalts,is there anything else
4445,inform,spanish food
8279,inform,i want to find a cheap restaurant in the south part of town
17075,affirm,yes
17368,thankyou,thank you good bye
11860,request,and the address
788,repeat,repeat
3878,null,previews
4739,affirm,yes
9955,inform,im looking for hungarian food in the north of town
18143,reqalts,is there anything else
2541,thankyou,thank you good bye
10805,inform,turkish food
6303,inform,any
521,request,phone number
18588,request,phone number
20945,inform,okay i dont care about price range
2960,inform,an expensive restaurant in the east part of town
18378,inform,indian food
863,request,whats the phone number
10843,request,address
8370,inform,i dont care
12022,inform,italian food
16960,request,phone number
15717,request,whats the post code
6878,request,whats the address and post code
23816,request,phone number
22168,request,what is the phone number and address
1164,thankyou,thank you good bye
3714,thankyou,thank you good bye
12588,negate,no thats good because i want um asian oriental
15408,inform,i dont care
1979,request,the phone number
4493,inform,change that to mediterranean food
1328,inform,im looking for a cheap restaurant that serves
20652,inform,id like to find a restaurant that serves afghan food
4091,inform,thai food
1612,inform,turkish
973,thankyou,thank you good bye
9748,confirm,is it in the center
13832,thankyou,thank you good bye
8717,inform,i want a gastropub restaurant
3384,inform,i dont care
14873,inform,anything
1205,affirm,yes
2286,inform,british food
23612,null,noise
11886,thankyou,thank you good bye
20755,thankyou,thank you good bye
23686,request,okay can i have the address and post code please
2280,request,phone number
595,request,what type of food
17983,inform,italian
11751,request,phone number
23506,inform,expensive restaurant east part of town
14207,request,what is the phone number
29,thankyou,thank you good bye
17495,inform,im looking for an expensive restaurant in south part of town
848,inform,i dont care
17678,request,phone number and address
1999,negate,no
21718,request,what is the address
12019,reqalts,how about asian oriental
4934,null,noise
16042,request,where is it
5284,request,phone number
14037,negate,no
3649,inform,moderately priced vanessa restaurant
13697,request,address
13910,inform,i dont care
657,thankyou,thank you good bye
22998,request,address
5867,inform,any area
21831,negate,no thai food
2649,inform,a restaurant in the west part of town should serve crossover food
9133,inform,swedish food
6843,inform,expensive
23986,inform,thai food
12442,affirm,yes
2609,inform,north american
9892,request,what is the phone number
14564,inform,gastro pub food
1444,null,noise
13906,thankyou,thank you good bye
16581,request,and whats the price range
4893,deny,wrong
18974,inform,im looking for a moderately priced restaurant in the north part of town
18852,request,phone number
6710,request,address
14157,inform,im looking for an expensive restaurant that serves vietnamese food
15551,request,whats the phone number
6621,inform,im looking for a cheap restaurant
1854,inform,moroccan food
8055,request,address
11671,request,what is the price range
8907,inform,im looking for uh restaurant serving caribbean food
985,inform,moderate restaurant catalan food
19201,request,and whats the phone number
4807,inform,south
11373,null,unintelligible
13808,null,type
298,inform,portuguese food
4278,thankyou,thank you good bye
16134,null,sil
22748,hello,hello
17738,request,address
17656,inform,what about other parts of town
21164,request,whats the phone number for that restaurant
14348,affirm,yes
14630,negate,no
7359,inform,expensive
7934,request,whats the phone number
6211,inform,moderately priced
2951,inform,i dont care
11955,null,whats the code
22173,inform,im looking for an expensive restaurant in the south part of town
5638,thankyou,thank you good bye
19750,thankyou,thank you goodbye
20506,affirm,yes
14133,thankyou,thank you good bye
6566,inform,i dont care
12096,inform,what about mediterranean food
10927,null,unintelligible
18404,affirm,yes
11892,inform,can i get a moderately priced restaurant in the north
18593,inform,any
8347,thankyou,thank you good bye
5758,inform,i dont care
21601,inform,north
22660,inform,im looking for a moderately priced restaurant
8175,inform,moderately priced in east part of town
18486,inform,cheap
15798,inform,cheap
19689,affirm,yes can i have
14886,thankyou,thank you good bye
20226,negate,no
16802,thankyou,thank you good bye
2059,null,sil
7281,affirm,yes
7708,inform,west
504,inform,id like a restaurant in the north part of town that serves tur
1880,request,okay and ah can i get their phone number please
8644,reqalts,is there anything else
68,reqalts,is there anything else
9557,thankyou,thank you good bye
14869,request,and the phone number
11572,thankyou,thank you goodbye
15287,inform,moderate
6460,request,and type of food
8881,request,could i have the phone number
15897,reqalts,how about spanish
12949,thankyou,thank you good bye
10171,negate,no
3389,inform,any
11741,request,post code
7961,negate,no
2826,request,great whats its address
3117,request,whats the address
21861,request,whats the phone number
777,repeat,again please
9510,reqalts,okay how about european food
7183,inform,malaysian food
6763,request,address please
10219,inform,west
510,inform,im looking for a moderately priced restaurant in the south part of town
10345,request,how about the phone number
11765,request,whats the address
5652,affirm,yes
19755,thankyou,thank you good bye
4581,thankyou,thank you good bye
17119,negate,no
14831,request,what is the phone number
18426,request,whats the phone number and address
8274,inform,south part of town
6354,inform,im looking for an expensive restaurant
22234,request,what is the phone number
6985,inform,brazilian food
2901,thankyou,thank you
23958,inform,north
14790,inform,i dont care
2868,request,whats the price range
9883,reqalts,how about italian food
19251,thankyou,thank you goodbye
9742,inform,it should be in the north part of town
8757,thankyou,thank you good bye
15782,affirm,yes
7218,thankyou,thank you good bye
23991,request,phone number
4584,reqalts,is there anything else
3759,inform,south
20022,null,noise
19744,request,noise what is the phone number
19589,inform,cheap
3666,thankyou,thank you good bye
2496,thankyou,thank you good bye
1285,request,what is the phone number
2633,inform,turkish
2863,request,what is the phone number
4498,thankyou,thank you good bye
17224,thankyou,thank you good bye
5981,request,phone number
6083,request,whats the address
23841,thankyou,thank you good bye
16122,reqalts,how about indian food
20098,request,can i get the address
17698,null,noise
1864,negate,no
9386,request,what is the postcode
4441,thankyou,thank you
3532,thankyou,thank you good bye
17057,inform,portuguese food
21615,thankyou,thank you good bye
12812,request,what is the address
3804,reqalts,how about turkish food
15956,inform,seafood
3698,request,phone number
19071,request,and the phone number
13114,thankyou,thank you good bye
5972,request,whats the price range
19690,inform,polynesian food
16904,inform,moderately priced
3988,inform,i am looking for kitalian food
12596,request,okay whats the address
7851,inform,any area
9381,thankyou,thank you good bye
16372,inform,were else food
11164,inform,in the east part of town
23770,thankyou,thank you good bye
7319,inform,id like a restaurant in the center with russian food
7485,null,noise
23849,thankyou,thank you good bye
20101,thankyou,thank you good bye
9426,request,could i have the phone number and address please
19263,inform,i dont care
9482,inform,are there any cantonese restaurants
15197,inform,cheap
12387,thankyou,thank you good bye
1109,null,cough
8752,inform,cheap
11600,inform,cheap
14278,inform,okay uh spanish food
2325,thankyou,thank you
8240,affirm,yes
22575,request,whats the address
16902,thankyou,thank you goodbye
11960,null,noise
14097,affirm,yes
12659,reqalts,what about vietnamese food
21235,affirm,yea
22356,request,what kind of food does it serve
21022,null,sil
13817,request,whats the post code
3613,request,whats the address
23132,inform,im looking for an expensive restaurant that serves
8594,inform,i need a restaurant serving modern european food
12000,thankyou,thank you good bye
2949,thankyou,thank you good bye
15367,reqalts,how about asian food
11270,request,phone number
14198,thankyou,thank you goodbye
5369,request,address phone number
14760,request,what is the address and phone number
14992,inform,i need a restaurant in the west part of town that serves crossover food
16708,inform,can i have a restaurant in the east part of town
18461,request,the address and post code please
15385,inform,south
17095,negate,no
2555,request,may i have the address and post code
22132,thankyou,thank you good bye
20012,null,noise
8558,inform,irish food noise
21048,inform,noise restaurant west part of town danish food
20836,inform,american
23008,thankyou,thank you good bye
19783,negate,no
18164,inform,i want to find a moderately priced restaurant that serves moroccan food
17276,inform,im looking for an expensive restaurant and it should be east part of town
3103,inform,any kind of food
9131,inform,restaurant in the south part of town
13220,affirm,yes
7186,inform,thai
443,reqalts,okay how about any area
7622,thankyou,thank you
1058,request,whats the phone number
12309,affirm,yes
3769,inform,a restaurant
17573,inform,looking for a moderately priced restaurant and it needs to be in the south part of town
6362,thankyou,thank you good bye
14161,request,the address
10082,inform,pan asian food
15257,request,phone number and post code
18362,inform,a cheap restaurant in the west part of town
6142,inform,i dont care
12975,request,what type of food is it
8911,null,unintelligible
12959,affirm,yes
16535,null,noise
20739,affirm,thats correct gastropub food
11084,thankyou,thank you good bye
17102,null,sil
1270,thankyou,thank you and goodbye
15912,null,noise
8699,inform,moderately priced in the west part of town
13124,null,unintelligible
10284,inform,south part of town
4049,inform,any
1587,request,post code
18316,thankyou,thank you good bye
3742,inform,expensive in the south
15535,null,sil
5112,null,unintelligible
7977,thankyou,thank you good bye
763,inform,italian food
6267,affirm,yes
5402,inform,portuguese
8817,reqalts,is there anything else
13267,null,unintelligible
17168,inform,moderate price
21759,inform,moderate
7053,request,whats the phone number
7138,inform,international
13099,negate,no
5534,inform,with scottish
8282,request,whats the address
7848,inform,i would like gastropub
20286,request,and whats the price range
14648,request,type of food
5819,inform,cheap restaurant
16424,inform,dont care
262,inform,dont care
11060,confirm,do they serve sea food
14589,thankyou,thank you good bye
5328,thankyou,thank you good bye
13323,inform,spanish
23303,inform,dont care
12020,request,may i have the address and phone number please
11278,inform,i want to find a restaurant in any area
16533,inform,dont care
17941,request,can i have the phone number
6466,affirm,right
15598,thankyou,thank you good bye
9391,thankyou,thank you good bye
21214,thankyou,thank you goodbye
11915,thankyou,thank you good bye
11272,null,noise
2339,inform,im looking for a restaurant that serves british food
12925,inform,cheap restaurant
22276,inform,mediterranean
374,request,address
18335,reqalts,anything else
8083,inform,center part of town
2766,inform,dont care
7139,inform,any area
6488,inform,doesnt matter
14604,thankyou,thank you good bye
15118,request,phone number
8749,thankyou,thank you good bye
21380,inform,turkish
23684,affirm,yes
9848,inform,any price range
14766,reqalts,how about asian oriental
9823,inform,that serves korean food
23062,request,phone number
18615,reqalts,how about asian oriental
8694,inform,im looking for a restaurant in the center that serves sea food
20122,request,whats the phone number
19269,inform,i dont care is there any north part of town
7802,inform,caribbean
22183,null,is there
12520,inform,id like to find a restaurant in the west part of town that serves christmas food
2983,inform,cuban food cheap restaurant
3967,thankyou,thank you good bye
15286,inform,moderate
7906,request,what is the address
19232,thankyou,breath thank you goodbye
17919,request,and the post code
14640,inform,cheap
6684,reqalts,okay do you have any restaurant that serves italian food
3116,reqalts,is there anything else
95,inform,i need a restaurant in the west part of town that serves europ
22521,thankyou,thank you good bye
23146,inform,id like a restaurant in the north part of town serving indian food
5054,affirm,yes
17556,inform,british
5041,request,post code
9700,inform,i want to find a restaurant in the center that serves irish
9657,inform,uh i dont care
2586,affirm,yes in the cheap price range
2835,request,what is the phone number
6691,inform,i want an expensive steak house
13083,inform,the north part
19332,request,what is the phone number
7257,inform,i dont care
172,reqalts,anything else
2923,request,may i have the phone number
15420,request,phone number
14199,inform,a spanish restaurant in the center
15109,request,phone number
23685,inform,are their any other restaurants that serve turkish food
12759,null,noise
3689,request,can i have the address phone number and the type of food
11779,thankyou,thank you bye
3655,thankyou,thank you good bye
4625,thankyou,thank you goodbye
2894,request,whats the address and phone number
5774,thankyou,thank you good bye
23983,thankyou,thank you good bye
14501,thankyou,thank you good bye
2759,thankyou,thank you goodbye
16789,thankyou,thank you good bye
21155,reqalts,is there anything else
20889,null,i know mia
10564,reqalts,is there anything else
18521,confirm,is it in the west part of town
16163,negate,no
14418,reqalts,next
3751,request,phone number
22937,thankyou,thank you good bye
17096,deny,not any more
22939,inform,any
7513,thankyou,thank you good bye
15429,inform,im looking for a cheap restaurant
13189,inform,italian
14522,request,post code
22780,reqalts,how about cantonese food
17681,thankyou,thank you good bye
20930,inform,north
10977,thankyou,thank you good bye
13492,inform,italian food
11445,affirm,yes
3850,thankyou,thank you good bye
1252,reqalts,how about chinese food
19928,reqalts,how about italian food
9186,request,what is their address
18621,thankyou,uh okay thank you good bye
3978,thankyou,thank you good bye
12970,inform,breath i want a cheap restaura
1673,reqalts,how about an indian type food restaurant
4812,inform,korean
12756,null,noise
14898,inform,mediterranean
21855,inform,cheap
20884,null,noise
18612,null,sil
21656,thankyou,thank you good bye
16177,thankyou,thank you good bye
6120,inform,any kind of food
108,request,whats the phone number
15657,request,how much does it cost
19591,inform,belgian
4749,thankyou,thank you goodbye
15106,inform,it doesnt matter
8233,request,and the phone number okay
4384,inform,dont care
20895,inform,italian food
12375,inform,are there mediterranean restaurants in the center of town
18693,thankyou,thank you good bye
2211,request,uh phone number
14215,null,after
20466,inform,looking for moderately priced russian food
10164,request,the address
20614,request,phone number
10848,confirm,does it serve baskaye food
8905,request,can i have the phone number please
22532,inform,im looking for a restaurant in the south part of town it should serve jamaican food
17317,thankyou,thank you good bye
4519,request,what is the address
10222,thankyou,thank you good bye
11861,thankyou,thank you good bye
18184,request,can i get the address and phone number please
10923,inform,moderately priced
3056,affirm,yes
10914,request,could i get the phone number please
12547,inform,id like italian food
11032,thankyou,thank you goodbye
17482,thankyou,thank you
1102,null,noise
5920,request,area
8208,inform,i dont care
12785,inform,french food
20137,inform,i dont care
13172,thankyou,thank you good bye
14185,thankyou,okay thank you
86,inform,asian oriental
9970,inform,i need a restaurant serving turkish food
17175,request,what is their address
1111,affirm,yes
4900,request,whats the phone number
15622,affirm,yes
22221,request,phone number
5073,inform,cheap
13058,affirm,yes
12156,thankyou,thank you good bye
7909,inform,thai food
2381,null,noise
22386,inform,italian
11054,inform,the east part of town
18550,inform,im looking for a moderately priced restaurant in the south part of town
19557,request,address
2756,inform,dont care
22358,confirm,does it serve sea food
12180,inform,i dont care
20949,request,phone number
10877,thankyou,thank you good bye
11046,inform,spanish food
23444,confirm,does it serve thai food
2968,reqalts,is there anything else
21614,request,whats the post code
2178,inform,any
8066,inform,any
10721,reqalts,how about vietnamese
18360,request,uh what is its address
20032,reqalts,is there a restaurant serving british food
5787,reqalts,next one
22729,reqalts,how about thai
18194,request,address
14069,inform,i need a restaurant in the north part of town
5270,request,and the phone number
18754,inform,barbecue food
7901,inform,welsh
6502,request,whats their phone number
1277,inform,expensive
23122,thankyou,thank you good bye
14261,inform,anything
17955,inform,im looking for a restaurant in the north part of town
20740,inform,any part of town
21441,affirm,uh yes can i find a restaurant in the east part of town that serves chinese
4401,reqalts,how about italian type of food
4079,request,whats the address
7617,thankyou,thank you good bye
2270,inform,im looking for a cheap restaurant in the north part of town
4730,thankyou,thank you good bye
23649,thankyou,thank you good bye
13428,thankyou,thank you good bye
17944,affirm,yes
23465,thankyou,thank you good bye
23454,request,price range
9078,thankyou,thank you good bye
9889,thankyou,thank you good bye
1541,inform,bistro food
5397,inform,i want a restaurant in the east part of town
14275,negate,no i want
23838,request,address
20440,thankyou,thank you good bye
17015,affirm,yes
10080,thankyou,thank you good bye
1195,affirm,yes
21420,request,whats the address
7654,request,what is the address
14516,request,what is the phone number
18626,request,phone number
20035,inform,i dont care
11165,inform,welsh food
5851,thankyou,thank you good bye
14429,thankyou,thank you good bye
6669,inform,dont care
16869,request,breath may i have the phone number and address please
5130,request,and the price range
20406,reqalts,how about modern european food
21828,inform,ah what have you got for thai food
20684,null,sil
9330,request,address
19292,reqalts,uh how about north american
2696,request,and the phone number
21816,inform,im looking for a restaurant in the north part of town that serves korean food
13863,inform,hungarian
17746,inform,west
12731,inform,cheap
12269,null,noise
10455,inform,moderately
11847,bye,alright thank you good bye
18276,negate,no
16276,request,what type of food do they serve
458,inform,looking for something moderately priced on the north side of town
1258,inform,ah centre
17922,inform,im looking for a restaurant in the west part of town that serves jamaican food
1330,inform,dont care
14710,inform,cheap
6042,thankyou,thank you good bye
11348,inform,indian
19981,reqalts,how about thai food
9178,inform,a moderately place restaurant
16152,inform,north side
15929,inform,steak house food noise steak house food
21212,null,sil
16733,inform,moderate
13662,null,unintelligible
21937,inform,anything cheap
21041,reqalts,how about korean food
1631,inform,is there on serving chineese
13061,request,give me the address and phone number
11719,inform,dont care
16588,reqalts,how about chinese food
6744,inform,expensive
20334,thankyou,thank you good bye
4570,inform,barbecue food
369,thankyou,thank you very much good bye
10025,reqalts,anything else
9572,request,whats the address
13975,reqalts,what about chinese food
12771,request,post code
978,request,may i have the post code please
4362,inform,dont care
16936,request,address
7368,request,phone number
14721,null,noise
10112,request,okay and can i have their phone number
7316,request,can i get the address and phone number
12401,negate,no in the south
19945,null,sil
1716,request,the address
11168,thankyou,thank you good bye
19681,affirm,yes
19722,thankyou,thank you good bye
12157,inform,ringing i need a moderately priced restaurant
9629,thankyou,thank you goodbye
17130,null,unintelligible
8353,reqalts,is there anything else
5152,inform,im looking for a restaurant that serves unintelligible
23252,request,and the address
18166,request,can i get an address phone number and post code
8458,reqalts,anything else
7294,inform,cantonese food
4200,inform,i dont care
17077,null,okay
21463,request,what is the address and price range
20141,inform,north
951,reqalts,anything else
3182,inform,cheap restaurant
12858,thankyou,thank you goodbye
17621,inform,cheap european food
16357,inform,sea food
23336,reqalts,is there anything else
7337,thankyou,thank you goodbye
22245,confirm,is it expensive
12195,inform,cheap
23567,inform,i dont care
3097,thankyou,thank you good bye
18747,inform,barbecue
3463,inform,i dont care
1783,negate,no
14743,thankyou,thank you good bye
6371,inform,i do not care
19788,request,what type of food is it
4849,inform,that serves spanish food
16301,thankyou,thank you good bye
9072,inform,i dont care
7397,inform,the east
16467,thankyou,thank you good bye
13645,thankyou,thank you good bye
21731,inform,italian food
5465,thankyou,okay thank you good bye
18646,request,what is the phone number
19172,request,could i have the address please
2134,inform,need one in the west part of town
21417,inform,a cheap restaurant in the south part of town
15204,reqalts,what about thai food
21510,thankyou,thank you good bye
11402,request,what is their address
20389,inform,i want an expensive restaurant that serves polish food
8299,inform,north
5321,reqalts,what about gastropub
18572,null,sil
7605,request,phone number
3107,thankyou,thank you good bye
14093,request,phone number
20929,inform,creative food
3014,inform,can i have moderately priced restaurnt in the south part of town
14092,request,phone number
3913,inform,turkish
14704,request,phone number
20356,inform,im looking for a restaurant in the north part of town that serves african food
11423,request,area train
17563,request,and the type of food
22847,thankyou,thank you good bye
14117,negate,no
8504,request,what is the address and phone number
5799,inform,korean food
18235,null,sil
21650,negate,no
445,request,okay and uh can i get the address
18788,inform,doesnt matter
9160,thankyou,thank you good bye
11588,inform,i dont care
12635,restart,uh start over
6455,null,sil
22844,thankyou,thank you good bye
17692,inform,im looking for swedish food
19115,inform,any
14645,request,phone number
23279,inform,brazilian food
4650,request,phone number
15600,inform,african
22878,request,the phone number
14119,inform,im looking for a cheap restaurant in the east part of town
22383,inform,uh it doesnt matter
3360,request,could i have the address please
15591,inform,north creative
12427,null,unintelligible
8165,request,what is the price range
4724,request,what is the address
2928,thankyou,thank you good bye
4317,inform,it doesnt matter
9217,inform,gastropub food
19284,reqalts,how about modern european
17405,affirm,right
11628,inform,it doesnt matter dear
15417,inform,expensive
22291,inform,west
5566,inform,south
15469,inform,the east part of town
12510,thankyou,thank you good bye
2910,request,could i have its address
4199,inform,i dont care
9315,null,is there
11723,thankyou,thank you good bye
571,inform,north part of town serving canapes food
14342,request,and the address
19372,inform,food type
21918,request,phone number
17728,inform,west
19432,inform,thai
6372,inform,iam looking for a restaurant that serves bistro food
16773,inform,lebanese
12066,inform,i dont care
11475,inform,north part
14433,reqalts,noise is there anything else
283,request,phone number
14497,inform,i dont care
22585,reqalts,is there anyone else
144,inform,dont care
1126,negate,no
11522,confirm,is it in the centre of town
23377,inform,indian food
20518,request,phone number
16305,inform,south
8959,reqalts,how about british food
12685,inform,i dont care
18801,null,sil
10630,inform,im looking for a restaurant in any area serving unintelligible
7440,inform,expensive
381,inform,it doesnt matter
4966,inform,i want it in the north part of town
6366,thankyou,thank you good bye
12054,inform,asian food
11156,thankyou,thank you good bye
23013,inform,find australian restaurant in north part of town
7152,inform,moderately priced afghan
8883,inform,i want to find a moderately priced restaurant in the east part of town
16111,inform,persian
23949,inform,thai food
3316,request,and the phone number
7504,inform,spanish
19152,inform,portuguese food
17485,inform,in the south part of town
13037,affirm,yes
14030,negate,no
7576,reqalts,how about korean food
749,inform,italian
12758,null,noise
20777,inform,im looking for a unintelligible food
9485,request,may i have its address
7056,inform,restaurant
11900,request,breath what type of food is it
12029,inform,expensive
11906,inform,any
6650,request,phone number
14560,repeat,repeat
22425,thankyou,thank you
337,request,and what area
18395,inform,any part
7301,inform,british
7260,inform,i dont care
2057,request,phone number
22929,thankyou,thank you goodbye
19957,request,address
19079,inform,cantonese
1876,inform,okay ah how bout portuguese food
18229,inform,korean food
5582,inform,food
19320,hello,hi im looking for an expensive restaurant in the south part of town
18758,inform,any price range
652,thankyou,thank you good bye
4388,inform,the food
3303,inform,vietnamese food
3727,request,whats its address
3241,inform,catalan
20446,inform,moderately priced
17926,request,what kind of food is it
9780,inform,italian
5257,inform,the north part of town
14693,request,what is their phone number
3975,inform,indian
11319,request,whats the post code
10417,inform,hungarian food
9139,inform,west
20505,reqalts,what about italian food
23388,request,what about the phone number
22781,reqalts,how about thai food
19994,inform,it doesnt matter
14264,request,address
9921,thankyou,thank you
17947,affirm,yes
12021,thankyou,thank you good bye
16121,reqalts,how about canapes
13851,inform,im looking for a restaurant that serves chinese food
15760,inform,any
11202,thankyou,thank you good bye
10276,request,okay whats the phone number
10970,request,what is the phone number
21829,inform,it doesnt matter
4871,reqalts,what about italian food
5255,inform,french food
20142,inform,north
13593,request,phone number
9283,thankyou,thank you good bye
10558,null,sil
9407,inform,dont care
14029,inform,cough im looking for expensive danish food
1099,inform,gastro pub
12181,request,can i have the phone number
6264,inform,cross over
17351,thankyou,thank you goodbye noise thank you goodbye
19641,request,phone number
12168,request,what is the phone number
9339,request,phone number
7001,request,the phone number
10878,inform,the south part of town greek food
12806,inform,asian oriental
11903,request,can i have the phone number
2834,inform,it doesnt matter
19365,request,food of the venue
9832,request,what is the address
11616,inform,north
9949,request,what area
1248,request,phone number
13167,null,sil
1900,request,what part of town
14658,request,what is the address
4112,thankyou,thank you good bye
9122,thankyou,thank you good bye
1211,inform,any area
4415,reqalts,how about chinese food
17864,reqalts,how about korean food
6892,inform,turkish food
14067,confirm,is that the north part of town south part of town
13335,request,whats the phone number
20615,request,whats the phone number
15419,request,phone number
21963,inform,moderately
12697,inform,doesnt matter
16149,inform,barbecue
17818,negate,no hungarian food
11585,inform,in the north part of town
14028,negate,no im looking for thai food
1029,inform,any
19918,request,uh what is the address
21852,request,could i have the address and phone number please
9674,inform,vietnamese food
18546,thankyou,thank you good bye
23236,affirm,yes african food
11109,inform,italian food
8211,null,noise
23621,inform,greek food
1160,inform,moderately priced
4656,inform,what about turkish
13453,request,phone number
14257,thankyou,thank you
17237,reqalts,is there anything else
11370,thankyou,thank you good bye
12980,request,what is the address
10400,request,what type of food
23881,inform,noise south part of town
8357,request,the address and phone number
17538,affirm,yes
6993,inform,find cheap restaurant in south part of town
1364,null,how about
15486,inform,mediterranean food
17120,inform,halal food
17223,request,phone number
4018,request,can i have the phone number
15880,inform,im looking for a moderate priced restaurant serving jamaican food
5374,inform,british food
3731,request,what type of food
1946,request,phone number
12203,inform,west
5671,thankyou,thank you good bye
16109,request,ok whats the phone number
22987,request,phone number
9718,thankyou,thank you good bye
8585,inform,im looking for a restaurant in the center of town that
11995,thankyou,thank you good bye
9522,inform,any
2814,inform,im looking for a moderately priced restaurant in the north part of town
23613,null,noise
5268,inform,i dont care
7288,inform,british food
8733,affirm,yes
18476,inform,i dont care
17693,reqalts,uh what about portuguese food
12834,request,what is the phone number
23081,inform,steak house
16275,inform,i am looking for a moderately priced restaurant
13620,thankyou,thank you good bye
10717,thankyou,thank you good bye
3580,request,whats the signature dish
20244,reqalts,is there another one
16864,negate,breath no malaysian food
12748,thankyou,thank you good bye
17937,affirm,yes
17104,inform,any
2314,affirm,yes
14315,reqalts,what about indian
6762,inform,any
11153,inform,south
23895,inform,irish food
19138,null,noise
3471,request,what area is it in
16414,inform,indonesian
18171,request,whats the address
21571,inform,im looking for an expensive restaurant in the south part of town
23035,request,what type of food do they serve
23155,confirm,is it expensive
11679,inform,chinese food please
4996,request,can i get the address
15973,request,whats their phone number
6070,inform,dont care
12125,inform,i would like a cheap restaurant in the west part of town
7902,reqalts,how about italian
13589,thankyou,thank you good bye
11744,inform,south
10118,inform,any
1038,thankyou,thank you goodbye
11001,inform,north
19453,inform,unintelligible food
18526,inform,im looking for an expensive restaurant in the east part of town
14008,inform,italian food west part of town
18919,null,noise
6038,inform,im looking for a moderately priced restaurant that serves european food
12463,affirm,right
6413,request,whats the address
13494,request,can i get the address and phone number
11140,inform,french food
3932,inform,i want a polynesian restaurant in the west part of town
19995,inform,moderate
17546,inform,danish
1855,inform,moroccan
15698,inform,im looking for a restaurant in the south part of town that serves
2332,inform,portuguese
18555,affirm,yes
10766,request,address
8468,inform,the south part of town
18620,request,and what area is it
18738,request,address
14139,request,can i get the phone number
7480,inform,north part of town
21242,inform,welsh food
18765,request,i need to know the phone number and price of food
9280,null,noise
7684,reqalts,how about thai food
15423,reqalts,anything else
22676,inform,expensive french
8566,null,noise
9791,thankyou,thank you good bye
21248,request,post code
15720,inform,it doesnt matter
23441,negate,no
2232,request,what is the price range
7388,request,and the address
6214,inform,south
21390,inform,cheap restaurant north part of town
3626,inform,the north part of town
5608,thankyou,alright thank you very much food bye
14975,request,post code
2348,null,unintelligible
21119,thankyou,thank you good bye
9798,inform,caribbean food
241,inform,the west part of town id like a cheap restaurant
23879,inform,south
2085,thankyou,okay thank you good bye
18409,inform,any
18667,thankyou,thank you good bye
20478,affirm,yes
11382,reqalts,anything else
10155,thankyou,thank you good bye
17066,inform,cheap restaurant
14431,inform,cheap restaurant
16341,inform,looking for a moderately priced restaurant that serves tuscan food
13598,negate,no
17534,inform,i need a cuban restaurant that is moderately priced
11591,request,could i have the phone number and address please
6771,inform,spanish
842,inform,i dont care
2412,inform,i need a restaurant in the center of town
12446,thankyou,thank you goodbye
13451,affirm,correct
12674,request,may i have the address
1177,negate,no
16250,request,price range
2940,inform,american
5111,thankyou,thank you good bye
20303,thankyou,thank you good bye
2234,thankyou,thank you good bye
16571,inform,i dont care
20351,request,what is the address
5241,request,whats the address
4560,request,address
12777,thankyou,thank you good bye
4178,inform,im looking for an expensive restaurant in the east part of town
6632,affirm,yes
13264,null,noise
15665,inform,i want an expensive restaurant
15765,inform,cheap
8033,request,phone number
17616,inform,dont care
16718,inform,id like a cheap restaurant on the south of town
4988,inform,im looking for a restaurant in the south part
1146,reqalts,how about portuguese food
5748,inform,are there any serves asian oriental
1700,reqalts,how about a chinese restaurant
8024,reqalts,what is the other portuguese restaurant
5973,thankyou,thank you goodbye
14565,inform,dont care
4544,inform,i want a moderately priced restaurant in the east
14748,thankyou,thank you good bye
11095,request,id like the address and phone number please
20280,null,sil
10419,inform,do you have modern european food
23572,inform,food
18004,inform,i dont care
23469,request,address
7517,reqalts,how about british type of food
13208,inform,any area
14985,request,okay whats their address
7767,inform,turkish food
7402,request,whats the address
11313,negate,no im looking
5664,thankyou,thank you good bye
4554,inform,dont care
9579,thankyou,thank you good bye
4227,request,whats the address
3962,thankyou,thank you good bye
12924,thankyou,thank you good bye
8974,null,noise
2257,request,post code
2581,inform,i dont care
7689,thankyou,thank you good bye
6517,request,tell me the phone number
20975,request,okay can i have the address
21948,inform,swedish food
2847,thankyou,thank you good bye
10918,request,whats the phone number
17235,inform,i dont care
9652,thankyou,thank you goodbye
15030,request,whats the address
19424,request,address
10599,inform,help me decide what venues are available in the west part of town serving any ty
10577,null,unintelligible
1076,inform,i would like to find a restaurant
3601,inform,thai food
4027,inform,west
3188,thankyou,thank you good bye
11269,request,address and phone number
16846,affirm,yes
6743,inform,any
15235,affirm,yes
11581,request,address
17844,request,can i have the address and the phone number
6433,request,address
7500,inform,spanish
2010,thankyou,thank you good bye
14411,request,phone number
23007,request,phone number
11406,thankyou,thank you good bye
23500,reqalts,is there anything else
3060,null,i am
13006,request,address
10250,thankyou,thank you good bye
4590,request,whats the area
17389,null,sil
22187,request,what type of food do they serve
17231,inform,id like an expensive restaurant that serves mediteranean food
13718,request,and the area
3635,request,address
22920,request,whats the post code
7283,request,could you give me a address
23607,thankyou,thank you good bye
8047,request,and the post code
7688,request,phone number
21196,inform,tv_noise im looking for a restaurant in the moderately pri
21515,reqalts,anything else
4122,inform,i want a german restaurant in the west part of town
22429,request,and the post code
20472,null,sigh
1110,inform,british
7384,inform,south part
15872,request,whats the address
10936,request,what type of food
1635,inform,it doesnt matter
16362,reqalts,is there a restaurant in the north part of town that serves indian food
5552,inform,spanish
9029,request,phone number
18523,inform,i dont care
10168,null,sil
6591,inform,i am looking for an expensive restaurant
13996,thankyou,okay thank you good bye
8984,inform,food
3104,reqalts,are there any other cheap restaurants in the west part of town
17459,request,area
16434,request,whats the phone number
1565,request,what is la margheritas address
723,reqalts,how about chinese food
22233,reqalts,how about european food
8250,request,and can i have the address phone number and price range of the restaurant please
3519,request,and what type of food
11551,request,expensive price range
17153,negate,breath no american food
13090,inform,moderate
20812,inform,find something in the north part
9366,inform,i want to find an expensive restaurant that serves vegetarian food
3977,request,phone number
19428,thankyou,thank you goodbye
10713,inform,expensive
18897,request,address
1810,thankyou,thank you goodbye
1558,inform,i would like korean food
21251,inform,any part
3584,inform,dont care
3737,inform,medterranean
16324,request,address
22055,affirm,uh yes
12097,request,what is the phone number
164,inform,cheap price range
7106,thankyou,thank you good bye
5332,inform,any anything else
20276,inform,indian food
10041,request,can i have the phone number please
1266,null,and ah
5979,inform,any
17093,reqalts,sure how about asian food
1568,inform,i want a modern european
20879,inform,moroccon
13125,inform,moderate
17503,inform,expensive
9471,inform,spanish
2644,inform,i dont care
3458,inform,im looking for a cheap restaurant in the east part of town
6989,null,sil
16550,request,what is the phone number
16046,reqalts,is there anything else that serves turkish
18541,inform,moderate
5571,thankyou,thank you good bye
2440,affirm,yes
3632,inform,im looking for a turkish restaurant
18387,null,noise
3017,inform,may i have the cheap restaurant in the south part of town
14446,inform,moderately priced south of town
13415,inform,i want an expensive restaurant in the south part of town
22945,affirm,yes
7159,affirm,yes
16440,request,what is the address and phone number
12627,inform,uh italian
7560,inform,portuguese
8099,thankyou,thank you good bye
17307,inform,moderately priced
18880,thankyou,thank you good bye
9764,inform,central inaudible
15098,request,address
17225,null,noise
18908,inform,cantonese food
19885,inform,im looking for a restaurant that serves afghan food
19413,inform,cheap
11535,inform,irish food
13407,affirm,yes
22462,request,address
12910,null,noise
18965,null,noise
13501,reqalts,how about one that serves asian oriental food
12499,null,noise
967,affirm,yes
15664,thankyou,thank you good bye
7011,request,may i have the post code
3296,inform,i dont care
17193,affirm,uh yes can i find a moderately priced restaurant and it serve it should serve brazilian food
20228,negate,no
15861,affirm,yeah
23439,negate,no
3999,null,bad
23670,inform,turkish
23045,thankyou,thank you good bye
10822,inform,id like to find a moderately priced restaurant in the west part of town
6664,inform,cheap price range
23272,reqalts,is there anything else
15528,inform,any price range
18187,null,unintelligible
10001,request,what is the price range
1400,inform,mediterranean
6493,negate,no lebanese food
17568,inform,korean
420,affirm,right
21081,thankyou,thank you good bye
23573,inform,asian oriental
10427,request,can i get the phone number
16442,thankyou,okay thank you good bye
2185,inform,south
1416,null,sil
19742,null,noise
9836,request,what is the address
13199,inform,any area
13182,reqalts,are there any restaurants serving indian food
7315,affirm,yes
23892,null,noise
2216,inform,do you have prezzo
4627,inform,any type of food
11437,request,could have the phone number
3990,inform,catalen food
23130,request,whats the address
22185,null,unintelligible
20888,request,phone number
12917,inform,im looking for a turkish restaurant in the east part of town
20715,thankyou,thank you good bye
5338,inform,gastropub
22346,request,whats the phone number
13479,null,sil
2611,inform,north american restaurant expensive
21140,inform,spanish
7845,inform,gastropub food
2052,inform,dont care
12213,inform,expensive
21086,affirm,yes
9699,thankyou,thank you good bye
11599,inform,sea food
14362,null,unintelligible
13868,inform,im looking for a hungarian restaurant
4330,request,phone number
3934,request,whats the phone number and address
12719,inform,im looking for a cheap restaurant in the west part of town
16736,request,whats the phone number of burger kitchen
18341,thankyou,thank you good bye
18239,inform,expensive
23246,ack,okay um
9413,inform,any area
3881,thankyou,okay thank you good bye
22524,inform,christmas food
11629,inform,african food please
21530,request,type of food
17097,thankyou,thank you
5155,negate,no im looking for a unintelligible swiss food
15230,inform,im looking for thai food
14954,inform,um medium price range
19824,inform,thai food
10646,null,sil
6171,request,may i have the phone number
16085,inform,any
8545,affirm,in the center yes
9441,inform,cheap restaurant
9096,inform,dont care
8028,inform,im looking for an expensive restaurant
16666,request,whats the phone number
20021,null,noise
9083,request,in the area
13014,request,can i get the address
3886,thankyou,thank you good bye
15515,request,the post code
18892,thankyou,thank you good bye
1961,reqalts,anything else
4828,null,noise
15244,request,phone number
22692,thankyou,thank you
13823,inform,chineese
1793,request,and the address
2522,inform,creative food
16408,affirm,yes
7357,request,type of food
12391,request,what is the phone number and address
2299,request,what kind of food is it
21213,request,may i have the phone number
15185,request,the phone number
8600,reqalts,is there anything else
16325,request,address
10353,inform,west part of town
19512,request,whats the phone number
23687,thankyou,thank you good bye
22606,inform,expensive restaurant that serves vegetarian food
1486,inform,italian
120,inform,dont care
7258,confirm,is there a modern european
17291,inform,lebanese food
7855,inform,any kind of food
12545,reqalts,how about italian food
11680,inform,cheap
8960,request,whats the address
5648,affirm,yes
5246,affirm,yes
23219,thankyou,thank you good bye
3590,inform,scandinavian food
15767,affirm,yes
14389,request,what is the phone number
1798,request,and the post code
14118,null,sil
1984,inform,expensive restaurant
4276,reqalts,what else
2315,inform,seafood
11078,request,and the address
15961,inform,s e a f o o d
17721,request,what type of food do they serve
695,thankyou,thank you goodbye
18890,null,okay
5449,thankyou,thank you good bye
14189,reqalts,how about vietnamese type of food
16808,request,address
20330,thankyou,thank you good bye
14322,inform,doesnt matter
2224,thankyou,thank you and good
1778,null,inaudible
11763,inform,cheap restaurant
10499,inform,cheap restaurant
16180,affirm,yes
13432,request,phone number and post code
21232,inform,any kind of food
572,affirm,yes
11316,inform,im looking for a cheap restaurant in west part of town
7916,affirm,yes
7524,inform,i dont care
23203,inform,dont care
4695,thankyou,thank you good bye
7935,request,whats the post code
10508,request,area
19202,thankyou,thank you good bye
10668,thankyou,thank you good bye
17557,reqalts,is there anything else
9230,inform,i would like to find an expensive restaurant serving
308,request,and what type of whats the phone number
13532,inform,i want singaporean food
11508,inform,any area
5850,request,address
936,inform,im looking for a restaurant in the west part of town that serves
14822,negate,no vietnamese
17476,inform,i would like to find a moderately priced restaurant and it should be in the east part of town
8204,inform,looking for persian food
20996,affirm,yes
14289,reqalts,how about mediterranean food
252,inform,tv_noise any
1509,request,and what is the post code
8582,inform,i dont care
18971,affirm,yes
12857,confirm,is there a thai restaurant in the west of town
8446,reqalts,anything else
21714,inform,im trying to find a cheap restaurant in the east of town
10622,inform,french
3895,affirm,yes
19072,thankyou,thank you good bye
1548,inform,im looking for korean food in any price range
13429,inform,im looking for cheap polynesian food
17337,inform,im looking for world food
960,inform,cuban
671,inform,im looking for
12356,affirm,ye
561,inform,moderately priced in the west part of town
815,inform,the south part of town
7511,request,what is the address
22382,inform,i need a restaurant in the west part of town
18532,request,what is the phone number
11537,thankyou,thank you
22687,thankyou,thank you goodbye
16405,affirm,yes
18191,inform,expensive
15324,inform,spanish food
8295,inform,any
3555,thankyou,can i okay thank you
20115,request,what kind of food is it
17618,thankyou,thank you good bye
22976,reqalts,is there anything else
3576,negate,no
17300,request,phone number
17004,request,what is the address
18000,request,can i get the address
20110,null,sil
11557,request,whats their phone number
12838,thankyou,thank you good bye
19402,affirm,yes
17743,thankyou,thank you good bye
930,inform,expensive
15168,reqalts,how about portuguese good
2195,request,phone number
6310,inform,are there any that serve vietnamese food
10983,inform,im looking for cheap japanese food
23046,inform,im looking for a world food restaurant in the east part of town
23830,thankyou,thank you good bye
17554,bye,okay thank you and good bye
1945,request,address phone number price range
6132,request,what is the address noise
16520,request,what is the phone number
5342,inform,gastropub
13541,inform,indian type food
21276,null,noise
5840,thankyou,thank you good bye
20174,inform,world food
16713,inform,north american food
10747,request,address
6356,reqalts,how about mediterranean food
4665,inform,malaysian food
16376,inform,food
2692,inform,west
21577,thankyou,thank you good bye
21685,inform,looking for something with gastropub on the east side of town
21400,inform,i want vegetarian food
13905,request,whats the address and phone number
4478,inform,any area
7305,request,whats the phone number
13676,inform,cheap restaurant
8593,inform,i need a restaurant
10173,inform,south
487,inform,any part
12967,request,phone number
18281,reqalts,how about european food
5760,thankyou,thank you good bye
5661,inform,dont care
4889,inform,catalan
19529,inform,gastropub
15216,inform,im looking for a restaurant in the west part of town
15368,reqalts,how about oriental type of food
5588,inform,food
19787,request,may i have its address
1758,inform,expensive mexican
15721,affirm,right in the south side of town though
21344,inform,mediterranean
18786,null,noise
23459,request,and postcode
16973,inform,dont care expensive
11448,thankyou,thank you good bye
12683,inform,asian oriental food
9867,request,whats the address
530,inform,dont care
17060,reqalts,how about portuguese food
14124,thankyou,thank you good bye
23040,request,price range
7214,inform,im looking for a restaurant that serves vegetarian food
23404,inform,the south part of town
13358,thankyou,thank you good bye
14101,request,address
18700,thankyou,thank you good bye
12913,null,what is the
14493,affirm,yes
12732,inform,c h e a p cheap
981,inform,i dont care
2710,reqalts,anything else
3991,inform,i am looking for italian
17846,hello,hello
927,request,and phone number
10556,inform,is modern european food any good
18932,inform,italian food
20329,request,post code
7856,reqalts,anything else
15005,affirm,yea
15303,request,phone number
8400,inform,it doesnt matter
6688,request,okay can i have the phone number
17589,request,post code
19985,affirm,yes
18529,reqalts,is there anything else
13612,reqalts,is there anything else
17009,null,noise
957,reqalts,how about british food
13402,negate,no
12348,inform,cuban
7992,reqalts,is there anything else
18739,request,phone number
21074,request,and the address
2845,request,address
136,inform,im looking for corsica food
14923,request,address
19706,inform,moroccan food
1692,request,whats their address
19922,inform,expensive
23532,null,sil
13292,inform,center part of town
3161,inform,umh i dont care noise
115,request,its a type of food
9024,inform,anything
21912,thankyou,thank you good bye
14647,request,phone number
1684,inform,i dont care
9461,null,sil
11770,reqalts,how about thai
218,inform,iam looking for a restaurant in the center
20679,affirm,yes spanish restaurant
4391,bye,alright thank you good bye
3270,inform,for a cheap restaurant in the south part of town
14860,request,what kind of food
19083,thankyou,thank you
711,inform,anywhere
4319,reqalts,um do you have anything else
10224,null,noise
13133,affirm,yes that serves british food
13769,null,sil
12247,inform,dont care
13826,inform,moderate
12695,reqalts,what about international food
1970,inform,korean
8483,inform,um a cheap restaurant in the west part of town
1031,reqalts,anything else
7459,reqalts,what about indian food
17098,reqalts,how about asian
14114,request,what is the phone number
12178,affirm,yes
5238,inform,portuguese food instead
21514,inform,doesnt matter
5086,inform,south
12525,request,may i have the phone number
15176,inform,any area
7518,inform,it doesnt matter
14022,hello,breath hi im looking for a danish food
7879,negate,noise no im looking for a french restaurant
21121,inform,im looking for a restaurant serving romanian food
3540,request,can i get the phone number
7873,inform,north part of town
20273,thankyou,thank you good bye
920,request,what is the address
8133,reqalts,how about asian oriental food
5683,inform,thai food
18843,null,sil
11979,request,can you give me the phone number
9004,inform,id like a restaurant in the east part of town
21995,request,area
16102,inform,any
6886,thankyou,thank you
15548,request,post code
9915,reqalts,is there anything else
21622,inform,south
10296,reqalts,is there anything else
8765,confirm,is there a gastropub
20690,request,whats the address
11405,request,what is the address
17514,affirm,yes
6266,reqalts,how about italian
22206,thankyou,thank you good bye
639,inform,chinese food
3605,thankyou,thank you goodbye
20512,thankyou,thank you good bye
11354,null,unintelligible
22381,thankyou,thank you goodbye
8628,request,what is the address
5489,ack,good
14305,request,can i have the phone number and the type of food
18344,reqalts,um what about european
7742,inform,center
13065,null,sil
1274,request,price range
15585,null,sil
21350,null,sil
16898,inform,yea im looking for an expensive restaurant in the south part of town
22463,thankyou,thank you good bye
7462,affirm,yes
5494,inform,and it should be in the north part of town
93,request,address
4685,inform,dont know
2956,inform,expensive
15189,inform,north american food
23499,affirm,yes
3170,thankyou,noise thank you goodbye
8489,request,let me get the address
22434,request,phone number
22133,inform,do you have christmas food
19285,thankyou,thank you good bye
4938,request,whats the address
2277,inform,cheap
17253,thankyou,thank you good bye
15264,inform,want one that serves international food
19877,inform,indian
17749,request,what type of food
14169,inform,mexican food
1834,request,what kind of food do they serve
19006,request,address
3046,request,post code
21053,request,i need the address
10532,negate,no
13160,null,sil
7981,inform,south part of town
12441,inform,im looking for something moderately priced
18851,request,what area is it in
8305,inform,italian
12243,thankyou,thank you goodbye
18416,reqalts,what about asian oriental foo
5031,inform,i want something that serves lebanese food
2484,thankyou,thank you good bye
22273,thankyou,thank you good bye
5290,reqalts,anything else
123,inform,thai food
971,inform,i would like vietnamese food
20602,inform,expensive restaurant east part of town
13044,negate,no
7762,request,what is the address
21893,thankyou,thank you good bye
11130,request,what is the address
14997,thankyou,thank you goodbye
20846,request,what type of food
18007,null,cough
2932,reqalts,is there anything else
22013,thankyou,thank you good bye
277,confirm,is it in the center
6986,affirm,yes
20923,inform,expensive
4044,reqalts,what about indian food
2291,inform,korean food
10259,inform,international
12612,null,uh
16465,request,whats the address and price range
15954,inform,seafood
505,inform,turkish
16370,thankyou,thank you good bye
6572,inform,it should serve caribbean food
19245,thankyou,thank you good bye
5094,null,noise
16263,thankyou,thank you good bye
12320,inform,it doesnt matter
19571,request,noise phone number
21554,request,price range
4776,request,price range
8185,inform,i dont care
7578,request,address
14528,inform,chinese food
4002,request,what is its address phone number and area
9709,reqalts,how about indian
13152,inform,doesnt matter west part of town
3357,thankyou,thank you good bye
6599,thankyou,thank you
12609,request,what is the phone number
2607,inform,north american
15838,inform,south part of town
9087,request,type of food
15644,thankyou,thank you good bye
18356,affirm,yea
9817,reqalts,is there anything else
9688,inform,restaurant in the west part of town that serves
14484,request,what is the address
20119,inform,i need a moderately priced restaurant in the south part of town
2197,request,type of food
11350,request,phone number
10026,null,show me the next
23050,request,whats the post code
16299,request,phone number
9149,inform,doesnt matter
17194,ack,okay uh
17250,inform,any
18695,inform,an expensive restaurant
19093,thankyou,thank you good bye
9621,request,could i have the address and phone number please
4682,request,whats the phone number
19731,thankyou,thank you
6800,inform,doesnt matter
3048,inform,im looking for an expensive restaurant in the east part of town
4216,inform,im looking for a restaurant in the center of town serving jamaican food
15285,inform,moderate
18973,thankyou,thank you good bye
15926,inform,an expensive restaurant in the south part of town
2599,negate,no
13263,inform,cheap cheap restaurant
13372,inform,asian oriental
6898,inform,im looking for an expensive restaurant in the south part of town
8556,null,noise
12902,inform,cheap restaurant in the west part of town
12994,affirm,yes
22300,inform,south part of town
2740,thankyou,uh thank you good bye
18392,null,noise
5319,null,i would like
8256,inform,moderate
23611,null,noise
8451,reqalts,how about asian oriental food
15626,thankyou,thank you good bye
3310,inform,any
19042,thankyou,thank you good bye
13889,inform,is there any place that serves italian food
17978,deny,i dont want chinese
20992,null,viet
557,inform,it doesnt matter
23615,null,noise
13290,inform,swedish food
3130,thankyou,thank you good bye
1159,thankyou,thank you good bye
4886,request,address and phone number
3288,inform,chinese food
4011,request,whats its address
12987,request,whats the post code
9479,inform,i want spanish food
9474,inform,spanish
4437,affirm,yes
4735,request,and the phone number
19563,inform,moderate restaurant kosher food
10138,thankyou,thank you good bye
14990,request,phone number please
8772,bye,ok thank you goodbye
14147,inform,id like a moderately priced restaurant in the south part of town
19743,request,what is the phone number
1310,request,phone number
18268,inform,north
22761,thankyou,thank you
18272,null,noise
13016,request,can i get the address
8882,thankyou,thank you good bye
17136,inform,doesnt matter
8659,request,could i have the address and phone number please
11693,thankyou,thank you good b
9250,inform,in the north part of town
14993,reqalts,how about vietnamese food
6051,request,whats the address
18782,thankyou,thank you good bye
3163,negate,noise no
1891,null,id like a
19023,confirm,is it in the north part of town
8723,reqalts,how about vietnamese
6855,inform,im looking for a cheap restaurant in the west part of town
20893,inform,food
9502,inform,afghan
19208,thankyou,thank you good bye
3213,affirm,yes
15615,inform,the south
961,request,could i have the phone number
8248,reqalts,okay is there a restaurant that serves thai food
23861,inform,i dont care
623,thankyou,thank you good bye
17412,inform,i dont care
13017,request,the price range
14440,inform,looking for something cheap on the east part of town
13029,null,please
21333,inform,dont care
12388,inform,id like a restaurant in the south part of town
23926,request,may i have the phone number
895,request,what is the address
21293,thankyou,thank you goodbye
19941,null,sil
7584,request,whats the phone number
13316,inform,any
2161,thankyou,thank you good bye
4850,affirm,yes
15446,inform,expensive
20281,inform,im looking for a restaurant in the north part of town
270,null,tv_noise
3520,thankyou,thank you
23032,request,type of food
12955,request,address and phone number
1107,inform,the south
756,negate,no
1108,null,cough
11793,inform,that doesnt matter
9619,inform,polynesian
20386,bye,k you goodbye
12285,negate,no
1174,inform,polynesian food
6463,thankyou,thank you good bye
12361,negate,no
7078,inform,french food
10081,inform,restaurant in the east part of town
326,request,whats the address
22071,request,ah could you give me the address
17615,inform,im looking for a cheap restaurant in the north part of town
22855,inform,chinese
1883,inform,moderately priced restaurant that serves fusion food
1567,inform,i want a cheap hungarian food restaurant
7163,inform,afghan food
17428,null,i want to find a
16548,inform,id like an expensive restaurant in the south part of town
1242,request,whats the address
9525,thankyou,thank you good bye
10004,request,what is the address
19603,inform,the south
1228,reqalts,how about mediterranean food
6027,inform,east of town
7295,inform,chinese food
15925,thankyou,thank you good bye
2967,inform,i do not care
4753,inform,north
5757,inform,italian food
15435,null,noise
14107,inform,it doesnt matter
17473,null,unintelligible
18012,request,may i get the phone number
6260,request,i need the address phone number and post code
20042,null,sil
8618,request,and the area
16471,affirm,yes im looking for barbecue food
11614,thankyou,thank you goodbye
21445,thankyou,and thats all thank you and good bye
16897,thankyou,thank you goodbye
11113,inform,im looking for a moderately priced restaurant
17158,thankyou,thank you goodbye
5239,inform,doesnt matter
2721,inform,south south
16274,inform,any part of town
5771,inform,dont care
5172,reqalts,how about british food
9532,request,price range
6584,null,sil
1839,null,serve
12739,inform,ok i want to find a restaurant in the south part of town
21268,request,phone number
4267,inform,moderately priced
22387,inform,cheap
1183,request,whats the phone number
2225,bye,okay thank you and good bye
19949,inform,dont care
13010,inform,im looking for a restaurant in the east part of town
19652,inform,west
12128,reqalts,is there anything else
16700,inform,im looking for a cheap restaurant in the south part of town
21290,request,phone number
18713,request,okay phone number
8630,request,what type of food do they serve
5110,request,can i have the phone number
2246,thankyou,thank you good bye
854,inform,austrian
1255,inform,chinese chinese
21330,null,arts town
18019,thankyou,thank you goodbye
19235,inform,any
21454,request,phone number
19516,bye,thank you good bye crosstalk
20593,request,can i have the address and phone number
14762,affirm,yes
9336,reqalts,anything else
10355,inform,british
1374,reqalts,how about asian oriental
22843,request,what is the phone number
6837,affirm,yes
4881,thankyou,thank you good bye
20274,inform,moderately priced restaurant serving moroccan food
16894,inform,im looking for a restaurant in the north of town serving korean french food
4853,request,whats the address
19228,null,noise
9787,request,whats the phone number
21234,thankyou,thank you good bye
18286,inform,im looking for a restaurant in the north part of town serving lebanese food
3826,inform,can i get a cheap restaurant in the south part of town
14228,negate,no i said irish
19818,inform,south
18505,request,address
14443,request,okay and their address
11710,thankyou,thank you good bye
21955,inform,im looking for a restaurant in the center that serves romanian food
17853,request,whats the post code
6769,inform,is there a restaurant in the center of town serving
4259,inform,doesnt matter
2745,request,what the address
8021,inform,any part of town
6165,inform,i dont care
5455,request,what is the post code
17962,thankyou,thank you good bye
2210,repeat,cant repeat
3443,reqalts,is there anything else
21112,request,what is the area
1139,reqalts,how about european food
23299,request,price range
23610,inform,moroccan
1680,request,what is the address
52,inform,im looking for am expensive restaurant in the south part
13266,inform,west
19160,inform,moderately priced restaurant
437,request,what is the phone number
8445,null,unintelligible
1968,inform,dont care
11466,inform,im looking for a moderately priced restaurant in the south part of town
7347,thankyou,thank you good bye
11577,bye,alright so im very good thanks good bye
18190,null,unintelligible
18636,inform,modern european
165,request,address
8108,inform,vietnamese food
9815,null,sorry
2263,request,address
19790,inform,i need a restaurant in the center of town that serves spanish food
18712,inform,it deosnt matter
16567,inform,center
492,request,price range
1952,confirm,does it serve thai food
16475,inform,gastropub
3799,thankyou,thank you good bye
15111,null,noise
14086,thankyou,thank you good bye
18418,inform,oriental
21386,reqalts,how about vietnamese food
1632,reqalts,what about chineese
13449,null,noise
2226,inform,im looking for gastropub food
455,request,whats the address
23034,request,what do they serve
2410,request,address
7950,request,address phone number and area
19437,reqalts,how about thai
8345,request,address
14292,request,may i have the post code
3833,request,whats the address
6298,inform,any
3844,inform,it doesnt matter
3265,inform,any
8317,thankyou,thank you good bye
2372,affirm,yea
3795,inform,i dont care
21217,affirm,right
22994,inform,south part of town italian food
18083,inform,the east
11009,inform,it doesnt matter
6442,inform,any is okay
4023,request,okay and can i get their address
22080,thankyou,thank you goodbye
6789,inform,spanish
6077,inform,chinese food
10488,thankyou,okay thank you
611,thankyou,thank you good bye
14437,request,what type of food
8081,inform,korean food
11542,inform,barbecue food
2927,request,what is the price range
1972,request,what is the address
17502,inform,i dont care
5010,inform,italian food instead
18347,thankyou,thank you good bye
2167,reqalts,i dont want that give me another spanish choice
20599,request,what is the phone number
19469,thankyou,thank you good bye
3763,inform,west part of town
22193,thankyou,thank you good bye
22745,inform,moderate
11843,inform,it has to serve unusual
726,inform,i want to find a moderately priced restaurant and it should serve
21152,thankyou,thank you goodbye
7391,inform,serving lebanese food
12681,inform,unusual food
23197,reqalts,how about west
2914,affirm,yes
16260,request,phone number
5737,thankyou,thank you good bye
9492,inform,it doesnt matter
7202,inform,center area
20424,inform,restaurant in west part of town serving corsica food
9337,request,phone number
3127,request,address
1101,thankyou,thank you good bye
14295,inform,spanish food
6095,inform,chinese food
23090,thankyou,thank you good bye
8096,inform,any
6329,inform,i dont care
15534,thankyou,thank you goodbye
22935,inform,any type of food
9123,inform,i want to find an expensive restaurant in the east part of t
20569,inform,i want expensive food in the east part of town
20774,request,phone number
423,hello,hi im looking for a restaurant in the
19699,inform,any
15034,inform,city center
6972,thankyou,thank you good bye
4003,request,what area of town is it in
2215,affirm,yes
15384,inform,italian
23297,request,what is the address
18068,inform,any area
4734,request,what is the address
1466,request,what area of town
19792,inform,center
13707,inform,moderate
14180,reqalts,are there any restaurants serving turkish food
21747,affirm,yes
5924,request,phone number
7876,inform,thai
16889,inform,if there is no such venue how about french type of food
13371,inform,vegitarian
23659,request,what is the phone number and price range
8592,inform,i dont care about price
9680,thankyou,thank you good bye
15773,request,phone number
5102,thankyou,thank you goodbye
2129,thankyou,thank you good bye
13730,inform,canapes
13396,inform,asian
5297,inform,food
17760,request,what is the post code
17849,affirm,yes
8374,inform,center
913,inform,doesnt matter
10409,inform,id like a moderately priced restaurant that serves
16172,inform,im looking for a moderately priced restaurant
11799,request,may i have the phone number
7130,inform,im looking for a moderately priced restaurant serving basque food
11882,request,and the price code
8862,bye,kay thank you good bye
22833,inform,im looking for a restaurant in north part of town serving austrian food
15669,reqalts,how about european food
16911,reqalts,is there anything else
2659,inform,vietnamese food
20840,inform,looking for a cheap restaurant in the west part of town
17639,request,whats the address
23777,request,and the address
14767,inform,i want asian oriental food
16673,inform,doesnt matter
21009,inform,restaurant any area japanese food
1996,inform,restaurant south part of town
20010,thankyou,thank you good bye
22001,request,what is the address
5553,inform,spanish
18311,null,sil
9783,request,phone number
18161,thankyou,thank you goodbye
16237,affirm,yes fusion
13992,request,may i have the address
22363,reqalts,how about north american type of food
1727,request,phone number
17448,inform,korean
12589,negate,no
2875,request,okay can i have the address and the phone number please
10749,thankyou,thank you good bye
7111,inform,im looking for a restaurant serving chinese food
17099,reqalts,how about asian food
14591,inform,i dont care
7868,inform,french
16952,affirm,yes
5978,affirm,yes
707,request,address
6699,inform,korean food
13622,inform,i would like to find an expensive restaurant that serves japanese food
5419,reqalts,how about chinese restaurants
10468,request,and the phone number
12162,request,i would like to know the phone number
18553,thankyou,thank you goodbye
14549,inform,im looking for a restaurant in the west part of town that serves crossover food
12710,inform,moderate
17525,null,usually
8087,request,phone number
3701,request,address
8547,request,the phone number
16946,thankyou,thank you good bye
23420,reqalts,what about korean food
17895,reqalts,how about french food
3865,inform,british
13942,inform,uh doesnt matter
9015,inform,turkish
17620,null,inaudible
3546,request,what kind of food is it
11233,request,what is the address
2290,inform,uh korean food
12914,request,address
19050,inform,i want to find a moderately priced restaurant that serves cuban food
8368,inform,indian food
20487,thankyou,thank you good bye
17882,inform,japanese
16135,inform,chinese
23449,inform,french food
3716,request,whats the address
18888,negate,no
30,inform,expensive restaurant
5593,inform,food
14345,thankyou,thank you goodbye
10727,inform,i want swiss food
10205,inform,im looking for a restaurant in the center of town that serves african
9000,reqalts,how about european food
1489,inform,italian
3912,inform,i dont care
14087,inform,restaurant in the south part of town
15182,request,can i get the phone number
4658,inform,moderately priced restaurant turkish food
16019,affirm,yes
13015,null,noise
16480,inform,i dont care
8826,thankyou,thank you good bye
1730,inform,what is there in the north
14047,null,cough
9533,thankyou,thank you good bye
21625,thankyou,thank you good bye
1688,inform,im looking for a restaurant in the east part of town
2105,reqalts,how about mediterranean
10186,request,may i have the address
20039,request,the phone number
12284,negate,um no
4479,inform,moderately priced
23695,request,address
10137,request,whats their address
16967,inform,turkish
1822,thankyou,thank you good bye
10351,request,whats the address
8424,request,what area
19939,null,sil
8362,request,whats the address
15695,inform,i dont care
10949,inform,moderate ly
6523,request,how about the phone number
2512,inform,expensive
14931,request,address
5605,request,could i have its number
10960,inform,i want a cheap restaurant in the east part of town
20563,negate,no
16406,inform,doesnt matter
13375,inform,the west
69,request,phone number
13535,inform,in the center
1831,inform,i dont care
556,inform,im looking for international food
1930,request,phone number
22415,reqalts,anything else
949,inform,it doesnt matter
17598,null,noise
1618,thankyou,thank you good bye
9427,thankyou,thank you good bye
12489,inform,indian
10193,affirm,yes
6055,null,in the
12768,reqalts,anything else
19948,null,sil
12369,inform,serving cuban food
40,reqalts,how about french food
15998,thankyou,thank you good bye
13985,inform,i dont care
3794,inform,mediterranean
4358,request,and can i have the address and phone number please
13896,inform,id like a moderately priced restaurant
2311,request,phone number
16574,request,post code
4433,inform,im looking for an expensive restaurant in a
19751,inform,it doesnt matter
15617,inform,the south part of town
9901,request,and price range
22045,request,what is the post code
2430,affirm,yes
4815,thankyou,thank you good bye
20031,affirm,right
20561,inform,expensive restaurant
1943,inform,indian food
22522,inform,north part of town
11333,inform,im looking for a moderately priced restaurant in the east part of
11613,request,the area
17032,inform,i dont care
1145,null,okay
1368,request,what is the area
23241,request,type of food
18827,thankyou,thank you good bye
10403,inform,modern european food
2749,request,what type of food is it
4789,inform,i want a cheap restaurant in the south part of town
7190,null,whats the ph
2706,request,what is their address and phone number
19919,thankyou,uh thank you good bye
22910,request,what is the phone number
17766,affirm,yes
23043,request,the price range
18929,request,price range
4426,null,unintelligible
8425,thankyou,thank you good bye
12300,affirm,yeah
13184,inform,i dont care
10125,request,what is the price range
23414,thankyou,thank you good bye
10209,thankyou,thank you good bye
23200,null,unintelligible
16612,inform,south
9954,thankyou,thank you goodbye
16481,request,could i have the address and phone number plea
22002,request,what is the address
19270,reqalts,is there anything else
4456,thankyou,thank you good bye
17549,affirm,yes
273,null,tv_noise
20074,null,im looking
3371,thankyou,thank you good bye
19203,reqalts,what about asian oriental
13059,inform,uh low price range
23564,inform,any
17630,request,what area
18086,request,what type of food
17747,inform,i dont care
2101,inform,expensive
2062,negate,no
14005,inform,japanese
1748,request,what is the address and phone number
17905,request,post code
5708,inform,is there an expensive restaurant serving thai food
13555,thankyou,thank you good bye
23492,affirm,uh yes
10855,inform,anywhere
924,reqalts,is there anything else
20348,request,okay can i have the address
9449,inform,im looking for a restaurant that serves mediterranean food
10368,inform,irish
14286,inform,im looking for a cheap restaurant that serves welsh food
22665,inform,in the south part of town
12888,affirm,uh yes mexican please
12668,negate,no i am looking for a vietnamese restaurant
15035,inform,cheap
10795,null,noise
1856,inform,moroccan
19924,reqalts,is there anything else
8645,reqalts,is there anything else
9538,request,phone number
20470,request,whats their phone number
17449,inform,korean food
22441,request,what area is that
15008,request,may i have their phone number please
5081,inform,italian food
19680,inform,malaysian food
13567,request,address
13080,hello,hello
5842,inform,italian food
21958,request,okay what is the address and phone number
16573,null,sil
5804,request,address
18445,request,phone number
10377,inform,caribbean food
19861,thankyou,thank you good bye
9753,inform,airatarin
7970,bye,k you goodbye
10557,thankyou,thank you good bye
14533,inform,may i have an expensive restaurant
22308,null,unintelligible
20885,inform,british food
17218,inform,moderately priced in the north part of town
13664,bye,goodbye
23470,thankyou,thank you good bye
4460,request,what is the address
4715,inform,i want african food
13742,inform,i dont care
3057,reqalts,how about french food
1478,inform,dont care
16576,null,inaudible
5458,inform,creative
10912,thankyou,thank you good bye
11919,request,what food is available
17108,thankyou,thank you good bye
3267,request,address
23853,inform,in the inner south
15546,request,address
11507,reqalts,what about indian food in the cheap price range
5043,negate,no
20598,reqalts,how about portuguese food
13388,request,what is the phone number
7114,thankyou,thank you goodbye
11430,request,area
1807,inform,im looking for a moderately priced restaurant in the west part of town
20849,inform,any
1314,inform,i dont care
5082,inform,south
8944,inform,british
14577,inform,any
17797,request,can i get the address
6220,bye,okay bye
13659,request,address
8264,reqalts,how about portugeuse food
16562,thankyou,thank you good bye
10665,inform,south part of town
10509,thankyou,thank you good bye
9048,null,sil
22042,request,what is the address
6441,affirm,yes
5203,null,unintelligible
9309,inform,italian food
8224,thankyou,thank you good bye
19004,request,price range
10669,inform,barbecue
22069,request,type of food
14243,request,what is their phone number
9211,null,unintelligible
16747,null,uh
1949,inform,that serves romanian food
16052,null,noise
6788,hello,um hi i want to find a restaurant in the town center that serves
15883,reqalts,how about asian oriental type of food
17712,inform,international
11006,request,post code
4703,inform,i want an expensive restaurant
21835,reqalts,what else do you have
8516,inform,moderately priced
17633,request,area
19345,request,uh phone number
2832,null,sil
23953,request,phone number
10337,thankyou,thank you good bye
778,request,may i have the address and post code
4292,thankyou,thank you good bye
3690,request,can i have the type of food
17981,request,what kind of food does it serve
13095,thankyou,thank you good bye
8191,affirm,yea
9513,request,okay and can i get the address
22881,inform,expensive french food
5521,inform,south
12127,affirm,yes
15803,affirm,yes cheap spanish restaurant
22752,request,price range
11209,request,and what is the phone number
579,null,sil
1301,inform,any where
3827,inform,any
4149,inform,change that to any price range
21430,inform,and moderately priced
2120,request,can i have the address and phone number please
16942,affirm,right
21743,inform,south part
894,request,what type of food do they serve
3661,request,what is the phone number
9676,inform,center
5107,affirm,yes
15564,inform,can i have moderately priced restaurant in the west part of town
5265,hello,hi im looking for a restaurant that serves irish food
21170,inform,moderately priced food in the north part of town
20095,inform,american
17021,request,what is price range
11241,request,what is their area
8131,inform,im trying to find a moderately priced restaurant that serves swedish food
7801,inform,caribbean food
9225,thankyou,thank you good bye
796,thankyou,thank you good bye
14487,bye,unintelligible bye
17047,negate,uh no
1191,request,and the post code
174,inform,west
5753,inform,pan asian food
3914,reqalts,is there anything else
18627,thankyou,thank you good bye
12101,inform,any
2385,null,the
16945,request,phone number
8957,negate,no thank you
18726,thankyou,thank you good bye
18030,inform,jamaican
13102,inform,restaurant in west part of town
18635,inform,caribbean food
15268,affirm,yes
23171,request,and the telephone number
5911,inform,danish
8464,inform,i want a restaurant in the south part of town
5743,inform,north
3095,inform,south
16007,affirm,yes
4065,inform,south
1534,reqalts,anything else
18918,thankyou,thank you good bye
3553,reqalts,how about vietnamese
21209,null,sil
2973,reqalts,how about indian food
19492,inform,expensive
5875,request,may i get the address and phone number
997,inform,im looking for gastropub food
23646,thankyou,thank you good bye
15464,request,phone number
10718,inform,im looking for a restaurant in the west part of town
6576,request,and whats the address
14469,reqalts,is there anything else
5649,inform,doesnt matter
17700,inform,pan asian food
16360,thankyou,thank you good bye
5568,request,whats the address
18681,inform,a restaurant cheap north part of town
9728,inform,expensive
11726,request,what is the post code
3340,inform,restaurant west part of town
9847,inform,okay can i have european food
20157,thankyou,thank you goodbye
22240,request,where is the phone number
12673,request,okay may i have the address
9976,thankyou,thank you good bye
3528,inform,cantonese
15459,affirm,yes
12199,thankyou,thank you good bye
12060,inform,korean food
19640,inform,expensive
350,inform,any type is fine
4321,thankyou,thank you good bye
1208,request,can i have the post code
14329,inform,hungarian food
12669,request,what is the address
7559,inform,portuguese food in the south
14590,inform,moderately priced restaurant in the south part of town
16422,inform,indian
1165,inform,i need a restaurant in the east part of town
23683,reqalts,is there any other restaurant that serves turkish food
8760,inform,is there an indian restaurant the east of town
14733,inform,moderately priced
10256,inform,im looking for a cheap restaurant in the south part of town
23451,affirm,yes
8530,thankyou,thank you goodbye
10605,thankyou,thank you goodbye
5958,request,and can you tell me the phone number
11000,thankyou,thank you good bye
4370,reqalts,is there anything else
875,null,unintelligible
9535,inform,dont care
15788,request,what is the address
21776,request,what type of food is it
371,inform,i dont care
13394,reqalts,how about asian oriental
21647,inform,thai food
20429,affirm,yes
8084,inform,center
5767,request,what is their address and phone number
23637,null,unintelligible
991,inform,im looking for a restaurant in the west part of town that serves italian food
11472,inform,any price range
17424,inform,mediterranean food
20874,request,price range
6190,inform,a restaurant in the center of town
14905,inform,korean
13477,inform,korean food
1204,inform,south
19397,reqalts,how about chinese food
11807,request,whats the address
19765,request,what is the address
10385,request,what type of food does it
16322,affirm,yes
21403,inform,portuguese
18115,confirm,is that persian food
20233,reqalts,is there anything else
15623,inform,south
4626,inform,im looking to find a moderately priced restaurant
17142,affirm,yes
4206,request,what is their phone number
4232,reqalts,is there anything else
22010,request,phone
2891,inform,the north part of town
5313,null,okay
2438,inform,moderately priced
1260,affirm,yes
2304,thankyou,thank you good bye
4116,request,address
7312,reqalts,how about italian food
1725,inform,expensive
3582,thankyou,thank you good bye
19528,inform,world food
4874,inform,italian food
11536,null,appleton wisconsin
8990,inform,center
16585,inform,chinese food
5690,request,and uh their post code
2902,null,that is all
20391,inform,italian food
12694,reqalts,what about international
2037,request,may i have its number
6817,inform,spanish food
14964,thankyou,thank you good bye
21221,request,address
15397,affirm,yes
13553,request,address phone number and post code
4038,thankyou,thank you good bye
1583,inform,i dont care
20336,reqalts,how about spanish food
13442,null,noise
1706,inform,chinese
19694,request,phone number
9368,request,can i get the address and area of the venue
4637,request,what is the address
15817,request,and whats the price range
6911,inform,any
11753,thankyou,thank you good bye
3574,inform,im looking for a cheap restaurant it should serve japanese food
14130,thankyou,thank you good bye
14864,reqalts,is there a restaurant that serves gastropub food
21195,confirm,does it serve canapes food noise
23496,thankyou,thank you good bye
11176,inform,serving international food
19121,inform,asian oriental
23856,request,what is the type of food
11105,inform,venue
14249,thankyou,thank you good bye
17197,request,okay and uh how about the phone number
15948,inform,seafood
19890,request,whats the address
20765,thankyou,thank you good bye
12194,inform,whats a cheap restaurant in the west
637,affirm,yes
12803,negate,no caribbean
12047,null,survey
4990,inform,south
11660,inform,moderately priced
10380,request,address
13512,null,sil
16980,thankyou,thank you good bye
3902,thankyou,thank you good bye
7991,inform,the south part of town
22359,inform,im looking for a sea food restaurant
21313,inform,i dont care
10420,request,what is the address and phone number
1241,inform,i dont care
704,inform,cheap
4643,request,may i have the phone number
2655,request,whats the phone number
22257,inform,barbecue food
22209,inform,food
2716,thankyou,thank you goodbye
3482,inform,im looking for a cheap restaurant in the north of
9524,request,address and post code
5056,inform,any price range
13653,inform,im looking for a restaurant in the east part of town serving chinese food
4642,inform,cheap
11758,request,okay can i get their address
13064,negate,no
12897,inform,center
16737,request,and the type of food at gourmet burger kitchen
8004,request,phone number
19005,request,phone number
1917,request,what kind of food does it serve
839,request,whats the address and phone number
22990,inform,doesnt matter
1847,thankyou,thank you good bye
21977,reqalts,anything else
2926,request,what is the address phone number price range
625,reqalts,how about indian food
15024,affirm,yeah
2317,negate,no
10702,thankyou,thank you
9899,request,what is the address
9058,request,what is the address
1459,inform,im looking for a moderately priced restaurant
15928,bye,goodbye
19094,reqalts,um how about chinese food
8478,inform,any part
15540,request,can i have the phone number and address
14667,request,what is the address
4052,null,noise
3098,inform,restaurant in the south part of town
2460,inform,i would like a moderately priced restaurant
2064,inform,south of town
17929,repeat,try calling again in one minuet
7746,affirm,yes
9071,null,noise
11544,inform,barbecue food
12707,inform,south town
14901,inform,german food in the centre of town
15570,hello,hello
7893,inform,african food
130,inform,i dont care
9792,inform,im looking for a restaurant in the south part of town that serves vietnamese food
4406,thankyou,thank you good bye
6111,negate,no
9997,inform,find me an expensive restaurant
17033,inform,unusual
17426,inform,cheap price range
17103,inform,moderately priced restaurant that serves thai food
9057,request,whats the address
13763,inform,cheap
2201,inform,a restaurant thats serving international food
16347,thankyou,thank you good bye
5812,thankyou,thank you good bye
14448,inform,uh any
908,thankyou,thank you goodbye
21373,null,oh boy
5755,inform,pan asian food
8603,inform,chinese food
15224,confirm,is there a thai restaurant in the west part of town
16449,request,address
10975,request,whats the phone number
6308,reqalts,what about vietnamese type of food
9839,inform,im looking for a cheap restaurant in the east part of town
23796,request,phone number
8543,inform,im looking for a restaurant in the
19852,thankyou,thank you good bye
10123,request,what is the address
12261,null,noise
14636,request,whats the address
11940,affirm,yes iam looking for a cheap restaurant in the south part of town
829,thankyou,thank you good bye
7866,null,noise
9637,thankyou,thank you good bye
13031,request,and what is the price range
8129,request,address
7007,inform,thai
22674,null,unintelligible
4795,inform,expensive
16721,thankyou,thank you good bye
10653,request,what is their address
2785,request,post code
9271,request,phone number
17856,null,cough
644,null,sil
10600,reqalts,is there anything else
22782,request,address
1004,inform,im looking for a cheap spanish restaurant
16028,inform,anything
6284,reqalts,anything else
9995,request,may i get the post code
20540,request,phone number
23503,request,whats the phone number
4463,inform,i dont care about the price range i need bask food
1614,affirm,yes
11659,thankyou,thank you good bye
12839,thankyou,thank you
131,inform,dont care
3157,request,okay give me address
4501,reqalts,is there anything else
12016,request,whats the post code
22041,reqalts,how about north american food
23763,request,may i have the address and phone number
17187,inform,restaurant
23959,inform,expensive
2269,thankyou,thank you good bye
16017,inform,moderate
20062,inform,west
12410,thankyou,thank you good bye
6340,inform,i want a restaurant in any area that serves vietnamese food
17689,request,phone number
4960,inform,breath expensive
8296,inform,north
22202,reqalts,is there anything else
4402,affirm,yes
509,thankyou,thank you good bye
9737,thankyou,thank you good bye
9582,inform,mediterranean food
16145,request,phone number
886,confirm,does it serve european type food
21260,inform,italian
10131,request,phone number
23309,request,address
516,inform,south
9383,inform,international
11286,inform,moderate
19479,request,can i get the address
313,thankyou,thank you good bye
13957,inform,moderately priced
5234,request,whats the address
19773,request,what is the phone number
17854,thankyou,thank you good bye
16170,request,whats the post code
1726,inform,korean food expensive
22548,inform,welch food
5989,thankyou,thank you good bye
14868,request,what is the address
1963,request,address
12130,request,what is the address
18850,request,area
3705,reqalts,how about chinese food
19212,inform,how how bout chinese food
23422,inform,are they expensive
6936,affirm,yes
10299,inform,find me an expensive persian restaurant
12905,inform,italian
13214,request,can i have the address of the venue
18371,inform,i dont care
2016,inform,im looking for a restaurant that serves indian food
12197,request,whats the address phone number and post code
8009,inform,centre
19502,affirm,yes
19216,request,and the post code
5686,inform,uh moderate
5079,inform,unusual food
8598,null,sil
4672,inform,im looking for an expensive restaurant in the south part of town
18189,null,unintelligible
15743,reqalts,um what about chinese
8933,inform,singapore food
5717,thankyou,thank you good bye
6827,request,whats the phone number
23679,inform,a restaurant in the west that serves italian food
8493,thankyou,thank you good bye
17680,request,address
8046,request,what about the phone number
15738,null,noise
17572,request,what is the price range
16997,inform,iam looking for an expensive restaurant and it should be in the south part of town
7803,inform,caribbean
13786,thankyou,thank you good bye
23946,inform,thai food
3796,request,what is the address
11253,hello,hi im looking for a rerestaurant that serves cuban food
5516,thankyou,thank you good bye
3047,thankyou,thank you good bye
13235,inform,any price range
17664,thankyou,thank you goodbye
13359,inform,italian food
2893,reqalts,is there anything else
17210,request,could i have the address phone number and area
18386,thankyou,thank you good bye
10027,request,phone number
3743,inform,south
2090,inform,im looking for a restaurant in the center serving african food
17548,inform,um moderate
22267,inform,cheap
23792,inform,i need to find one in the south part of town
21487,thankyou,thank you goodbye
15476,request,whats the phone number
12425,inform,im looking for something moderate
436,request,phone number
16644,inform,i dont care
3586,negate,no
12140,negate,breath no unusual food
23692,inform,im looking for a restaurant
9257,request,what is the address
5388,thankyou,thank you good bye
12087,null,sil
596,reqalts,how about moroccan food
10387,confirm,er do they serve eritrean food
8876,inform,swedish food
3440,thankyou,thank you good bye
9858,inform,expensive
1610,inform,canopy
4322,inform,im looking for a restaurant in any area that servess
17778,request,what is the address
21953,request,address
9147,request,can i have the address and post code
19714,affirm,yes
6879,thankyou,um thank you goodbye
6521,inform,i dont care
7543,inform,i dont care
13155,request,whats the phone number
876,null,unintelligible
8810,request,and can i have the address
20808,null,laughing
5542,null,can i
22973,inform,id like to find a restaurant serving french food
4653,negate,no
14918,request,what is the phone number
200,null,unintelligible
15994,inform,um dont care
8946,thankyou,thank you good bye
16410,request,the address and post code
14966,inform,greek
11841,thankyou,thank you goodbye
23643,thankyou,thank you good bye
10613,inform,greek
5949,inform,portuguese food
22989,inform,an expensive restaurant in the south part of town
22223,inform,i want to find a moderately priced restaurant that serves vietnamese food
19027,request,what kind of food
14442,request,okay how about the phone number
597,reqalts,how about moroccan food
672,inform,im looking for
479,thankyou,thank you good bye
5229,request,whats the address
5598,inform,north
3069,inform,any part
1838,inform,what does rice house
17524,request,what kind of food do they serve
20240,inform,modern european
8421,request,address
1041,affirm,yes
7065,thankyou,thank you good bye
21159,inform,i dont care
6653,thankyou,thank you good bye
14485,request,phone number
16205,affirm,ye
18028,inform,im looking for a restaurant in the south part of town serving jamaican food
21356,request,can i have the phone number
14467,inform,im looking for a cheap restaurant in the west part of town
1409,inform,id like a restaurant that serves turkish food
7598,affirm,yes
21502,thankyou,thank you goodbye
4299,inform,i do not care
8698,thankyou,thank you good bye
20902,request,phone number
6528,inform,indian food
2004,thankyou,thank you good bye
22869,inform,i dont care about the price range
17345,request,whats the address
9146,reqalts,is there anything else
11181,inform,i am looking for sweedish food
4074,inform,im looking for vegetarian food
20804,negate,no
7217,request,could i have the address
22262,reqalts,how about italian food
9614,reqalts,is there anything else
4207,request,what area of town are they located
4718,thankyou,thank you good bye
7194,inform,i dont care
20439,inform,chinese
11587,inform,id like a restaurant in south part of town that serves japanese
2479,thankyou,thank you good bye
21056,inform,i want a moderately priced restaurant in the north part of town
5784,reqalts,anything else
18657,request,may i have the address and phone number
17382,null,nosie
17949,inform,any
21358,thankyou,thank you good bye
1591,confirm,does it serve canapes
5976,inform,indian
22288,inform,dont care
9501,inform,afghan
15421,request,type of food
4014,inform,a cheap
22862,inform,moderate
4339,request,whats the phone number
21692,inform,british food
11945,null,what is the
15319,inform,north
4459,inform,the east part of town
23935,inform,corsica
3591,inform,how bout thai
11200,request,phone number
2373,request,what is the address and phone number
15426,reqalts,anything else
6155,inform,west killeen
13413,request,phone number
23587,request,phone number
9061,inform,seafood
19662,confirm,does it serve italian food
16651,inform,moderate
20086,inform,swedish food
13562,inform,asian oriental
12541,reqalts,is there anything else
10190,thankyou,thank you good bye
1299,thankyou,thank you good bye
1809,request,whats the address
21165,request,whats the post code
14039,inform,thai food
21834,inform,thai food
11177,reqalts,how about the center area
10480,inform,vietnamese
20807,restart,oh jesus christ start over
15670,request,whats the address and phone number
150,inform,any
392,thankyou,thank you good bye
4566,inform,restaurant in the center serving turkish food
2340,inform,the south
11649,inform,halal food
2183,thankyou,thank you good bye
10242,request,whats the price range
4204,thankyou,thank you goodbye
23766,confirm,is it chinese food
7834,request,telephone number
16833,request,what is the address and phone and postal code
339,null,sil
15086,inform,modern european food
23666,request,whats the phone number
20256,request,whats the post code
22016,inform,english
21163,inform,im looking for something serves japanese food
16948,reqalts,how about chinese food
15195,thankyou,thank you good bye
15211,inform,dont care
20627,inform,dont care
12272,inform,turkish
17603,confirm,is that asian oriental type of food
21482,inform,a restaurant in the south part of town serving pan asian food
1752,inform,moderately priced
2447,request,phone number
413,request,whats the price range
15396,inform,any
18296,inform,i dont care
18077,inform,it doesnt matter
13621,hello,hello
18471,request,address
5281,inform,im looking for an expensive restaurant in the south part of town
6470,thankyou,thank you good bye
23668,thankyou,thank you goodbye
22422,repeat,can you repeat that
20517,request,phone number
19675,request,phone number
9503,request,phone number
17322,thankyou,thank you good bye
11840,request,phone number
14652,null,sil
3735,reqalts,how about mediterranean
23368,inform,indian food
8991,inform,south
21539,request,what is the address
12079,null,free
14439,thankyou,thank you good bye
23909,request,address
9685,request,address
19514,request,whats the post code
21525,request,address
12051,inform,asian
18470,inform,any price range
2169,request,thats fine give me the address
23578,thankyou,thank you good bye
1097,inform,i dont care
6348,inform,i want thai food
849,request,whats the price range
3292,inform,im looking for a restaurant in the center of town that serves
12342,inform,ah im looking for a restaurant in the center serving french food
4655,inform,polish food
9031,request,phone number
6137,request,whats the address
7143,request,no thats post code
4046,thankyou,thank you good bye
4652,inform,im looking for a moderately priced restaurant that serves polish food
2451,request,and the phone number
19296,request,what about the post code
8744,request,address
20396,thankyou,thank you goodbye
16745,inform,gastropub food
7945,null,unintelligible
7193,inform,i am looking for a moderate priced restaurant in the west of town
23187,request,phone number
1013,thankyou,thank you good bye
5849,inform,its expensive
57,reqalts,is the anything else
19987,request,and what about the phone number
11773,thankyou,thank you good bye
14512,inform,i want an indian food restaurant moderate priced
7395,inform,it doesnt matter
12671,inform,cheap restaurant in th east part of town
2778,reqalts,okay what about another restaurant
10089,thankyou,thank you good bye
22036,request,whats the price range
16906,request,addre
12460,request,and the post code
8056,request,post code
2382,request,the address
11353,inform,any
19223,inform,noise um in the east part of town
14858,request,whats the address phone number and type of food
5012,inform,the south part of town
2904,inform,im looking for something serving vegetarian food
9213,inform,doesnt matter
8627,inform,i want a cheap restaurant in the west part of town
5750,request,whats the address
10634,thankyou,thank you good bye
2294,request,phone number
18282,request,may i have the address and the phone number
5670,request,can i get the address and phone number
9762,request,okay whats the phone number
2720,thankyou,thank you good bye
14979,inform,any
20859,reqalts,how about indian
11257,inform,moderate
16594,inform,i dont care
4688,inform,south
4840,request,address
18103,negate,no
18504,request,address
20322,inform,noise west
13933,inform,catalan food expensive
16881,reqalts,anything else
16386,affirm,yes
5950,request,whats the phone number
23835,thankyou,thank you good bye
19633,reqalts,how about asian oriental
10057,request,phone number
14878,thankyou,thank you good bye
1884,inform,turkish food
22775,inform,i dont give a damn about chinese food i want thai food
21297,inform,hungarian
3529,inform,cantonese
20008,inform,dont care
21721,affirm,yes could you recommend me a place that serves british food in a moderate price range
18697,affirm,yes
6937,affirm,yes
19923,inform,i would like expensive food
6942,request,phone number
8053,request,uh address
4585,thankyou,thank you good bye
22266,null,unintelligible
10344,request,whats the post code
866,inform,in the center
2463,inform,moderately priced restaurant
8508,inform,thai
18649,inform,im looking for a restaurant in the south part of town that serves malaysian food
16909,inform,im looking for an expensive restaurant in the south part of town
7744,inform,center part of town
10571,inform,im looking for moderately priced restaurant that serves world food
16916,reqalts,how about european food
21938,confirm,is it in the south part
12866,inform,west part of town
22956,thankyou,thank you goodbye
21104,inform,it doesnt matter
8940,inform,im looking for a cheap restaurant that serves italian food
199,thankyou,thank you good bye
1333,thankyou,thank you good bye
13970,inform,im looking for a romanian restaurant
20731,inform,afghan
20790,thankyou,thank you good bye
9378,request,type of food
7346,request,may i have the phone number
18674,request,address and phone number please
2962,reqalts,how about a different restaurant
1824,inform,i dont care
5254,reqalts,how about french food
21663,request,post code
12533,request,what is the phone number and address
23177,inform,steak house
10712,inform,unusual
21224,affirm,yes
5057,request,phone number
21900,inform,austrian food
5138,inform,uh italian food
15487,inform,any area
13120,thankyou,thank you good bye
10093,inform,im looking for a moderately priced restaurant in the north part of town
14359,inform,i want i want indian food
21151,request,post code
10839,thankyou,thank you good bye
10510,inform,west
10751,inform,doesnt matter
1337,negate,no
9165,request,whats the address
6005,null,i want
5496,affirm,right
5772,reqalts,anything else
16227,null,sil
14365,inform,i dont care
17653,affirm,yes
8660,request,could i have the phone number and post code
17333,inform,lebanese food
1916,affirm,yes
23134,request,can i have the phone number
19904,inform,catalan
8354,request,phone number
8568,null,noise
7168,inform,afghan food
7509,inform,korean
5641,reqalts,how about a castro pub
13587,request,phone number
10692,thankyou,thank you good bye
21586,null,unintelligible
3035,request,what is the address
20046,request,whats the address
9077,request,and their post code
23806,request,phone number
18931,inform,english food
8672,null,unintelligible
7712,inform,dont care
14820,inform,crossover
17716,request,what is the address
22350,thankyou,thank you good bye
7085,inform,thai food
8560,null,noise
6560,reqalts,anything else
12474,inform,noise im looking for moderately priced in the north part of cleveland ohio
15747,inform,doesnt matter
3597,inform,how bout thai food
13704,inform,tuscan
12566,thankyou,thank you good bye
6342,request,the address and phone number
21375,inform,a chi ok lets look for chinese restaurant
5559,affirm,yes
19577,inform,indian type of food
19841,reqalts,anything else
11950,request,address and post code
17050,request,can i get the address phone number and post code
6697,inform,looking for expensive tuscan food
19658,inform,i dont care
19253,affirm,yes that serves korean food
2857,negate,no
12226,inform,i dont care
2938,thankyou,thank you good bye
17500,inform,east noise
1308,inform,north
10802,request,address
3559,inform,jamaican
3551,thankyou,thank you good bye
1287,inform,im looking for an expensive restaurant in the east part of town
2466,null,system
446,request,okay and whats the post code
137,inform,im looking for gastropub food
865,thankyou,thank you good bye
1221,thankyou,thank you goodbye
7493,null,unintelligible
7520,thankyou,thank you good bye
10592,request,what food is in the west part of town
22421,request,um can i get the address and phone number
17311,request,address
5822,request,phone number
18321,inform,in the north part of town
2789,inform,vietnamese food
5055,inform,anything
5230,request,whats the phone number
17920,thankyou,thank you good bye
6752,thankyou,thank you good bye
13628,inform,the expensive price range
18111,inform,italian food
16485,request,may i have the address
22886,reqalts,anything else
21686,inform,gastropub
12209,inform,any
19334,repeat,go back
16937,request,address
8860,request,and whats its phone number
2548,inform,i am looking for persian food please
21895,negate,no is there anything else
14844,inform,mediterranean food
10527,request,and whats the phone number
5765,inform,italian food
13608,inform,north
23581,thankyou,thank you good bye
6704,inform,christmas
22375,request,what is the area
3448,inform,im looking for a moderately priced restaurant in the north
1562,hello,hello im looking for a cheap restaurant in the west part of town
14995,inform,vietnamese food
14122,null,sil
23706,thankyou,thank you good bye
15732,affirm,yes
7678,inform,im looking for a moderately priced restaurant that serves asian
8703,inform,pan asian
15032,inform,unusual food
14980,null,noise
13604,inform,cheap
13319,thankyou,thank you good bye
10935,request,type of food
19193,inform,looking for lebanese food in the city center
13118,request,what is the phone number
17203,thankyou,thank you good bye
23772,inform,south part of town
8306,inform,chinese
19560,null,noise
21783,inform,restaurant in the center
4075,inform,turkish food
19679,inform,malaysian food
18275,negate,no
5477,inform,indian food
14474,inform,indian food
3324,inform,french
819,inform,um im trying to find a restaurant in the unintelligible of town
19040,request,what area
5662,request,id like the address and area
12788,inform,any
14216,request,address
20677,inform,looking for spanish food in the center of town
5326,request,whats their address
8311,inform,a cheap restaurant that serves basque food
14450,request,whats the phone number
8738,thankyou,thank you good bye
21489,inform,cheap
3108,inform,im looking for a greek restaurant
20413,inform,i would like modern european food
21262,negate,no
18394,inform,id like a pan asian restaurant
2177,inform,im looking for a moderately priced restaurant and it should be in the west part of town
16949,request,what kind of food does it serve
19038,request,what is the address
23795,request,can i get the address
23987,inform,thai food
1934,inform,center
12571,confirm,is there a chinese restaurant
18962,request,whats the phone number
8666,null,unintelligible
3059,thankyou,thank you good bye
17899,null,noise
13918,thankyou,thank you goodbye
14537,reqalts,how about asian oriental
11714,thankyou,thank you good bye
22686,request,phone number
5966,request,okay and whats the post code
379,reqalts,what about indian food
23525,request,what is the phone number
1235,inform,ah scottish food
19884,thankyou,thank you
12582,request,what is the post code
7095,thankyou,thank you good bye
23195,inform,how about in the west area
10020,inform,im looking at a cheap restaurant and it should be
2727,thankyou,thank you good bye
14841,inform,im looking for a restaurant in the center of town
10842,inform,south
15239,affirm,yes
17498,thankyou,sorry about my mistakes thank you good bye
615,reqalts,how about chinese food
6504,thankyou,thank you good bye
3373,null,unintelligible
17030,bye,okay thank you and good bye
23268,request,what is the phone number
1508,request,and the phone number
17711,inform,anywhere
5945,inform,looking for a restaurant in the south part of town
15152,inform,im looking for a cheap restaurant in the north of town
4205,inform,moderately priced spanish restaurant
2115,negate,no
14832,inform,indian food in the west part of town
2054,thankyou,thank you good bye
1729,thankyou,thank you good bye
6269,inform,dont care
1352,inform,it doesnt matter
10693,inform,expensive restaurant
18283,null,static
4930,request,area
4511,affirm,yes
11312,inform,i dont care
11668,inform,chinese food
12679,thankyou,thank you good bye
19789,thankyou,thank you good bye
2393,inform,im looking for a moderately priced restaurant in the west part
19623,inform,north
22111,thankyou,thank you goodbye
11429,request,area
4866,reqalts,do you have any other restaurants
1704,thankyou,thank you good bye
3700,request,phone number
6253,inform,any where
6624,reqalts,how about vietnamese
17305,request,can i have the address phone number and area
6305,request,phone number
21822,inform,can i have a british restaurant in the east please
3033,inform,im looking for an expensive restaurant in the south part of
14057,inform,im looking an expensive dr expensive restaurant that serves canapes food
3969,inform,i dont care
16890,inform,if there is no such venue how about french type of food
18600,null,cough
10094,thankyou,thank you good bye
11248,inform,doesnt matter
15256,null,sil
15210,inform,west part of town moderatley price
10663,inform,chinses
5109,inform,it doesnt matter
2464,request,what is the phone number
16244,thankyou,thank you good bye
18026,request,whats the phone number
12363,negate,no asian oriental
14495,thankyou,thank you good bye
10804,thankyou,thank you good bye
11849,inform,any
18334,reqalts,okay give me another option
10426,inform,italian
7770,request,whats the price range
22563,thankyou,thank you good bye
8551,null,noise
3625,affirm,yes good afternoon im looking for a restaurant in the north
22460,inform,any
13795,thankyou,thank you
7129,thankyou,thank you and good bye
4721,null,noise
13320,thankyou,thank you good bye
12246,negate,no
7656,inform,im looking for a restaurant that serves tuscan food
15557,request,address
295,reqalts,anything else
7254,inform,barbecue food
12207,thankyou,thank you good bye
9923,inform,alright can i get chinese food
16582,thankyou,thank you good bye
17002,inform,cheap restaurant in the south part of town
21616,hello,hi im looking for a restaurant that serves lebanese food
10107,affirm,uh yes im looking for an expensive restaurant and it should be in the east part of town
2822,thankyou,thank you good bye
3842,inform,im looking for a restaurant in the south part of town serving
20445,thankyou,thank you good bye
11573,affirm,yea im wondering if theres a steak house restaurant in the north part of
12751,null,noise
10973,inform,im looking for vietnamese food
3802,inform,english food
18055,null,sil
11583,bye,goodbye
23074,inform,id like thai food
18678,request,address and phone number
20188,thankyou,thank you good bye
4288,request,what is the post code
1669,request,address
19386,request,address
5292,request,address
3380,inform,spanish food
11062,request,whats the address and area
21899,inform,any
2640,inform,i dont care
5548,inform,i need moderately priced restaurant that serves spanish
21254,inform,mediterranean food
19385,request,address
5511,inform,international
12179,inform,i dont care
12548,request,what is the address and phone number
19324,request,whats the phone number
14530,request,may i have the address
7015,inform,chinese
16398,inform,indian indian food in the east part of town
20058,request,okay can i have the phone number and the post code please
23424,request,and their phone number
21476,inform,looking for a moderately priced restaurant that serves unusual food
12938,negate,no
7827,inform,expensive
23595,thankyou,thank you good bye
15027,affirm,yes
20685,inform,it doesnt matter
23077,thankyou,thank you goodbye
4784,affirm,yes
13594,thankyou,thank you good bye
22217,hello,hello
14217,request,address
22803,thankyou,thank you good bye
6426,inform,dont care
19909,request,price range
14686,null,unintelligible
9664,request,price range
7748,request,can i have the address and the postcode
7013,inform,im looking for a
19187,inform,north part
780,request,address
6285,request,address
8367,reqalts,how about indian food
15345,request,whats the address
6961,bye,yawning thank you and good bye
5421,request,what is the phone number
16824,inform,im looking for portuguese food
20189,inform,i want to find a restaurant in the north part of town
20750,inform,restaurant in the west part of town that serves airitran food
13958,inform,dont care
5251,thankyou,thank you good bye
7938,inform,north part of town
6694,inform,dont care
4992,request,can i have the phone number
23205,inform,korean
14851,request,what part of town
14490,inform,vietnamese in the center part of town
8,request,address
3598,affirm,yes
19283,inform,id like an expensive restaurant that serves bat food
8124,thankyou,thank you good bye
4203,request,whats the post code noise
10775,request,thank you what is the phone number
14603,request,what area
16164,inform,im looking for eritrean food
1347,request,address
8419,inform,uh european food
10410,inform,any
1360,thankyou,thank you good bye
4756,request,phone number
5779,thankyou,thank you goodbye
14065,affirm,yes
13728,reqalts,how about canapes
17233,thankyou,thank you good bye
16988,inform,i dont care
14668,request,what is the type of food
22666,thankyou,thank you good bye
7070,request,can i have the address please
23351,inform,korean restaurant
265,null,tv_noise
2543,inform,any part
828,request,what is the address
21014,inform,japanese
18887,affirm,yes
16634,inform,i want a moderately priced restaurant in the south part of town
16098,inform,turkish food
6364,inform,im looking for a cheap hungarian restaurant
21993,request,phone number
19311,request,whats the address
20422,inform,expensive
7256,reqalts,is there a restaurant that serves modern european
16831,inform,italian
12170,inform,im looking for a cheap restaurant in the north part of town
18074,inform,turkish type of food
12503,null,noise
12422,inform,i dont care
2935,inform,im looking for a cheap restaurant in the west part of town
19100,thankyou,thank you goodbye
13852,affirm,yes yea
15955,inform,seafood
22557,inform,italian food
6482,inform,lebanese
17903,request,address
20636,inform,afghan
2271,inform,i dont care
20742,null,sil
2563,thankyou,thank you goodbye
11135,inform,turkish
3615,inform,moderately priced restaurant
3755,inform,west
1445,inform,north
9116,request,phone number
7467,affirm,yes
16312,thankyou,thank you good bye
21425,reqalts,how about international food
19145,request,may i have the phone number please
5274,negate,no any area
15776,inform,i dont care
17682,inform,restaurant east
6779,request,phone number
10778,request,phone number
19128,thankyou,thank you goodbye
20163,request,phone number
8396,request,the phone number
16740,inform,i dont care
11576,repeat,can you repeat that
20195,inform,i dont care
10748,request,the address
9913,thankyou,thank you good bye
5869,request,what is the phone number and address
6469,request,whats the address
15310,inform,spanish restaurant in the south part of town
13883,inform,korean food
10304,thankyou,thank you good bye
9880,thankyou,thank you good bye
9958,thankyou,thank you good bye
13735,inform,canapes
21923,request,what is the price range
3175,thankyou,thank you good bye
3758,inform,west
12318,inform,it serves turkish food
2239,null,noise
1210,inform,food
8254,inform,dont care
17113,request,whats its post code
19329,inform,moderately priced
4007,inform,doesnt matter
19631,inform,i dont care
8482,thankyou,thank you good bye
14987,request,how about the phone number
10287,thankyou,thank you good bye
17660,inform,chinese food
10036,request,whats the address
11516,request,address
8778,inform,im looking for a restaurant in the east part of town that serves australian
20168,inform,im looking for a restaurant in the east part of town that serves indian food
9963,affirm,yes
1513,request,whats the address
18437,request,may i have the address and phone number please
21695,inform,i want to find a cheap restaurant that serves
8629,null,what is
17367,request,post code
3143,inform,im looking for a restaurant in the west part
6004,negate,no
17251,reqalts,is there anything else
5311,null,okay and um
12200,inform,restaurant
10132,thankyou,thank you good bye
23390,inform,i want a cheap restaurant in the west part of town
6666,request,whats the post code
1935,inform,dont care
7417,affirm,yes
6917,request,phone number
14214,null,unintelligible
22311,thankyou,thank you goodbye
3783,request,food do they serve
1370,inform,hi im looking for moderately priced
4138,thankyou,thank you good bye
23386,inform,thai food
12821,inform,ah any
1774,request,phone number
602,request,what is the address and phone number
2298,inform,persian
13700,thankyou,thank you good bye
6696,thankyou,thank you good bye
11552,request,address
6829,thankyou,thank you good bye
17907,inform,im looking for a moderately priced restaurant
7687,request,can i have the address and phone number
13660,thankyou,thank you good bye
14744,inform,im looking for a moderately priced restaurant in the north part of town
5627,inform,welsh food in the north part of town
19552,request,the phone
2605,inform,north american food
6824,reqalts,is there anything else
19647,thankyou,thank you good bye
4453,request,price range
17714,inform,im looking for a moderately priced restaurant in the south part of town
2073,request,what kind of food
4995,inform,any
8917,request,and what type of food
8807,request,whats the address
13873,negate,no hungarian food
16635,inform,it doesnt matter
23419,inform,korean
11548,request,whats the price range
18017,request,whats the phone number
17379,reqalts,what about european food
1327,request,type of food
8128,inform,any
19829,inform,thai food
23910,thankyou,thank you good bye
1775,request,phone number
1027,thankyou,thank you good bye
21528,request,phone number
21274,hello,hi looking for a moderately priced restaurant
4596,null,first one
23298,thankyou,thank you good bye
16599,thankyou,thank you good bye
13583,inform,moderate
18278,inform,i dont care about the price range
15365,reqalts,how about asian oriental type of food
12551,inform,um it doesnt matter
11070,inform,im looking for a moderately priced restaurant
9999,request,what kind of food does it
10415,affirm,yes id like hungarian food in the south part of town
15509,thankyou,thank you good bye
6394,thankyou,thank you good bye
11731,thankyou,thank you good bye
16743,thankyou,thank you good bye
20536,thankyou,okay thank you good bye
23143,request,what is the address
9630,request,whats the address
17666,reqalts,how about european food
7245,inform,basque food
22968,request,address
19989,inform,im looking for a moderately priced restaurant in the west part of town
15013,inform,i dont care
12171,inform,italian
18836,inform,italian food
20314,request,phone number
19562,inform,moderate restaurant kosher food
17397,null,unintelligible
19433,null,sil
14287,affirm,yes
11759,request,and their phone number
5770,inform,dont care
18337,reqalts,i believe you anything else
433,thankyou,thank you good bye
17145,request,what type of food
9352,thankyou,thank you goodbye
21534,inform,doesnt matter
10917,request,address
23427,inform,i dont care
698,inform,vegetarian
13230,request,and can i have the post code please
8625,request,and phone number please
13238,request,what is the address
10708,request,may i have the address
9987,thankyou,thank you good bye
14719,inform,cheap
20752,inform,italian
23848,request,address
18439,inform,moderately priced restaurant
23694,request,can i have the phone number
21569,request,and whats the price range
17061,request,what is the address
6007,inform,i want scottish food
1584,inform,i dont care about the price range
23147,inform,id like an indian restaurant
20780,inform,dont care
10293,reqalts,there any other
8171,request,what is the address
11250,request,address
5259,thankyou,thank you good bye
15813,null,you tell me
222,inform,im looking for a restaurant serving
17674,inform,south
11589,inform,japanese
5510,inform,moderately priced
11707,inform,mediterranean
14606,inform,cheap
22327,request,whats the phone number
21437,inform,any price range
3779,request,what type of food do they serve
11002,inform,dont care
13048,request,what kind of food is it
280,null,noise
23698,request,whats the address
23260,inform,i want to find a restaurant in the west part of town that serves vietnamese food
18327,reqalts,is there anything else
8679,request,phone number
16351,inform,sea food
16397,affirm,yes can i have a vegetarian restaurant in the east part of town
17416,request,and what type of food
19148,request,may i have the phone number please
15702,inform,chinese food
13508,inform,i dont care
537,inform,south
12151,inform,is there staurant that serves unusual food
22598,request,whats the address
4731,inform,im looking for a moderately priced restaurant that serves
14773,request,address
589,request,what is the address
444,reqalts,okay how about any part of town
11403,bye,cute thank you good bye
4644,request,what type of food does it serve
5975,negate,no steak house
14828,affirm,yes
1657,request,phone number
17659,affirm,yes
15468,affirm,yes
13845,request,what is the post code
8449,inform,can i have a restaurant in the north
16856,request,address
15011,inform,portuguese food
10490,inform,can i get a restaurant in the south part of town that serves cuban food
2124,request,whats the address
17590,request,post code
13916,inform,i dont care
20369,request,and whats the price range
7024,thankyou,thank you good bye
3606,inform,expensive
5008,inform,unusual food
6671,request,the address
10051,request,what is the post code
21122,reqalts,what about vietnamese food
9966,null,okay
1280,request,type of food
9428,inform,cheap restaurant
19417,request,type of food
20028,request,what is the phone number
13922,reqalts,how about vietnamese food
19237,request,whats the address
15520,request,price range
14044,null,sil
21331,inform,west
6856,inform,any
22485,request,can i get the address and phone number
19011,affirm,yes
18234,null,sil
16616,request,phone number
1642,request,and whats the phone number
18763,inform,i dont care
16050,null,noise
18920,inform,west
13595,null,unintelligible
2553,null,unintelligible
19179,request,phone number
15589,null,background_speech
20939,affirm,yes
6754,inform,cheap restaurant
2045,inform,im looking for a cheap restaurant
16781,request,address
23245,request,okay and can i get their phone number
5503,request,can i have his phone number
21243,null,sil
3126,inform,moderate
12688,inform,looking for a restaurant in the south part of town
4269,affirm,yes
14988,null,cough
19105,inform,any
2237,inform,any area
8816,reqalts,is there anything else
1229,reqalts,how about mediterranean food
261,negate,no dont care
5226,thankyou,thank you goodbye
4589,inform,i dont care
6722,reqalts,is there a restaurant serving vietnamese food
11172,inform,may i have vietnamese food
3734,inform,restaraunt serving fusion food
8626,thankyou,thank you good bye
21803,request,phone number
8363,thankyou,thank you good bye
8385,inform,cheap
4000,affirm,yes
7690,inform,cheap restaurant
21804,thankyou,thank you good bye
21084,inform,something serving swiss food
15099,request,address
11305,inform,what about asian food
8157,inform,north part of town
18926,inform,i dont care
4594,inform,yea im looking for an expensive
11226,thankyou,thank you goodbye
18563,null,sil
16921,inform,moderately priced moderately priced
13772,thankyou,thank you good bye
4218,inform,i am looking for modern european food
22345,inform,im looking for a cheap restaurant in the east part of town that serves gastropub food
3863,thankyou,thank you good bye
22299,thankyou,thank you goodbye
13454,request,post code
19619,reqalts,is there anything else
7479,null,noise
17761,thankyou,thank you good bye
23747,request,phone number
15582,null,sil
9231,inform,any part of town please
14381,request,what is the address
20733,inform,turkish
12869,inform,moderate
16532,null,cough
11089,request,post code
6189,thankyou,thank you good bye
2732,inform,im looking for a restaurant in the east part of town that serves traditional food
15860,inform,im looking for a restaurant that serves thai food
20126,null,noise
15621,inform,any
21728,inform,restaurant
5942,request,phone number
18469,inform,british food
2769,request,phone number
19462,negate,no
19891,request,and the phone number
8650,inform,dont care
3166,inform,noise i dont care about the price range
12344,thankyou,thank you goodbye
12813,request,and the phone number
7225,inform,center
9451,request,whats the price range
13326,reqalts,how about chinese food
11997,inform,doesnt matter
5478,inform,chinese food
678,inform,british food
18291,inform,im looking for a restaurant in the north part of town serving italian type of food
17663,request,can i get the phone number
12776,request,and the address
8452,reqalts,what about asian oriental food
8828,inform,any
7589,inform,uh the center
15875,inform,korean food
16779,request,address
7892,negate,no
16273,inform,chinese food
14051,inform,indian food
4942,inform,international
20130,request,can i have the phone number
14532,thankyou,thank you good bye
4865,reqalts,is there anything else
1579,inform,halo food
3937,inform,im looking for an expensive restaurant in the east part of town
2719,thankyou,thank you
9530,null,adress
14280,inform,im looking for spanish food
8438,request,can i have their address
8522,request,address
20516,inform,i dont care
21413,thankyou,thank you good bye
6994,inform,doesnt matter
3261,affirm,yes
5108,affirm,yes
10932,inform,cheap restaurant west part of town
8845,reqalts,how about european
20193,null,unintelligible
10006,thankyou,thank you good bye
23475,null,unintelligible
23962,inform,im looking for an expensive restaurant that serves venetian food
2093,inform,expensive
21124,affirm,yes
13821,inform,chineese
5085,inform,south
7498,inform,spanish
22149,inform,im looking for an expensive restaurant that serves belgium food
4836,inform,cheap restaurant
49,request,well can i get the address and the post code
5537,inform,indian food
8481,request,can i get the phone number
2694,inform,indian
12809,inform,asian oriental
23159,inform,west
3313,reqalts,how about asian oriental type of food
3352,inform,in the north part
5968,thankyou,okay that will be all thank you and good bye
16524,inform,bistro food
18244,inform,restaurant in any area international food
22489,reqalts,how about north american food
15560,inform,uh gastropub food
10194,reqalts,are there any other restaurants
13180,inform,what about indian foods
17804,inform,scandinavian food
8019,inform,any
1481,thankyou,thank you good bye
8596,request,can i get the phone number
3536,inform,north american
12013,inform,i want a moderately priced chinese restaurant
7125,inform,i dont care
17001,thankyou,thank you good bye
23033,request,what type of food
13003,affirm,yes
7341,reqalts,how about british food
21979,request,what type of food does the venue
7198,inform,im looking for an expensive restaurant serving international food
19673,inform,dont care
19911,thankyou,thank you good bye
19520,inform,moderate
3493,inform,im looking for a restaurant cheap restaurant serving romanian food
13245,affirm,yes
18346,request,whats the post code
3543,inform,i need something in the east part of town that serves
19214,inform,chinese
10005,request,what is the phone number
14941,request,what is the address
11469,request,what type of food do they serve
17781,inform,a restaurant in the east part of town serving indian food
11637,inform,any price range
18449,negate,no south part of town
17056,inform,portuguese food
8462,request,and the post code
9861,request,phone number
15050,reqalts,is there a restaurant that serves indian food
1078,inform,indian
21079,null,uh
372,reqalts,is there anything else
18226,reqalts,how about korean food
661,inform,chinese
3183,inform,cheap restaurant
10199,negate,no
17340,inform,i dont care
18033,inform,im looking for a restaurant in the south part of town serving chinese food
8422,request,whats the address
5059,thankyou,thank you good bye
4909,inform,venesian
20530,inform,cheap
22913,inform,im looking for a restaurant in the north part of town
4937,reqalts,what about european food
3006,request,address
8266,inform,any price range
17396,null,cough
3162,inform,eritrean food noise
2040,inform,west part of town
6786,request,phone number
9142,thankyou,thank you good bye
14102,request,phone number
18655,reqalts,how about asian oriental
5556,inform,spanish food
5401,inform,i need an expensive restaurant
15076,reqalts,what else
14895,null,sil
4374,request,what is the post code
23278,inform,moderate price
21343,inform,malaysian food
13444,inform,south
10700,inform,a restaurant that serves german food
20250,request,can i have the post code
16978,request,area
7034,inform,south
5984,reqalts,how about italian
10986,request,how about the address
18398,inform,pan asian
11008,inform,can i have a restaurant in the south part of town
11982,thankyou,very good thank you bye bye
23822,thankyou,thank you good bye
9574,inform,i need a cheap restaurant
2039,inform,european european
834,thankyou,thank you good bye
20477,inform,cheap
13771,null,sigh
9625,inform,any area
22519,request,address
12684,inform,i dont care
13516,request,what is the address
22675,null,unintelligible
19289,inform,the indian food
22160,request,what is the phone number
14103,bye,okay good bye
15346,request,and phone number
15016,thankyou,thank you good bye
7824,null,both
16871,inform,find me a moderately priced restaurant in the north part of town
3408,request,noise can you repeat the post code please
18157,affirm,yes
9490,thankyou,thank you good bye
1007,request,the postcode
16157,affirm,yes
19362,request,the food of the venue
16021,inform,moderate
7317,request,and the phone number
17434,request,post code
1803,inform,dont care
19022,confirm,is that in the north part of town
16739,inform,id like a moderately priced restaurant in the west part of town
2508,inform,i dont care
14976,thankyou,thank you good bye
610,request,whats the address to that please
54,inform,hindi food is okay
17708,request,phone number
6473,negate,no
1452,inform,im looking for a restaurant
17774,thankyou,thank you good bye
6221,inform,cheap restaurant
5623,reqalts,uh another choice
18082,null,sil
16857,request,phone number
15778,thankyou,thank you good bye
23075,inform,id like thai food
5390,inform,im looking for an expensive restaurant in the south part of tow
11111,request,post code
20972,inform,indian food
2978,request,address and phone number
15448,request,phone number
23491,inform,indian
14020,request,what is the address
6633,inform,it doesnt matter
9651,request,and what type of food
13931,null,noise
17463,null,sil
22303,reqalts,anything else
23947,inform,thai food
20819,confirm,does it serve m african food
6623,inform,moroccan food
23900,thankyou,thank you good bye
186,request,phone number
11999,request,okay the address
22709,inform,moderate price range
6017,request,what is the address
10342,inform,im looking for african food
1959,inform,any
22428,request,can i have their phone number
10418,inform,hungarian
22059,request,um kay whats the post code
12152,negate,no thank you goodbye
18685,request,okay may i have the address and phone number
23154,request,whats the address and phone number
17891,request,address
11087,request,address
15678,request,address phone number
5613,request,the post code
21201,confirm,is it in the moderate price range
17413,inform,cheap
7777,request,the address and phone number
1770,thankyou,thank you good bye
3195,request,id like to know the address phone number and post code
19545,inform,the south part of town
20118,thankyou,thank you good bye
10079,request,phone number
13165,request,phone number
21194,null,sil
22406,inform,um do not care
7581,inform,looking for a moderately priced restaurant in the east
11722,request,phone number
462,thankyou,thank you good bye
1313,inform,spanish restaurant
19082,request,whats their address
2107,thankyou,thank you good bye
21094,inform,dont care
9785,thankyou,thank you goodbye
10647,thankyou,thank you good bye
12599,thankyou,i know thank you goodbye
17876,thankyou,thank you good bye
1388,request,and whats the post code
19124,thankyou,thank you good bye
16600,affirm,yes can i have malaysian food
2888,request,what is the phone number and address
11325,request,what is the address
18413,inform,cheap restaurant that serves german food
2841,inform,i need to find a moderately priced restaurant
6357,reqalts,how about mediterranean
13526,thankyou,thank you good bye
3676,request,okay show me the address
23316,request,phone number
11942,request,could i get their address and phone number
22885,inform,expensive
5761,inform,im looking for a cheap restaurant that serves turkish
6774,inform,cantonese food
13105,inform,vietnamese food
6665,request,whats the address phone number and post code
21971,request,can i have the address and phone number please
6423,inform,modern european
4861,affirm,yes
20397,inform,i need a cheap restaurant in the east part of town
12277,inform,im looking for an expensive restaurant
2525,request,address
14669,request,what type of food do they serve
11192,inform,cheap restaurant
2470,inform,vietnamese food
15203,inform,im looking for a restaurant in the center of town that serves romanian food
22393,inform,i need a moderately priced restaurant in the north part of town
17404,inform,im looking for modern european food
10674,request,phone number
10237,inform,im looking for a moderate priced restaurant in the south part of
19733,inform,can i get a restaurant with vegetarian food
19231,request,what is the address please
19834,negate,no
18417,inform,asian
11235,thankyou,thank you good bye
16556,inform,chinese food
7979,affirm,yes
21057,inform,doesnt matter
14509,request,phone number
3706,request,address and price range
12543,thankyou,thank you good bye
16999,request,could i have the address please
17068,affirm,yes
6887,thankyou,thank you good bye
3112,request,whats the address
11961,reqalts,anything else
8121,inform,dont care
13522,inform,i dont care
3935,request,whats the address
21184,null,noise
8505,thankyou,thank you good bye
19234,inform,south part of town
1441,request,whats the phone number
3542,thankyou,thank you good bye
14751,reqalts,is there anything else
2461,inform,in the east part of town
9860,request,address
15498,inform,russian
16080,negate,no indian
547,request,post code
11240,request,area
10774,request,what type of food do they serve
937,inform,international
23823,null,sil
2441,inform,swiss food
8916,request,whats the phone number
1187,inform,south
13814,inform,any
21481,inform,im looking for a restaurant in the south part of town that serves pan asian food
1394,request,phone number
13917,request,what is the phone number
7221,reqalts,how about asian oriental
23755,inform,moderately priced restaurant north part of town
3490,reqalts,do you have anything else
10565,reqalts,is there anything else
8766,request,whats their address
6391,inform,a indian restaurant
12807,negate,no
13691,inform,west
22884,inform,expensive
19333,null,sil
12889,request,okay um whats the price range
14946,affirm,yeah
12478,inform,i want a restaurant in the west part of town serving australian food
18849,inform,expensive restaurant
7242,request,could i have the address please
16438,affirm,yea
23352,request,whats the address
18474,inform,im looking for a restaurant in the east part of town that serves indian food
9721,affirm,yes
20867,negate,no
16006,inform,french
19632,inform,world food
4876,affirm,yes
22220,request,address
1689,inform,turkish food
8221,request,is it what what price range
21961,inform,any
4700,request,phone number
13236,reqalts,anything else
16742,request,what is the address
23120,inform,i want a cheap restaurant in the north part of town
1707,request,what is the address
4248,inform,food
8302,inform,any
8780,inform,australian food
3569,reqalts,how about indian food
12961,hello,halo
18761,thankyou,thank you good bye
12271,inform,im looking for a restaurant that serves turkish food
1042,inform,cheap
5999,request,address
15862,inform,any part of town
18607,thankyou,thank you good bye
1776,thankyou,thank you good bye
21903,request,phone number
192,request,whats the address
4165,inform,im looking for a moderately priced restaurant in the
1114,request,what is the phone number
13340,thankyou,thank you good bye
23598,inform,im looking for a restaurant in the center and it should serve traditional food
3784,request,type of food
5448,request,post code
18493,inform,cheap
19569,request,address
11856,confirm,is it cheap
8082,inform,south part of town
2886,inform,id like to find an expensive restaurant in the east side of town
23189,request,post code
7323,inform,i dont care
18661,request,address
20099,request,can i get the phone number
6537,affirm,right
14441,request,whats their post code
23765,inform,i want a cheap restaurant that serves cuban food
880,inform,im looking for a cheap restaurant
23891,inform,food
18306,request,address
15479,reqalts,how about a restaurant that serves international food
8473,thankyou,thank you good bye
15349,inform,canape
19753,reqalts,is there anything else
12564,negate,no
2087,inform,any
4077,inform,on north
1300,inform,looking for an expensive restaurant that serves
2113,inform,looking for a moderately priced restaurant that serves cancun
19536,inform,im looking for vietnamese food
3436,request,what kind of food
13842,request,what is the address
4727,inform,south part of town
58,inform,you said expensive
21480,thankyou,thank you good bye
15514,request,what is the phone number
14314,inform,indian food
21998,inform,i want a restaurant in the center
268,null,tv_noise
9369,request,and the area
12438,null,sorry
19480,request,the phone number
10996,request,can i get the address
5324,inform,it doesnt matter
2104,request,what type of food
21306,null,system
23603,inform,south part of town
16186,inform,can i get a restaurant in the center
15233,inform,i want to find a moderately priced restaurant and it should be in the west part of town
3008,request,price
11301,inform,breath im looking for a cheap restaurant serving catalan food
3874,affirm,yes
9967,null,okay can i
11650,null,unintelligible
11737,reqalts,next
16947,inform,id like a greek restaurant in the east part of town
17139,request,whats the phone number
16228,null,sil
16187,reqalts,okay how about asian oriental
17346,request,whats the phone number
728,inform,turkish food
22385,inform,japanese
9340,thankyou,thank you goodbye
18670,null,what about
10542,inform,i dont care
13686,inform,west
23467,inform,expensive
16207,inform,um doesnt mater
13882,reqalts,how about korean food
23262,request,and what is the price range
17709,thankyou,thank you good bye
20398,request,the address
9453,inform,im looking for a restaurant in the south part of town that serves
22693,thankyou,thank you good bye
7010,request,may i have the address and post code
5314,null,um
8736,request,what kind of food do they serve
14716,inform,cheap
17595,inform,halal food
21901,inform,chinese
16175,request,phone number
17023,affirm,yes
1866,inform,im looking for a restaurant with thai type
6685,negate,no im looking for a restaurant in the south part of town that serves
12706,inform,south
15853,request,do you have the phone number
19001,inform,uh indian
1894,thankyou,thank you good bye
10482,request,address
4312,request,could i have the address phone number and area
22046,thankyou,thank you good bye
8737,request,what is the address
4979,thankyou,thank you good bye
7362,affirm,yes
14723,thankyou,thank you is there anything else
10396,inform,eritrean
15450,inform,restaurant west
7409,thankyou,thank you good bye
20125,null,sil
19098,request,and what is the price range
23847,inform,indian food
8775,request,whats the address
16735,inform,moderately priced restaurant in the south of town
1795,inform,im looking for a cheap restaurant in the south part of town
16763,thankyou,thank you good bye
9670,request,address phone number and price range
944,inform,thai food
16619,hello,hi i want to serve a cheap restaurant that serves traditional food
13840,inform,asian
12907,null,sil
3575,inform,i want spanish food
13425,affirm,yes
22923,affirm,yes
2905,inform,are there any turkish restaurants
11386,thankyou,thank you good bye
14694,request,phone number
18589,request,type of food
149,inform,any part
14689,inform,creative food
32,affirm,yes
9421,request,address
17559,affirm,right
1066,affirm,yes
18376,inform,im looking for a restaurant in the east part of town that serves traditional food
13007,request,address please
7153,inform,dont care
12780,inform,any
23440,null,sil
22364,request,whats the phone number
5344,request,what type of food do they serve
3823,affirm,right
15445,inform,any area
9757,request,price range
19379,request,and the phone number
781,request,postal code
12307,inform,cheap
23880,reqalts,next
6603,inform,uh it doesnt matter
6934,inform,north
3703,inform,restaurant in south part of town serves
3275,inform,im looking for a restaurant in the west part of town
833,request,whats the phone number
17886,request,price range
9689,null,cannabis
518,affirm,yes
1131,request,what area
12072,inform,do you have vietnamese food
7647,inform,i dont care
7965,inform,im looking for a restaurant serving pan asian foo
13777,request,what kind of food do they serve
3728,request,what type of food is it
8436,hello,hi i would like an expensive restaurant in the east part
14593,request,and the address
5312,reqalts,anything else
18221,affirm,yes
13854,inform,i need a moderately priced restaurant
17319,inform,i dont care
8677,request,what is the address
5507,request,whats the phone number
21568,request,and whats the phone number
18812,thankyou,thank you goodbye noise
1069,request,what is their address
7460,reqalts,what about indian food
6118,inform,food
18867,request,phone number
23383,inform,im looking for polish food
12394,inform,um then im looking for european food
2711,inform,food
22728,inform,romanian
19092,request,what is the address
13949,null,okay and um
5674,affirm,correct
10562,reqalts,is there anything else
5139,inform,cheap restaurant uh italian food
20753,inform,i dont care
17370,inform,im looking for a restaurant that
13464,reqalts,is there anything else
14115,thankyou,thank you good bye
15777,request,can i have the address please
19653,inform,i dont care
18702,inform,moderately priced
21987,thankyou,oh my god thank you goodbye
23479,request,address
9668,inform,greek
9691,reqalts,how about indian food
18230,request,what is little seouls phone number
8646,inform,i dont care
19551,request,whats the address
19817,inform,i need indian food
15234,inform,im looking for a moderately priced restaurant in the west part of town
13001,thankyou,thank you good bye
12283,inform,i need a restaurant that serves canape
10654,request,what is their phone number
8750,inform,north part of town
15704,inform,it doesnt matter
3085,inform,south
18672,affirm,yes
1472,thankyou,thank you good bye
3788,inform,asian oriental food
1344,inform,british
20108,thankyou,thank you good bye
4436,null,how about
13973,affirm,right
14288,reqalts,how about mediterranean food
9942,inform,mediterranean
2865,inform,i want a russian restaurant
15894,thankyou,thank you good bye
15458,inform,cheap
2013,inform,scottish
22778,inform,food from thailand
15614,inform,it doesnt matter
9663,inform,chinese food
1893,request,phone number please
9592,thankyou,thank you good bye
15188,reqalts,what about north american food
10136,null,and whats their
14338,inform,any price range
19628,affirm,yes knocking
13021,inform,chinese food thats moderately priced
22549,inform,british food
19264,request,whats the address
8444,affirm,yes
1053,request,the post code
20903,thankyou,thank you good bye
20224,inform,i dont care
3152,inform,indian
11279,reqalts,how about vietnamese
23965,thankyou,thank you good bye
259,negate,tv_noise no
13185,request,thank you and whats the address
16169,request,whats the phone number
13527,inform,i want a restaurant in the center
11483,affirm,uh yes im looking for an expensive restaurant that serves korean food
19587,request,and what is the post code
19905,inform,italian
14540,request,and what area is that in
12881,thankyou,thank you goodbye
2069,thankyou,thank you good bye
23682,inform,looking for a restaurant that serves turkish food
15999,null,sil
2006,inform,i dont care
7439,null,noise
22854,inform,chinese
13602,inform,north part of town
18564,null,sil
13481,thankyou,thank you good bye
19835,thankyou,thank you good bye
4097,affirm,yes im looking for english food
22268,inform,north
7146,affirm,yes
97,thankyou,thank you good bye
21037,thankyou,thank you good bye
20969,negate,oh no and cheap
8252,thankyou,thank you good bye
8854,inform,the south part of town
14475,inform,i dont care
10584,inform,im looking for a cheap restaurant in the west part of town
12997,inform,anything
4080,thankyou,thank you good bye
5029,inform,i want lebanese food
4563,inform,i dont care
5323,affirm,yes
18991,request,okay whats the address phone number and area
22544,request,what type of food
6268,inform,doesnt matter
5887,request,what is the golden woks phone number
2680,thankyou,thank you good bye
16201,inform,french food any french food
10268,null,noise
1215,request,phone number
10608,request,what is the address
7398,request,can i have the phone number
17765,inform,food
15820,inform,that should be in the east part of town
7170,thankyou,thank you good bye
4472,reqalts,anything else
1239,thankyou,okay ah i think thatll do it thank you and goodbye
11224,request,what is the phone number
18907,inform,cantonese food
16519,inform,moderate
12550,inform,uh im looking for a cheap restaurant in the north part of town
2391,request,post code
7291,inform,north
13423,affirm,yes can i get an expensive restaurant in the south part of town
12211,inform,moderate
14735,reqalts,anything else
18270,affirm,yes
21992,request,address
23948,inform,thai food
12744,inform,restaurant in the south part of town
20279,thankyou,thank you good bye
10961,request,what is the address
11024,reqalts,anything else
23129,request,whats the phone number
23625,inform,id like to find a moderately priced restaurant
20116,reqalts,okay is there any portuguese food
13087,null,sil
16304,inform,dont care
23597,thankyou,thank you good bye
9983,inform,uh creative food
18594,null,noise
18113,reqalts,is there a restaurant that has british food
10685,inform,food
14407,inform,russian food
18960,inform,any range is fine
4880,request,whats the phone number
20112,inform,im looking for a cheap pan asian food
6674,inform,im looking for a restaurant in the north part of town that serves christmas food
22589,inform,any
8770,request,whats the address
264,inform,noise how bout thai
19395,inform,id like a restaurant in the north part of town that serves cross over food
10551,thankyou,thank you good bye
10811,reqalts,anything else
11954,null,whats the code
16310,request,phone number
10144,request,price range
6349,affirm,yes
8127,inform,moderate
1087,request,what type of venue
1937,thankyou,thank you good bye
16472,reqalts,how about gastropub food
18323,request,can i get the phone number
7644,request,the address
23318,inform,i want to find a moderately priced restaurant in the south part of time
8141,repeat,repeat that
19405,thankyou,thank you good bye
19860,request,address phone number
15568,thankyou,thank you good bye
17939,inform,id like to find a restaurant in the north part of town serving french food
9240,thankyou,thank you good bye
22784,request,phone number
17443,inform,korean food
6905,inform,expensive
1848,inform,i need a moderately priced restaurant serving world food
7911,request,uh can i get the address
18573,null,sil
3068,inform,modern european
12431,reqalts,is there anything else
882,inform,australian food
20642,inform,im looking for a restaurant in the south part of town serving korean food
7951,request,area of the venue
10232,thankyou,breath thank you goodbye
7551,request,what is the address
1977,inform,any
20084,affirm,yes can i have can i get swedish food in any area
13441,inform,doesnt matter
1733,request,may i have the address
7389,thankyou,thank you good bye
785,repeat,repeat
18548,request,could i have the address please
14225,inform,can i have a restaurant in the center
17956,inform,polish food
9104,thankyou,thank you good bye
6976,inform,italian
3368,inform,modern european food
3880,request,address
14610,thankyou,thank you good bye
2908,affirm,yes
5603,thankyou,thank you good bye
23636,null,noise
4250,request,may i have the address and phone number
22975,null,im sorry
23973,request,what is the phone number
14801,reqalts,what about indian food
2980,thankyou,thank you good bye
23851,inform,cheap
8771,request,and what area is it in
18558,affirm,yes
9312,request,uh can i get the phone number
24,null,hello welcome to the cambridge system
16463,affirm,yea
5037,inform,dont care east part of town
22181,reqalts,uh is there any other
823,request,uh whats the address and the phone number
20310,request,price
15290,inform,north part of town
23908,request,address
224,affirm,yes
18855,thankyou,thank you goodbye
22278,request,address and phone number
22058,request,whats the address
19506,request,phone number
2829,inform,cheap restaurant in the west part of town
20976,thankyou,thank you good bye
4714,inform,african food
20269,reqalts,how about moderately priced thai food
15328,inform,cheap
21544,thankyou,thank you good bye
114,request,phone number
9743,request,what is the phone number
3815,request,whats the price range
9969,inform,i need a restaurant that serves
18686,thankyou,thank you good bye
21957,confirm,is it in the center
10911,request,type of food they serve
11148,inform,um gastropub food
4955,inform,catalan
13081,inform,any
14137,inform,asian oriental
10322,request,post code
7612,inform,any range
14377,null,knocking
14252,affirm,yes
6678,request,what is the address
17049,inform,im looking for a restaurant serving chinese food
1040,inform,any part of town
21465,thankyou,thank you good bye
16014,inform,cheap
23199,thankyou,thank you good bye
6706,inform,south
10852,thankyou,thank you good bye
21077,inform,not korean unintelligible
20529,inform,any
8542,thankyou,thank you good bye
13699,request,phone number
7514,inform,im looking for an expensive restaurant that serves australian food
6860,thankyou,thank you good bye
17362,inform,the south part of town
8156,inform,im looking for a moderately priced restaurant
5336,inform,gastropub food
11907,inform,west
14245,inform,north part of town
3178,reqalts,is there anything else
9239,request,what about the area
22723,request,whats the address
9541,inform,gastropub
11768,null,unintelligible
2654,inform,i dont care
269,request,phone number tv_noise
8972,request,phone number
13673,inform,i would like to find a restaurant in any area serving international food
2488,inform,it doesnt matter
3190,inform,any area
22478,inform,uh chinese
11223,inform,i would like a cheap restaurant in the north part of town
7956,request,phone number
21817,reqalts,what about any area
20854,thankyou,thank you
14981,request,phone number
21058,affirm,correct
19720,inform,i dont care
2648,affirm,yeah can i um
4210,inform,austrian
23135,request,can i have the post code
12037,inform,city centre
16171,thankyou,thank you good bye
2248,inform,i dont care
1782,affirm,yes
15208,request,what is the phone number
11470,thankyou,thank you good bye
11366,thankyou,thank you goodbye
20479,request,address
17492,request,no the phone number
23000,request,postal code
20657,request,may i know more about the area
10873,thankyou,thank you good bye
11916,null,noise
5352,request,type of food
13623,negate,no
14800,reqalts,how about indian food
21689,thankyou,thank you good bye
16696,request,area
22999,null,breathing
8026,inform,can i have a different restaurant that serves portuguese food
6116,negate,no
8664,request,can i have the address and phone number
5133,inform,italian
10745,request,address
13030,affirm,yes please can i have the address and the price range of the restaurant please
19775,inform,im looking for thai
15794,affirm,yes
19798,affirm,uh yes im looking for malaysian food
18959,repeat,repeat that
23715,inform,east part of town i need an expensive restaurant
17286,inform,center
17719,inform,any
9827,reqalts,how about turkish
21676,inform,im looking for an expensive restaurant in the south part of town
11665,null,sil
9377,request,phone number
16683,thankyou,thank you good bye
11030,inform,the west of town with italian food
19559,null,unintelligible
21558,request,what is the address and phone number
11641,request,address
1800,inform,um expensive restaurant
16986,inform,vietnamese food
9893,request,address
10046,restart,okay start over
15673,inform,north part of town fast food
15108,request,phone number
23834,request,and the phone number
1423,inform,find restaurant serving asian oriental
22312,inform,cheap
13627,inform,expensive
12633,confirm,is it cheap
13362,inform,spanish food
8578,request,phone number
18514,reqalts,anything else
18518,inform,cheap restaurant
20392,inform,it doesnt matter
11965,inform,it doesnt matter
15364,inform,looking for a restaurant in the center that serves vegetarian food
13651,inform,chinese
19446,request,whats the phone number
14402,inform,hungarian
3245,request,can i get the area
7519,request,what is the phone number
7083,inform,polish food
3356,request,how about the post code
12794,inform,christmas food
14088,hello,hello
12133,request,what is the price range
17896,inform,center
13946,reqalts,uh is there anything else
8383,request,address
20640,request,phone number
184,inform,any
16908,thankyou,thank you goodbye
827,inform,african food
14265,inform,looking for a cheap restaurant in the north part of town
19677,thankyou,thank you good bye
19167,inform,im looking for a restaurant that serves russian food
22188,thankyou,okay thank you good bye
23836,hello,hello
8773,inform,i need a restaurant that serves
10784,request,and the post code
20049,request,whats the phone number
17507,request,and whats the post code
7703,request,phone number
8587,request,whats the address
13176,request,whats the phone number
12122,request,address
1498,request,phone number
21845,request,alright whats their address
16569,inform,i dont care the center part of town
11655,inform,afghan food
9050,inform,english food
4962,request,and the area
16907,request,addre
8945,inform,dont care west part of town
9696,reqalts,is there anything else
14353,null,noise
21174,null,noise
11850,request,address
8251,request,okay whats the price range
1990,thankyou,thank you good bye
7436,thankyou,okay thank you good bye
21132,inform,moderately pri
2869,thankyou,thank you good bye
10726,inform,i dont care
8926,reqalts,is there anything else
22189,inform,expensive
8162,inform,im looking for a restaurant in the east part of town that serves
6833,request,what is the price range
6636,request,whats their address
18260,confirm,do they serve chinese food
10676,inform,moderately priced restaurant in the south part of town
5228,inform,any
16456,request,address
816,reqalts,is there anything else
1998,inform,portuguese
12058,thankyou,thank you good bye
11438,thankyou,thank you good bye
19308,inform,im looking for a cheap restaurant
6386,request,phone number
7799,thankyou,thank you good bye
9273,thankyou,thank you good bye
1739,inform,i want italian food
6250,reqalts,anything else
14551,reqalts,how about a restaurant in the west part of town serving vietnamese food
6465,inform,any
13633,thankyou,thank you good bye
13696,inform,british food
20473,inform,any
15927,request,address
17069,inform,british food
10769,thankyou,thank you good bye
14503,inform,mediterranean food
5447,request,phone number
5533,inform,im looking for a restaurant in the west part of town
17125,affirm,yes
18274,inform,im looking for a restaurant that serves
6291,request,can i get address phone number
4569,thankyou,thank you good bye
15295,null,i need the nor
13433,thankyou,thank you good bye
20958,affirm,yes
19856,thankyou,thank you good bye
13666,null,unintelligible
1686,request,alright whats the address
390,request,address
21198,reqalts,how about indian food
1369,thankyou,thank you good bye
9221,inform,gastropub
9107,inform,korean food
15484,inform,im looking for a restaurant serving unusual food
7188,request,where is it
3411,inform,dont care
11457,inform,jamaican
10543,request,what is the address
8257,request,phone number
6430,inform,restaurant in the center serving persian food
10395,inform,eritrean
15971,inform,im looking for a restaurant in the east part of town
10449,null,sil
13860,request,whats the address
19108,inform,im looking for a restaurant that serves danish food
14293,thankyou,thank you good bye
11206,reqalts,is there anything else
4102,inform,cheap restaurant on the east part of town
21579,inform,uh it doesnt matter
16293,reqalts,how about korean food
5224,null,unintelligible
23975,inform,restaurant
21610,request,what is the address
17177,thankyou,thank you goodbye
9940,thankyou,thank you goodbye
22762,inform,im looking for a cheap restaurant in the south part of town
7529,inform,australasian food
14253,inform,it does not matter
7167,thankyou,thank you
17126,request,address and phone number
16734,null,unintelligible
293,inform,im moderate priced restaurant in the north part of town
2358,request,post code
19518,inform,i dont care
10587,inform,im looking for a moderately priced restaurant
4957,reqalts,how about italian
17569,affirm,yes
6418,inform,i dont care
16868,inform,portuguese food
4809,affirm,yes
4054,request,phone number
12382,null,noise
10602,reqalts,is there anything else
9576,null,unintelligible
9298,request,what is the address
20839,thankyou,thank you bye
4084,inform,irish food
16875,reqalts,is there anything else
9596,request,phone number
19302,null,unintelligible
11792,inform,indian
7469,negate,no
12091,inform,i dont care about the price range
718,request,what is the phone number
21329,thankyou,thank you good bye
23296,inform,im looking for a cheap restaurant in the south part of town
8463,thankyou,thank you good bye
9193,inform,im looking for a moderately priced restaurant that serves bistro
2285,inform,british food
812,request,phone number
12189,inform,any price range
23406,request,and whats the phone number for that
11455,inform,im looking for an expensive restaurant that serves unintelligible food
4316,inform,uh id like a moderately priced restaurant in the north part
1115,thankyou,thank you good bye
14870,thankyou,thank you good bye
22286,request,phone number
23818,thankyou,thank you good bye
1516,inform,need a restaurant serving brazilian food
12173,reqalts,anything else
918,inform,im looking for a moderately priced restaurant in the south part of town
14250,inform,in the east part of town
12312,inform,cheap
1960,reqalts,anything else
8214,thankyou,thank you good bye
22134,inform,um north american food
21298,request,address
5267,inform,i dont care
1275,inform,expensive
14421,request,address
6535,inform,expensive
10922,inform,international
8812,request,and the phone number
15701,reqalts,how about chinese food
11231,inform,im looking for an expensive restaurant in the east part of town
8537,reqalts,how about spanish
17824,reqalts,how about british food
12895,inform,uh expensive
7410,null,cough
5223,request,can i get the phone number
7501,inform,spanish
8467,affirm,yes
13609,inform,north part of town
9276,inform,moderate
4056,thankyou,thank you good bye
22706,inform,moderately priced restaurant in the west
3222,inform,uh i dont mind
5749,reqalts,what about asian oriental food
12846,reqalts,is there a restaurant in the west part of town that serves thai food
9631,request,and the post code
5351,inform,gastropub food
859,request,could i get their phone number
3599,null,noise
3792,inform,any area
10247,thankyou,thank you good bye
14933,request,address
11025,request,whats the address
16704,reqalts,anything else
16113,inform,indian
232,inform,food
17540,request,whats the phone number
5303,thankyou,thank you good bye
676,reqalts,how about british food
16353,null,breathing
5060,inform,im looking for a cheap restaurant in the south part of town
13888,null,okay
18363,inform,i do not care
1556,inform,i would like malaysian food in the center part of
4157,thankyou,thank you good bye
11515,inform,a expensive restaurant serving japanese food
11136,request,what is the address
23633,request,whats the phone number
15201,request,address and phone number
14740,inform,doesnt matter
4833,request,address
4042,affirm,yes
21089,negate,no
9930,thankyou,thank you good bye
22161,thankyou,thank you good bye
20754,request,what is the phone number
6022,inform,vegetarian food
22330,inform,dont care
19768,inform,irish food
4817,inform,moroccan
11498,inform,kosher
5486,inform,im looking for a moderately priced restaurant
13855,request,may i have the phone number
124,inform,any
3581,request,what is the signature dish
23243,confirm,okay and is that british food
18301,request,phone number
22061,inform,restaurant in the south part of town that serves mexican food
22255,request,phone number
21914,thankyou,thank you good bye
13654,request,what is the address phone number and post code
18492,reqalts,anything else
8246,request,what is the address
11426,inform,expensive
8658,inform,in the south part of town
860,thankyou,thank you good bye
15523,inform,english
17376,inform,im looking for greek food
8822,thankyou,thank you good bye
3219,null,sil
6261,request,whats the post code
18870,thankyou,thank you good bye
20729,inform,afghan food
10292,inform,iam looking for a cheap restaurant and it should be in the north part of town
11691,thankyou,thank you
2142,request,what food is available
11432,thankyou,thank you goodbye
17670,affirm,yes
18071,inform,turkish restaurant
12787,inform,any
1105,inform,would like british food
12502,inform,cheap
10374,thankyou,thank you good bye
19070,request,whats the address
16167,affirm,yes
8117,request,phone number
20574,request,what is the address
18536,request,phone number
16654,request,and the phone number
15882,reqalts,how about asian oriental type of food
11810,inform,i would like to find a cheap restaurant
6048,affirm,yes
7405,inform,i dont care
4233,request,what is you gardens phone number
14906,inform,korean food
17062,request,phone number
18663,thankyou,thank you good bye
9824,request,can i have the address and phone number
23739,inform,in the south part of town
11189,reqalts,how about british food
13762,null,tape
21100,inform,im looking for a restaurant in the north part of town serving jamaican food
22271,inform,north
11938,thankyou,thank you good bye
19772,request,phone number
9205,request,phone number
7790,inform,looking for something moderately priced on the east side of town
10655,thankyou,thank you good bye
5009,inform,italian food
19224,inform,noise ah gastropub food
12296,reqalts,what about chinese type food
20475,inform,barbecue
12074,thankyou,thank you good bye
9166,request,whats the phone number
14538,inform,it doesnt matter
16185,thankyou,thank you good bye
6648,thankyou,thank you good bye
9573,thankyou,thank you good bye
11106,request,what type of venue
64,null,im looking
10730,request,what is the post code
3696,request,address
23009,inform,looking for a cheap restaurant in the north part of town
21205,null,sil
9278,request,address
22275,inform,any where
12480,reqalts,what about italian food
7121,request,what is the food type
987,request,address
10597,null,okay
23742,request,and the phone number
21428,inform,i would like to find a moderately priced restaurant in the north part of town
3043,inform,im looking for chinese food
20097,inform,can i get american food
2343,thankyou,thank you good bye
21590,thankyou,thank you good bye
696,null,can i get
9575,null,unintelligible
19035,affirm,yes
13484,inform,eritrean food
2273,request,whats the phone number
7844,inform,i would like a restaurant that serves gastropub food
15125,request,any price rage
11818,thankyou,thank you goodbye
6781,null,unintelligible
23267,request,what is the address
21495,hello,hello
19702,null,sil
4993,thankyou,thank you good bye
9045,request,and the phone number
14862,inform,im looking for a restaurant in any area that serves belgian food
15404,thankyou,thank you
22019,request,price range
18175,inform,west
1904,inform,french food
14680,request,phone number
12726,inform,i want to find a cheap restaurant
15454,request,phone number
542,affirm,yes
6735,request,whats the address
5467,thankyou,thank you good bye
21252,inform,i dont care about the price range
4106,thankyou,thank you good bye
6323,inform,im looking for a moderately priced restaurant in the east part of
23493,request,and where is it
15232,null,sil
12700,request,whats the post code
20380,request,whats the phone number and address
20160,inform,any
12242,request,whats the price range
20482,thankyou,thank you good bye
14148,request,what is the phone number
18048,thankyou,thank you good bye
16229,null,sil
9545,thankyou,thank you good bye
10870,request,phone number
1193,inform,breath im looking for a moderately priced restaurant in the east p
13702,thankyou,thank you good bye
5392,affirm,correct
2330,thankyou,thank you good
1922,inform,im looking for a restaurant that serves modern european food
11565,inform,breath im looking for a restaurant in the east part of tow
21337,inform,south expensive
20629,request,post code
10649,reqalts,how about chinese food
9739,inform,it should be in the north part of town
17392,affirm,yes
20868,inform,indian
23639,inform,moderately priced
9701,affirm,yes
14839,request,the address
23168,thankyou,thank you good bye
12176,thankyou,thank you good bye
18567,null,sil
17987,request,address
6793,deny,i dont want turkish
10994,inform,im looking for a restaurant that serves mexican food
11157,null,sil
511,inform,i dont care
3034,inform,it doesnt matter
12236,inform,chinese food
12432,request,what type of food
6580,inform,cheap
9650,request,phone number
1216,thankyou,thank you goodbye
4301,request,could i have the address
1575,request,what is the post code
10913,inform,i am looking for a cheap restaurant
19338,request,and the phone number
4274,inform,im looking for a moderately priced restaurant in the south part of
19736,reqalts,how about turkish
20663,request,what area is it
6325,request,can i have the address and the phone number of the venue
6593,request,may i have the address and area
6626,inform,food
19867,reqalts,what about indian
13830,null,sil
3662,thankyou,thank you good bye
6245,request,the phone number
19337,request,whats the address
16809,request,phone number
23535,inform,any
5934,reqalts,is there anything else
1518,affirm,yes
7515,reqalts,how about british food
302,request,phone number
17869,request,area
13139,null,unintelligible
1002,request,post code
9494,reqalts,how about portugeuse
11072,reqalts,is there anything else
745,thankyou,thank you good bye
7457,inform,im looking for a cheap restaurant in the north part of town
14134,inform,moderately priced
21701,reqalts,is there anything else
20661,reqalts,how about european food
16144,request,phone number
7753,request,whats the phone number
9697,request,whats their post code
5756,inform,west
20454,inform,west part of town
16730,inform,spanish
20508,inform,doesnt matter
6255,request,do you have a phone number
6156,negate,no im looking for austria asian food
14123,null,noise
3739,inform,cheap restaurant
15463,request,address
16511,inform,i would like a restaurant in the west part of town that serves russian food
16496,inform,singapore
21631,thankyou,thank you good bye
4432,reqalts,how about an expensive restaurant
2388,inform,expensive
11179,request,what is the price range
19654,inform,italian
16753,reqalts,next
21455,request,restaurant two two phone number
20307,request,can i have the address and phone number
16990,thankyou,thank you good bye
8412,request,and the post code of the venue
2207,inform,thai
1840,request,what kind of food do they serve
10725,inform,im looking for a restaurant in the east part of town
17338,inform,gastro pub
19166,thankyou,thank you good bye
20956,inform,venetian
17469,request,what type of food does it serve
19392,request,can i have their phone number
12586,inform,kosher
13192,inform,restaurant there
14356,reqalts,how about indian food
3592,inform,how bout thai food
13680,inform,cheap price range
23740,request,what is their address
16477,inform,that serves gastropub
21734,request,address
7113,request,whats the postcode
14557,request,address
13200,inform,any price range
10844,request,phone number
23342,reqalts,is there anything ele
22236,null,unintelligible
9636,request,could i have its number
21600,inform,im looking for a cheap restaurant in the north part of town
10254,request,what type of food is it
14546,request,address
23809,thankyou,thank you good bye
7404,thankyou,thank you good bye
11492,request,phone number
17474,null,sil
5759,request,whats the phone number
8671,thankyou,thank you good bye
21844,inform,thai
8136,request,what is the address and phone number
12059,inform,kosher for in the central
0,inform,im looking for a moderately priced restaurant that serves
5988,request,may i have the phone number
155,thankyou,thank you good bye
17575,request,can i have the phone number and type of food that
750,request,address
21450,inform,expensive restaurant
22491,inform,north american food
1648,thankyou,thank you good bye
11196,reqalts,is there anything else
6335,request,can i have the phone number
14638,thankyou,thank you goodbye
2667,inform,any
21698,request,can i have the address and phone number
9304,thankyou,thank you good bye
16101,affirm,yes
1356,affirm,yes
22815,inform,i dont care
12953,inform,any
2305,thankyou,thank you
3347,inform,i would like traditional food in the south part of town
22390,inform,moderate
6279,inform,cheap restaurant
7574,thankyou,thank you good bye
21887,inform,i dont care
19472,thankyou,thank you good bye
22513,request,address
9151,request,can i have the address and phone number please
17446,inform,korean
8199,inform,i dont care
10115,inform,romanian food in the center
15637,inform,swedish food
23391,null,noise
11697,request,what is the address
14837,request,phone number
2465,thankyou,thank you goodbye
3509,reqalts,what about european food
6791,inform,spanish
21434,inform,any part of town
22338,inform,i am looking for an expensive restaurant that serves australian food
204,affirm,yes
5730,request,whats the address
4283,negate,no canapes
14023,inform,danish
2043,request,price range
8904,request,can i have the phone number please
23091,inform,moderately priced west part of town
12063,thankyou,thank you good bye
4694,request,type of food
17299,request,phone number
15064,inform,the centre
6751,inform,cheap price range
13416,inform,any
8655,null,for a
10198,reqalts,give me something else
11144,request,what is the phone number
5405,request,address
6105,null,unintelligible
1903,inform,barbecue
22468,reqalts,what about asian oriental food
19110,inform,vietnamese food
15260,inform,food
18799,null,sil
12413,inform,expensive
22893,request,the address
1524,inform,doesnt matter
18241,null,sil
12417,request,what area
13294,request,address
14763,confirm,is it moderately priced
16646,thankyou,thank you goodbye
16099,inform,turkish food
16160,affirm,yes
6334,inform,any area
6258,inform,i need a restaurant that serves african food
7199,reqalts,how about british type of food
4851,inform,i dont care
19307,thankyou,thank you good bye
4631,inform,caribbean food
13998,affirm,yes
2108,inform,im looking for a portuguese restaurant
22834,reqalts,how about an indian restaurant
21840,negate,no thai food
17127,null,noise
5698,inform,any price range
19794,request,what part of town is it in
22951,inform,i would like a cheap restaurant in the north part of town
21673,inform,moderate
14611,inform,moderately priced in the south part of town
1136,inform,i would like a cheap restaurant it should serve ger
2767,inform,moderate
7293,inform,im looking for moderately priced restaurant that serves
7060,inform,any
14757,reqalts,how about indian food
9790,request,can i have the address and phone number
8930,request,what is the phone number and address
5986,affirm,yes
11635,inform,moderately priced french food
9496,request,what is the phone number
18451,reqalts,anything else
17059,request,what type of food
14787,inform,i dont care
4037,request,phone number
8730,inform,cheap restaurant west part of town
8622,inform,im looking for a cheap restaurant in the
3421,inform,and asian food
12747,thankyou,thank you good bye
4001,inform,dont care
10230,request,breath price range
22601,inform,im looking for a restaurant that serves austrian food
13847,inform,i would like to find a moderately priced restaurant and it should serve greek food
9973,thankyou,thank you good bye
9752,inform,north
4126,inform,it doesnt matter
11963,request,what is the address
13649,inform,im looking for a restaurant in the east part of town serving chinese food
19547,inform,moderate
6640,inform,i need a restaurant in the east part of town that serves world food
3125,inform,spanish
1910,reqalts,is there anything else
19839,reqalts,anything else
18935,affirm,yes
6177,request,what is the address
18792,null,noise
10088,request,phone number
13004,inform,modern european food
20462,affirm,right
17501,inform,noise anything expensive
18325,inform,im looking for an expensive restaurant in the south part of town
13971,negate,no romanian
4732,inform,lebanese
2840,thankyou,thank you good bye
904,inform,moderately priced restaurant japanese food
15414,thankyou,thank you good bye
5733,inform,im looking for a restaurant in any area that serves kor
15094,inform,north part of town
14219,request,what is their phone number
7643,request,what area of town
16025,request,phone number
16579,thankyou,thank you goodbye
16213,null,sil
311,inform,im looking for a restaurant in the north
6196,inform,turkish restaurant
17841,null,system
2747,inform,im looking for expensive spanish food
11108,inform,polynesian food in the south part of town
3227,inform,canope food
1096,null,unintelligible
15488,inform,it doesnt matter
23227,request,address
3593,affirm,ye
4829,inform,north part of town
12689,inform,eritrean food
18833,thankyou,thank you good bye
9639,inform,i dont care
14350,request,could i have the address and phone number
6529,inform,food
8607,thankyou,thank you good bye
18823,inform,im looking for a restaurant in the north part of town serving malaysian food
13724,reqalts,how about canape food
23781,inform,portuguese food
9199,thankyou,thank you good bye
6813,null,sil
1407,request,whats the phone number
17414,reqalts,anything else
23845,inform,center
9049,inform,expensive
21630,request,what is the address and phone number
1207,request,can i have the phone number
17991,reqalts,is there anything else
8071,thankyou,thank you good bye
12457,thankyou,thank you good bye
10507,request,where
9345,inform,id like to find a restaurant in the north part of town and it should serve greek food
2717,inform,im looking for a moderately priced restaurant in the west part of town
12327,null,unintelligible
10988,inform,im looking for a cheap restaurant in the west part of town
4452,request,address
15145,request,what is the post code
7607,inform,chinese food
3730,request,whats its address
23821,request,phone number
9922,thankyou,thank you good bye
15466,inform,im looking for a cheap restaurant
15694,inform,id like thai food
11126,inform,i dont care
3499,inform,i want an expensive restaurant in the south part of town
700,inform,i dont care
11123,reqalts,how about french
23151,null,noise
22274,inform,cheap restaurant
23810,request,what is the address and phone number worth
11345,inform,looking for a restaurant in the east part of town
9176,request,phone number
16326,request,phone number
4021,affirm,uh yes can i find an expensive restaurant that serves italian food
1342,inform,west
14746,request,what kind of food does it serve
6635,inform,it doesnt matter
14270,inform,eritrean food
11441,bye,you goodbye
6014,affirm,yes
9129,request,what is the phone number
23803,inform,moderate
16277,inform,russian food
13720,thankyou,thank you good bye
18114,request,what type of food
19246,inform,korean food
13430,reqalts,how about mediterranean food
12443,affirm,yes
19572,null,noise
19052,thankyou,thank you good bye
19222,hello,noise hello
4254,inform,any area
8271,inform,italian
4522,inform,a restaurant
15645,inform,any
766,inform,i dont care
7920,request,address
20194,inform,indian food
16427,request,address
17355,reqalts,anything else
14323,affirm,yes it should be in the east part of town
10149,inform,moderately priced
8209,request,could i have the phone number
4573,request,address noise
21305,null,system
8001,affirm,yes
23813,inform,im looking for korean food any price range
23737,null,sil
7066,null,unintelligible
22150,reqalts,what about european food
1624,inform,im looking for vietnamese food in the north part of town
17489,request,whats the address
21787,request,address
23820,inform,any
5453,reqalts,is there anything else
14175,inform,sells english food
3889,inform,serving european food
17334,inform,lebanese
5617,reqalts,is there anything else
20967,inform,on the south part of town
7372,confirm,is there a chinese
19624,inform,north
18948,request,whats the address and phone number
9261,thankyou,thank you goodbye
14,request,phone number
15668,reqalts,what about european food
13373,inform,asian oriental
12649,negate,no
3002,inform,spanish
2166,reqalts,i dont want that one whats another one
17377,affirm,yes
5705,request,what is the address
19752,inform,moderate
21149,request,phone number
19368,inform,can i have a moderately priced restaurant on this side of town
16728,inform,american
13901,inform,the east part of town
12084,request,phone number
6041,request,and the telephone number
22251,inform,irish food
20077,inform,im looking for a moderately priced restaurant in the south of town
17637,thankyou,thank you goodbye
15053,affirm,im looking yes a restaurant in the east of town
7292,thankyou,thank you good bye
3875,inform,i dont care
16297,negate,no
21061,request,and whats the phone number
11992,request,can i get address
20149,inform,moderate
15890,thankyou,thank you good bye
10791,reqalts,anything else
19717,inform,cheap
12249,inform,brazilian food
13254,inform,doesnt matter
17090,negate,no
281,inform,im looking for a cheap restaurant in the west part of
9918,null,noise
23098,request,what is the phone number
13578,affirm,yes
18066,inform,turkish food
20869,inform,south
11029,reqalts,how about one serving jamaican food
1341,null,sil
10238,request,i want to know the address
786,null,re
7275,inform,food
4908,affirm,yes can i have a moderate priced restaurant
9051,inform,italian food
2024,inform,cheap
21870,inform,food
20198,null,unintelligible
1324,inform,im looking for a cheap restaurant that serves
21504,inform,asian
23630,request,and what kind of food does the venue ser
21690,null,unintelligible
7246,inform,basque food
12351,inform,food
19964,thankyou,thank you good bye
19986,reqalts,what about thai food
11648,thankyou,thank you good bye
6597,request,what is the address
23113,inform,i want a restaurant that serves creative food
11212,inform,any price range
8280,reqalts,what about swedish
16951,confirm,does it serve chinese food
5807,thankyou,thank you good bye
254,inform,can i get tuscan foo
6326,thankyou,thank you goodbye
10483,request,phone number
21730,inform,traditional food
15685,inform,id like thai food please
12273,inform,i dont care
1155,inform,gastropub
6175,inform,doesnt matter
13467,request,what is the addre
2475,inform,south town
9806,inform,korean
7549,inform,vietnamese
13174,inform,any kind in the east part of town
21744,inform,expensive
21683,request,what is the address
15651,confirm,is it moderate priced
17647,affirm,yes
4842,null,noise
18978,request,address
2521,affirm,yes
23913,request,phone number and address
10348,inform,any
19341,affirm,uh yes i need the north part of town
12360,affirm,breath correct
303,request,area
19570,null,noise
16318,inform,north
19325,request,and the post code
8913,request,okay whats the phone number
10383,inform,eritrean
6970,inform,im looking for a restaurant in the center part of town
22656,null,okay
18899,request,phone number
2580,inform,im looking for a moderately priced restaurant in the west part of town
5346,inform,i dont care
9720,reqalts,anything else
618,inform,is doesnt matter
5529,inform,i dont care
19645,request,post code
11689,request,address
14135,inform,jamcian food
2664,request,phone number
21934,affirm,yes
10325,inform,any
5034,request,what is the post code
16308,reqalts,anything else
23972,affirm,yes
19542,request,what is the phone number
13974,inform,well what about chinese food
862,request,whats the address
18638,thankyou,thank you good bye
19955,hello,hello
11394,inform,west
10425,inform,afghan noise
5655,request,phone number
6345,affirm,yes
4794,thankyou,thank you good bye
12783,inform,middle
20230,inform,looking for an expensive restaurant in the south part of town
18872,inform,sea food
751,request,address
15063,inform,centre
1787,affirm,yes
11187,thankyou,thank you good bye
23284,request,what is the are
4050,inform,mexican
15068,inform,im looking for a moderately priced restaurant
22028,null,sil
1014,inform,im looking for mediterranean food
250,inform,tv_noise im looking for an expensive restaurant and it should serve tuscan food
17928,request,what kind of food is that
4343,inform,any
12535,thankyou,thank you good bye
440,affirm,uh yes i want to find a restaurant in the north part of town that serves
21258,inform,barbecue
23764,request,where is the restaurant
12136,request,what is the address
14400,request,what is the phone number
134,request,address
6958,inform,cheap
6124,request,phone number
2684,inform,any
18027,thankyou,thank you good bye
10315,thankyou,thank you good bye
4476,inform,english food
14892,request,and what kind of food
8724,reqalts,how about vietnamese food
3925,inform,it doesnt matter
12221,inform,south
1862,inform,is there one with thai food
4834,request,phone number
5669,inform,any price range
15511,inform,expensive
5769,inform,can i have mediterranean food
5901,reqalts,is there anything else
7230,inform,id like a cheap restaurant in the west part of town
6252,null,not sure
16503,inform,singapore
5591,inform,food
10135,reqalts,what about spanish
13104,inform,vietnamese food
14346,inform,looking for a moderately priced restaurant in the east part of town
14355,negate,no austrian food
5090,request,what is their phone number
14500,request,whats the post code
7413,affirm,yes
14599,inform,dont care
21945,reqalts,is there anything else
18730,request,ah whats the address
17592,thankyou,thank you good bye
21452,reqalts,anything else
21859,inform,any
3715,affirm,yes an expensive restaurant serving african food
21513,null,sil
20486,inform,any address
12222,inform,north
15755,thankyou,thank you good bye
15327,inform,any
23314,reqalts,how about italian food
12677,inform,korean
18977,request,what type of food
223,reqalts,okay how about italian food
16407,inform,doesnt matter
5575,affirm,yes indian food
18810,request,phone number
18421,null,type of foo
16676,request,what is the phone number
18153,inform,i dont care
23979,inform,north part of town
10405,inform,i dont care
12514,inform,what about a restaurant serving chinese food
8348,inform,spanish food
3300,inform,west part of town
6376,thankyou,thank you good bye
9563,inform,a moderately priced restaurant
12696,affirm,yea
3657,inform,south
16563,inform,im looking for a restaurant in the south part of town that serves european food
16566,inform,center area
4943,request,whats the phone number
14834,inform,i dont care
8414,null,unintelligible
23266,bye,alright thank you good bye
20844,reqalts,anything else
13768,negate,no
3639,confirm,does it serve swedish serve
10229,inform,any kind in the north part of town
8147,negate,no
23778,request,whats the address
12089,inform,im looking for a restaurant serving unintelligible
340,null,sil
18608,inform,indian food
20172,request,whats the price range
16243,request,phone number
12789,inform,any part
12005,request,and whats their address
13994,request,whats their phone number
588,confirm,does it serve kosher food
19347,inform,vietnamese food
14885,null,sil
21620,null,noise
1506,thankyou,thank you good bye
14386,reqalts,how about asian oriental food
18883,null,okay
16066,inform,asian oriental food
13018,thankyou,thank you goodbye noise
3530,request,phone number
12248,inform,dont care
10274,inform,and its in the west part of town
9559,inform,expensive
2418,inform,italian food
12597,request,whats the phone number
21034,reqalts,how about french
22788,inform,south
5000,negate,no
352,request,what is the address
3407,request,what is the phone number an post code
19026,request,what type of food do they serve
19412,inform,uh cheap restaurant in north part of town
23230,inform,restaurant in the east part of town that serves indonesian food
941,thankyou,thank you good bye
5643,affirm,yes
12486,request,what is the phone number
23839,request,what is the address
16621,reqalts,how about cheap
14854,thankyou,thank you good bye
11983,hello,hi im looking for
2650,reqalts,um how about italian food
1792,confirm,is that portuguese
12447,inform,moderately priced
22906,inform,spanish food
89,inform,cheap restaurant
246,request,and what kind of food do they have
13322,negate,no
3038,null,noise
11284,thankyou,thank you good bye
9904,inform,creative food
7455,request,and phone number
17796,inform,any
6461,request,i want to know the phone number
20994,inform,vietnam
6207,null,noise
1546,request,what is their post code
6806,thankyou,thank you good bye
12479,negate,no australian food
724,request,what is the address and phone number
13749,request,and whats the phone number
5685,inform,uh any area
11631,ack,thatll do dear whats the address of that venue
20537,inform,i need a moderate priced restaurant in the north part of town
6106,inform,expensive
10738,request,what is the address
14269,null,looking for a
8805,inform,i want a scandinavian restaurant thats expensive
23102,request,could i have the address and phone number please
19000,affirm,yes
7769,inform,i dont care
6511,null,how about
23457,null,cough
15482,request,could i have the phone number and post code please
11570,inform,expensive noise
23222,request,phone number
19200,request,may i have the address
13242,request,whats the address
5294,request,type of food
22790,inform,north
2416,reqalts,uh how about italian
14060,inform,is there one that serves asian oriental food
11073,request,uh whats the phone number
8569,null,noise
2988,confirm,does it serve cuban food
18522,inform,west part of town
8379,thankyou,thank you good bye
1833,confirm,do they serve unintelligible food
6851,request,address
18622,inform,looking for a cheap restaurant in the west part of town
5087,affirm,yeah
12860,null,sil
7446,affirm,yes
19077,inform,pub
13951,ack,okay uh can i
11411,inform,did you see a korean restaurant
15218,reqalts,okay how about thai food
7096,inform,moderately priced restaurant in the west part of town
236,inform,i want to find moderately priced restaurant it should be
19721,request,what is the address
6820,request,whats the post code
1198,thankyou,thank you goodbye
12590,null,oh my god
14583,inform,cheap
3747,null,sil
1941,inform,indian food
16320,inform,indian
7556,inform,uh i dont care
17724,request,okay and the phone number
23589,null,sil
17622,inform,expensive european
3346,thankyou,thank you good bye
21156,request,can i get the phone number
19209,inform,im looking for a restaurant in the east part of town that serves afghan food
22315,request,phone number phone number
4332,thankyou,thank you good bye
3327,null,than
5880,inform,any area
8932,null,noise
21378,hello,hello
11813,thankyou,thank you good bye
5905,null,sil
12304,thankyou,thank you good bye
18024,inform,im looking for japanese food
13134,inform,moderate
17281,inform,center of town
7781,inform,spanish
17533,thankyou,thank you goodbye
8546,request,whats the address
23118,request,post code
3564,request,what is the phone number
13590,inform,dont care
9068,request,okay can you give me the address there
13661,hello,unintelligible hello
2527,thankyou,thank you good bye
14112,reqalts,how about british food
13455,request,post code
13979,request,phone number
8130,thankyou,thank you good bye
5782,reqalts,anything else
8877,inform,moderate eur
23281,request,address
19132,null,noise
14401,thankyou,thank you good bye
7861,inform,yea id like a cheap restaurant in the north part of town
6288,inform,im looking for a moderately priced restaurant in the east part of town
8222,request,what area is it in
21391,inform,any
21490,reqalts,is there anything else
10735,thankyou,thank you good bye
19099,thankyou,okay thank you
16558,inform,any price range
10968,reqalts,is there another restaurant
2674,thankyou,thank you good bye
19265,request,whats the phone number
21602,reqalts,anything else
16278,inform,russian food
2376,inform,asian
5862,thankyou,thank you good bye
3589,negate,no
1697,null,i need
9227,request,address
7677,reqalts,how about asian oriental
15937,request,address
1200,inform,south
8809,affirm,uh yes can i find a cheap restaurant in the north part of town
6273,null,unintelligible
12251,request,phone number
4168,reqalts,is there anything else
20261,request,what type of food
17072,affirm,yes
412,request,and the phone number
20114,inform,pan asian food
4454,thankyou,thank you good bye
9203,inform,that serves restaurant in south part of town
13812,request,whats the address
20045,null,sil
17691,hello,hello
20140,thankyou,okay cool uh good bye thank you
17242,inform,chinese
7745,inform,center
15205,reqalts,what about thai food
2427,inform,afghan food
22352,inform,i dont care
11796,null,sil
12449,inform,any
21327,inform,restaurant north part of town fast food
2443,inform,british food
12587,negate,no
14193,confirm,does it serve vietnamese type of food
3392,thankyou,thank you goodbye
4092,inform,i dont care
19274,affirm,yes
6117,inform,moderately priced
3236,inform,vietnamese
16092,inform,im looking for a korean restaurant
5431,affirm,correct
1093,null,unintelligible
9406,inform,can i get tuscan
14296,inform,spanish food
13452,request,address
20205,thankyou,thank you goodbye
23869,inform,malaysian
11243,thankyou,thank you good bye
7383,inform,south
22176,request,what is the phone number
10895,inform,chinese
20966,null,noise
20457,request,may i have the address
1881,request,and their address
21357,request,and the address
9903,inform,looking for a restaurant in the north of town
4262,request,what is the address
11245,request,can i get the address
3080,request,whats the address
14967,inform,chinese
13144,inform,im looking for a restaurant in any area that serves persian food
10101,null,unintelligible
15766,inform,cheap restaurant
16572,request,can i get the phone number
2035,request,may i have its address
6559,reqalts,anything else
731,thankyou,thank you good bye
17636,request,phone number
4481,request,phone number
16863,inform,breath im looking for a restaurant in the south part of town that serves malaysian food
8843,thankyou,thank you good bye
13721,inform,i need a restaurant in the east part of town that serves canape food
15771,null,noise
2883,request,address
16303,inform,expensive
23333,thankyou,thank you good bye
7749,thankyou,thank you goodbye
4035,request,phone number
21161,request,phone number
19378,request,whats the address
22503,request,what is the address and phone number
3943,request,what kind of food do they serve
5987,inform,i do not care
23713,request,what is the phone number
11322,inform,im looking for an expensive restaurant and it should
8392,null,unintelligible
23531,request,whats its phone number
12642,inform,indian food
1592,request,what kind of food does it serve
9201,inform,anything
11103,request,phone number
20596,inform,a restaurant with afghan food
18715,request,post code
10206,inform,african
22107,thankyou,thank you good bye
16287,inform,chinese foo
5061,inform,any type of food
11743,inform,moderately priced
22639,inform,i would like to find a moderately priced restaurant in the north part of town please
11027,inform,i want a restaurant in the we
17071,inform,moderately priced
18586,inform,any
11389,reqalts,how about a moderately priced restaurant that serves spanish
3386,request,price range
23635,thankyou,thank you good bye
20231,inform,i dont care
16032,request,phone number
4495,inform,i dont care
19125,inform,could i have a cheap restaurant
12329,inform,welsh food
9938,request,whats their address
18381,request,what is the phone number
22641,request,what is its phone number
7407,request,whats the phone number
22787,inform,tuscan food
8928,request,and the phone number
20544,thankyou,thank you good bye
6586,inform,in an expensive restaurant
2221,request,phone number again
22741,request,price range
107,request,what is the address and phone number
8784,thankyou,thank you good bye
23005,inform,any area
15250,null,sil
1223,inform,vietnamese food
22903,request,address
20917,thankyou,thank you good bye
9606,request,may i have the phone number
9845,inform,cheap
2584,thankyou,thank you goodbye
6052,request,whats the phone number
19526,inform,world food
5144,inform,im looking for a restaurant that serves unintelligible food
23418,reqalts,how about korean food
10924,reqalts,is there anything else
4277,request,what is the address and phone number
7076,inform,dont care
18440,inform,moderate
10369,inform,italian
21733,inform,cheap
8103,inform,moderate
23014,inform,find indian restaurant in north of town
3946,request,phone number
16752,reqalts,another restaurant
1251,inform,i want to find a moderately priced restaurant that serves fusion food
5611,reqalts,is there anything else
16650,null,noise
5563,thankyou,thank you good bye
3298,request,whats the address
9998,inform,serving portuguese food
19444,request,whats the address
17505,request,whats the address
12075,reqalts,what about european food
10620,inform,french
2567,thankyou,thank you good bye
6020,thankyou,thank you goodbye
2839,request,uh whats the phone number and post code
2625,request,what is the phone number of that venue
3338,request,whats the address
18338,request,okay whats the address
4462,thankyou,thank you good bye
3205,inform,unusual food
17232,request,could i get the phone number and post code
3971,request,whats the phone number
3369,request,whats the address
21125,request,what about the address
12366,affirm,yes
20837,affirm,yes
10675,thankyou,thank you good bye
1118,inform,what about mediterranean food
1540,inform,i dont care
12102,inform,tuscan
1178,inform,a restaurant in
10033,request,whats the phone number
5150,null,how about unintelligible
22015,inform,i dont care
18485,thankyou,thank you goodbye
15272,inform,turkish restaurant
14974,request,phone number
23594,request,and whats the phone number
3588,inform,restaurant with scandin
6661,null,what do you recommend
1665,thankyou,thank you good bye
19330,request,what is the address
418,inform,what about modern european food
10346,thankyou,thank you good bye
9371,inform,south part of town
6107,request,whats the phone number and post code
4883,inform,in the west part of town in the cheap price range
7370,inform,im searching for a restaurant in the south part of town that serves
1872,thankyou,thank you good bye
9919,inform,i am looking for a moderately priced restaurant that serves turkish food
22108,inform,cheap restaurant
5433,request,can i have the phone number and price range
10549,inform,gastropub food
18430,request,phone number
2761,inform,it doesnt matter
23238,request,what area is it in
8662,inform,im looking for a cheap creative food restaurant
17007,thankyou,thank you good bye
5954,thankyou,thank you good bye
20913,inform,south
20463,request,what is the address
3513,thankyou,thank you good bye
5299,inform,im looking for a restaurant in the east part of town
22531,thankyou,thank you goodbye
12216,null,noise
1950,inform,romanian
18914,affirm,yes right
9016,inform,turkish food
2222,request,and price range
18804,thankyou,thank you goodbye
6659,thankyou,okay thank you good bye
5752,thankyou,thank you good bye
6297,request,phone number
9134,reqalts,how about indian food
11875,reqalts,how about north american food
9030,request,phone number
22459,inform,swiss food
1858,affirm,yes
23237,request,address phone number and area
7277,thankyou,thank you good bye
2031,reqalts,how about indian
18084,inform,the east part of town
22374,request,what is the phone number
20539,request,address
17872,inform,im looking for a moderately priced restaurant that serves european food
14539,request,can i have the phone number
4164,thankyou,thank you good bye
20409,null,unintelligible
6863,request,address
14782,deny,that information is not important
4932,request,area
22057,inform,i need a moderately priced restaurant
12977,thankyou,thank you goodbye
16190,inform,asian food
2984,affirm,ye
1039,inform,im looking for scandinavian food
6730,reqalts,is there anything else
17385,thankyou,thank you goodbye
6645,affirm,yes
15671,request,what area of town is it
15554,null,okay
9910,inform,cheap restaurant in the north part of town
15126,inform,anything
1531,thankyou,thank you good bye
17172,request,address
8116,request,phone number
6063,inform,east part
1912,inform,im looking for a moderately priced restaurant that serves japanese food
22467,inform,im looking for romanian food
15040,thankyou,thank you goodbye
9144,inform,i dont care
11296,inform,lebanese food
13201,request,an address
2953,request,whats the address
9932,inform,okay cheap turkish food
11372,inform,west part
22201,inform,im looking for an expensive restaurant that serves french food
13110,negate,no
23346,request,what is the address
17511,inform,venetian
888,request,whats the address
23711,reqalts,how about asian oriental
10575,request,and the phone number
22858,request,address
7079,thankyou,thank you good bye
7929,reqalts,anything else
12909,request,what area
13474,null,sil
23115,inform,north american type of food
1103,inform,looking for a moderately priced restaurant
9980,request,may i have the phone number
21815,thankyou,thank you good bye
14715,inform,cheap restaurant
7032,inform,any
1292,thankyou,thank you good bye
6212,inform,dont care
11724,inform,im looking for a cheap restaurant serving international food
15069,null,unintelligible
4389,request,type of food
18664,inform,im looking for a moderately priced restaurant in the east part of town
11638,inform,any
14617,null,was
6532,inform,moderate
19088,null,unintelligible
21322,inform,in the east part
23723,request,cool whats the phone number
1182,request,whats the address
18760,thankyou,thank you
5020,inform,i dont care
8218,thankyou,thank you good bye
22408,null,sil
6997,affirm,right
6456,inform,south part of town
22827,thankyou,thank
4709,confirm,does it serve african food
3652,request,address
22565,request,address
17571,request,what is the price range
1340,thankyou,thank you good bye
23049,request,whats the phone number
46,null,um
5146,inform,unintelligible food
11909,thankyou,uh thank you good bye
4016,inform,lebanese
3855,request,and the telephone
6286,thankyou,thank you good b
12795,inform,asian oriental
1077,inform,west
5544,confirm,is it in the west part of town
12408,request,what is the address
11329,inform,i dont know
1976,inform,north
11088,request,phone number
598,reqalts,how about moroccan food
7430,reqalts,how about italian food
4999,reqalts,can you give me a restaurant in east part of town and
12161,inform,moderate
7897,inform,i dont care
8263,confirm,is there a portugeuse food
231,inform,any area
15758,inform,expensive
1171,thankyou,thank you good bye
442,inform,mediterranean food
11346,inform,greek
1485,affirm,yes
2995,request,what is the post code
13761,inform,cheap
17462,thankyou,thank you good bye
7839,affirm,yes
15217,inform,australian
3901,request,phone number
12373,inform,looking for mediterranean food uh west side of town
6819,request,and the phone number
13639,null,noise
17430,thankyou,okay thank you good bye
21259,null,noise
16777,request,address
14745,inform,dont care
5053,inform,chinese
21240,thankyou,thank you good bye
19367,reqalts,anything else
11397,reqalts,is there anything else
3381,negate,no
11467,reqalts,is there anything else
1453,negate,not
18862,request,what is the phone number
18653,thankyou,thank you good bye
1325,inform,russian
2530,inform,moderate
6709,inform,any
7267,inform,cheap
18352,inform,mediterranean food
3772,inform,noise taquita restaurant
16478,null,i
22235,request,what is the post code
21320,null,system
15451,inform,afghan food
7073,inform,french
17518,inform,cheap italian food
14476,request,address
5024,inform,im looking for a restaurant in any area that
20024,inform,i want to find a restaurant that serves world food
6290,affirm,yes
15093,negate,no thank you good bye
6180,inform,im looking for a cheap restaurant that serves chinese food
10694,inform,vegetarian food
13926,inform,im looking for a restaurant that serves gastropub food
12386,request,what is the address and phone number
1089,null,unintelligible
14089,affirm,yes
181,request,phone number
15501,inform,i am looking for a british restaurant
14734,inform,cheap
7733,inform,dont care
9611,thankyou,thank you good bye
22034,reqalts,is there anything else
23552,request,what is the address and phone number
7006,thankyou,thank you good bye
15371,affirm,yes
8075,thankyou,thank you goodbye
3118,request,whats the phone number
11091,inform,uh that doesnt matter
11703,reqalts,how about italian
13760,null,s
8902,inform,im looking for a moderately priced restaurant that serves endonesian
6804,request,whats the address of royal spice
19414,request,address
8893,thankyou,thank you good bye
6716,inform,expensive
19793,reqalts,is there anything else
22603,reqalts,what about turkish food
13843,null,noise
9529,inform,north
17314,request,can i get the address
19101,inform,id like an expensive restaurant
12678,request,whats the address phone number and area of the venue
2934,thankyou,thank you good bye
22749,hello,serve hello food
7715,request,price range
10741,request,can i have the phone number and post code plea
19898,request,could i have its address
21699,thankyou,thank you good bye
19576,inform,there is no such venue harbor indian type of food
4792,request,what is the address
13511,thankyou,thank you good bye
19403,reqalts,is there anything else
1318,request,what is the address
20488,null,sil
2768,request,address
8935,request,phone number
17039,request,whats the telephone number
15974,thankyou,thank you good bye
9334,inform,moderate
8378,request,phone number
359,request,what is the address
9906,request,address phone number
23240,reqalts,okay uh how about a bristish
9181,inform,chinese food
22747,null,i want
23421,reqalts,what about korean
9912,request,phone number
11532,inform,id like to find a restaurant
1691,reqalts,what about any area
16183,request,what is the address and phone number
17723,affirm,uh yes im looking for a cheap restaurant that serves medetanian food
7747,affirm,yes
10184,inform,indian food
16393,inform,dont care
7119,reqalts,how about vietnamese
216,request,what is the address and phone number
4553,inform,dont care
9602,inform,tuscan food
11369,request,price range
15374,thankyou,thank you good bye
9462,inform,in the north part of town
11489,inform,north
10197,deny,dont want that
11579,request,what part of town
14770,request,what is the phone number
23403,inform,it doesnt matter
11304,inform,i dont care
18397,inform,pan asian food
6383,thankyou,say thank you good bye
19439,request,address
17034,reqalts,how about european food
10885,inform,food
7736,request,what is the address and phone number
2184,inform,unintelligible restaurant
3470,request,whats the phone number
15141,request,what is the address
20070,request,the postcode
14313,reqalts,how about indian type of food
5897,inform,doesnt matter i dont care
4982,reqalts,how about italian
17648,inform,i dont care what part of town
4885,reqalts,is there anything else
2209,request,and phone number
10840,inform,gastropub
12316,thankyou,thank you good bye
17287,null,chikkis
17186,thankyou,thank you
7756,inform,i want a restaurant in the west part of town that serves venetian food
307,inform,it doesnt matter
15939,request,post code
20793,inform,north part of town
3773,request,uh whats the address and phone number
15519,request,phone number
6242,inform,north american
4421,thankyou,thank you good bye
2895,thankyou,thank you
12741,negate,no
6008,reqalts,how about vietnamese food
5207,null,unintelligible
9475,inform,spanish
26,reqalts,is there anything else
1402,request,whats the address
17582,inform,gastropub
11050,inform,ne vietnamese
20318,request,phone number
13077,request,address
14650,null,noise
19102,inform,south
22644,null,noise
3141,thankyou,thank you good bye
4947,affirm,yes
18428,request,what type of food do they ser
14125,inform,west part of town
2585,inform,im looking for a cheap restaurant that sells welsh
19521,reqalts,anything else
21521,inform,um moderate
20347,request,what is the price range
15117,null,noise
19190,inform,moderately priced food
23660,bye,unintelligible good bye
14775,request,address
2122,inform,i need a moderately priced restaurant in the south part of town
4991,inform,i dont care
16165,reqalts,what about chinese food
2897,inform,breath i want to find an expensive restaurant and it sh
18163,null,sil
13846,thankyou,thank you good bye
5091,request,post code
15,request,phone
21114,inform,i need a restaurant in the west part of town
23330,reqalts,is there anything that serves caribbean food
11688,inform,thai
18217,request,okay whats the address
9714,inform,i would like a cheap
450,request,the address
10095,null,unintelligible
6320,request,address
9467,request,and the phone number
12498,inform,british
5280,thankyou,thank you good bye
14318,affirm,yes
8260,thankyou,thank you good bye
19242,reqalts,is there anything else
6197,inform,turkish restaurant in the center of town
10857,inform,indian
163,null,cough
10832,request,whats the phone number
23930,request,what is the address and phone number
14797,null,noise
20301,request,phone number
18459,null,moder
22331,confirm,is it expensive
21973,thankyou,thank you good bye
1246,inform,cheap
1817,affirm,yes creative food
14242,reqalts,do you have a restaurant that serves korean food
5136,thankyou,thank you goodbye
1302,repeat,repeat that
12468,request,phone number
23287,inform,id like a cheap restaurant in the south part of town
3353,inform,in the north part of town
5396,thankyou,thank you goodbye
13753,deny,wrong
2961,inform,expensive food
22799,affirm,yes
4603,thankyou,thank you good bye
16331,negate,no
9005,inform,any price range
3252,inform,thai food
16363,reqalts,is there a restaurant in the north part of town that serves indian food
7144,thankyou,thank you good bye
2029,thankyou,thank you goodbye
5953,request,whats the address
23542,request,phone number
5574,inform,indian food
16517,affirm,yes
16211,null,sil
12108,thankyou,thank you good bye
22184,reqalts,is there any other restaurant
15389,hello,hi im looking for a restaurant that servers
4410,inform,i dont care
5653,inform,does not matter
1676,negate,no
4814,inform,korean
2297,inform,i dont care
12565,reqalts,how about indian food
8484,inform,um any type
8178,reqalts,anything else
182,thankyou,thank you goodbye
4722,inform,i dont care
15083,request,whats the address and post code
9430,request,phone number
21171,reqalts,is there anything else
21518,request,address
13898,inform,it doesnt matter salad
15183,thankyou,thank you good bye
7377,inform,is there a chinese restaurant in the cheap price range
972,request,what is the phone number
23575,inform,oriental
18199,inform,brazilian food
1887,inform,id like a moderately priced restaurant in the east part of town
18453,request,address
18106,request,phone number
13813,request,address
13276,null,unintelligible
2831,request,phone number
1386,inform,um i need a cheap restaurant
18538,null,noise
15247,request,may i get the address and phone number
11555,inform,im looking for polynesian food
11981,request,whats their phone number
7091,inform,dont care
21315,inform,system european food
4986,thankyou,thank you good bye
23188,null,noise
23094,thankyou,thank you good bye
20216,reqmore,more
5744,thankyou,thank you good bye
11242,request,area
22083,confirm,is it expensive
9640,inform,im looking for swedish food
14383,request,what is the phone number
3707,request,price range
23657,thankyou,thank you good bye
21039,inform,it doesnt matter
5699,request,can i have the phone number and post code
12841,inform,looking for romanian food in the east part of town
18145,reqalts,anything else
604,repeat,okay let me try this again
8320,inform,cheap cheap restaurant
21173,thankyou,thank you good bye
10412,inform,could i have a restaurant that serves european food
22577,null,noise
11434,inform,west part of town
9511,null,okay
9499,bye,goodbye
20453,inform,moderately priced restaurant
3491,request,can i have the phone number
12712,request,can i have the address and phone number
2784,request,address
10967,reqalts,is there anything else
23259,thankyou,thank you good bye
17149,request,what is the phone number
294,inform,any
13544,affirm,ye
19800,affirm,yes and i dont care about the price range
5145,null,unintelligible
19604,negate,no new selection
18525,thankyou,thank you good bye
14661,request,what is the phone number
19806,null,okay and um
16805,inform,north part of town
18709,inform,im looking for a restaurant in the south part of town and danish food
15848,inform,and it should be in the south part of town
20437,inform,cheap restaurant
14571,null,i need
3086,inform,cheap
18964,thankyou,thank you good bye
4928,request,area
12553,request,i need the address
22853,inform,im looking for a restaurant in the south part of town that serves greek food
16933,request,address
9585,thankyou,thank you good bye
2743,reqalts,how about vietnamese food
1660,inform,im looking for a welsh restaurant in the west part of town
16158,inform,i dont care
17842,inform,west part of town
3585,inform,dont care
17512,reqalts,how about korean food
4152,inform,it does not matter
15056,request,and their address
2324,null,unintelligible
4120,request,what type of food do they serve
2582,request,what is the phone number
21947,thankyou,thank you good bye
14989,request,and phone number
15059,inform,north
7877,negate,no
13626,affirm,yea
12453,inform,i want a moderately priced restaurant in the south part of town
5406,request,the phone number
9417,inform,cheap restaurant
5021,request,whats the address
16944,request,address
633,request,can i get the phone number
10898,inform,cheap restaurant in the north of town
5795,inform,korean food
2911,thankyou,thank you good bye
8119,thankyou,thank you good bye
12613,affirm,yes
5417,negate,no air tran good
2715,request,type of food
15174,reqalts,how about international food in any price range
242,inform,any kind of food
5222,null,unintelligible
1206,inform,i dont care
19988,thankyou,thank you good bye
18939,inform,id like an expensive thai restaurant
658,inform,im looking for restaurants in the east part of town
16426,request,address
3481,thankyou,thank you good bye
8283,request,what about the phone number
22232,inform,i want fusion food
5266,inform,what about a restaurant serving thai food
10331,null,that serves
4971,inform,im looking for an expensive restaurant in the east part of town
3223,reqalts,okay is there another option
18826,request,can i get the address and phone number
22499,thankyou,thank you good bye
23097,inform,thai food
23533,inform,any
15383,reqalts,how about italian
21735,request,phone number
15991,thankyou,thank you good bye
15015,thankyou,thank you
18067,inform,turkish food
19049,thankyou,thank you good bye
20222,affirm,yes
2501,request,what is the address
8695,request,what is the address
21339,inform,any
3910,inform,doesnt matter
5001,negate,no im looking for a cheap price range in the east part of town
8197,inform,im looking for
22518,inform,dont care
23291,inform,looking for an expensive restaurant
14145,request,and the phone number
14294,inform,a restaurant
3675,null,unintelligible
1559,affirm,yes
13972,reqalts,how about chinese food
8325,inform,looking for a modernity priced restaurant in the south part of town
18552,request,whats the address
14915,inform,i want italian food
12772,inform,moderately priced in the south part of town
23180,inform,any part
9001,request,what is their address
19350,request,post code
3197,thankyou,thank you good bye
15947,inform,seafood
12779,inform,any
17707,request,address
6746,request,address
3167,reqalts,breath noise how about french food
21654,null,noise
18912,negate,no
7817,reqalts,is their anything else
8292,inform,any
20950,thankyou,thank you good bye
14254,inform,it does not matter
18913,inform,south of town
18879,request,whats the address
13127,inform,i dont care
21882,inform,cheap
15051,negate,no indian
15499,inform,russian
3645,request,what is the address
5103,inform,could i have a restaurant in the center
8331,inform,indian food
20242,inform,doesnt matter
21972,request,could i have their phone number as well
7442,inform,food
20212,inform,i am looking for a restaurant in the north part of town serving indian food
12884,inform,indian
7120,reqalts,how about vietnamese food
21519,request,address
21246,null,sil
10450,inform,moderate
7385,inform,south
126,request,address
12546,inform,find me italian food
16065,negate,no
15153,inform,i dont care
20792,inform,can you find a moderately priced restaurant
4031,inform,cuban
8611,request,what is the address phone number and price range
22993,thankyou,thank you goodbye
15709,reqalts,is there anything else
5380,inform,moderately priced
22733,thankyou,thank you good bye
17522,request,what kind of food
6152,thankyou,thank you good bye
11896,request,and the address
13143,thankyou,thank you goodbye
19642,request,phone number
9446,request,phone number
10358,thankyou,thank you good bye
22776,request,address
8786,request,what is the address and phone number
23752,request,whats the phone number
44,inform,i need a restaurant in the north
21118,request,and the address
8044,inform,im looking for a restaurant in the east part of town that serves chinese
14155,request,what is the address
4783,inform,i want a cheap restaurant that serves italian food
3191,inform,caribbean food
23103,thankyou,breath thank you goodbye
2712,inform,food
14855,inform,im looking for a cheap restaurant in the west part of town
13580,inform,looking for a restaurant in the center that sales creative food
15156,inform,austallison
12818,inform,gastro
22764,request,and the phone number
19163,request,phone number
6540,thankyou,thank you good bye
3953,request,what type of food
23321,request,and what type of food
10965,inform,doesnt matter
22373,request,what is the address
2471,request,and whats the address
5629,reqalts,how about italian food
2259,inform,moderately priced restaurant
16975,request,address
12896,null,um
9195,inform,bistro
6897,thankyou,thank you good bye
17335,request,and what is the address
9033,request,phone number
1456,inform,im looking for a restaurant in the north part
20619,inform,malyasian
21928,inform,any
20788,null,sil
19770,inform,indian food
19740,request,what is the phone number
16827,request,may i have the address
13100,inform,vietnamese food
8166,thankyou,thank you good bye
17878,inform,i dont care
19756,inform,cheap restaurant
3260,affirm,yes
11188,inform,im looking for russian food in the center of town
16638,thankyou,thank you good bye
17306,thankyou,thank you goodbye
1641,reqalts,is there anything else
8861,request,and what type of food do they serve at pizza hutt
18482,inform,it doesnt matter
12664,reqalts,what about vietnamese food
11842,inform,a moderately priced restaurant
8058,request,address
17243,inform,moderate
21102,reqalts,how about chinese food
13034,inform,irish food
11052,inform,any price range
21781,request,how about the address
8487,null,sil
3646,request,what is the address
15311,inform,any spanish
11898,inform,breath id like a cheap restaurant in the south part of town
171,inform,any
10519,inform,moderate
23801,request,post code
22242,inform,restaurant
23922,request,whats the phone number
22857,request,address
15465,thankyou,thank you good bye
3533,inform,im looking for a restaurant in any area that serves swedish food
4139,inform,north part of town
19584,inform,looking for a cheap restaurant in the east part of town
12923,request,whats the address
17150,thankyou,thank you good bye
7247,inform,any
21478,request,whats the address and post code
4802,request,post code
20107,request,what is the phone number
22874,inform,world food any price range
12113,thankyou,ok thanks goodbye
3,affirm,yes
4705,inform,african
3486,thankyou,thank you
18881,inform,um english
20054,inform,uh are there any that serves mediterranean
10290,request,can i have the phone number
15555,request,address
23717,request,can i get address
6845,request,what is the address and phone number
16820,inform,im looking for portuguese food
16307,null,noise
18126,request,whats the address phone number
1757,request,whats the phone number
15158,null,noise
21090,request,can i have its phone number
12583,thankyou,thank you good bye
21458,request,post code
14845,inform,mediterranean food
18644,affirm,yes
16957,inform,north
8747,reqalts,how about european food
1717,request,what is the address
8553,negate,no not noise
11471,null,cant
2375,affirm,yes
21266,negate,no
19173,thankyou,thank you good bye
19805,request,okay and whats the phone number
6908,request,post code
18704,request,address
14195,request,what is the phone number
3816,thankyou,thank you good bye
5403,reqalts,how about mediterranean
8431,inform,mediterranean restaurant in any area
1062,request,address
12050,inform,asian food in the north part of town
7237,inform,cheap restaurant
23015,request,the price range
7585,thankyou,okay thank you good bye
4847,thankyou,thank you good bye
4275,inform,i dont care
1117,inform,what about mediterranean food
8564,affirm,yes
10893,reqmore,more
15415,inform,expensive restaurant south part of town
22392,thankyou,thank you good bye
7830,request,address
13389,request,what is the post code
8663,reqalts,how about chinese food
14066,request,ah where is it
6720,reqalts,is there a restaurant that serves vietnamese food
6951,thankyou,thank you good bye
21411,request,i need the address phone number and price range
7396,affirm,right
20258,inform,im looking for a moroccan restaurant in the center of town
4264,request,what is the type of food
660,null,noise
14404,negate,no
5825,repeat,repeat
14587,request,uh phone number
23382,thankyou,thank you goodbye
21395,inform,cheap restaurant in the south part of town
5892,inform,french food
7595,inform,cheap restaurant
22306,request,type of food
8914,thankyou,okay thats all thank you good bye
2815,inform,i dont care
278,request,what is the address
22664,request,whats the phone number
20379,inform,thai
14665,inform,it doesnt matter
12651,inform,vietnamese food
141,inform,gastropub food
8634,reqalts,is there another restaurant in the moderately price range in the east part of town
17326,null,sil
103,thankyou,thank you good bye
7541,thankyou,thank you good bye
22602,inform,austrian food
22590,inform,south
11446,request,may i have the phone number
3379,reqalts,what about spanish food
3774,request,address
12350,confirm,do they serve cuban
18969,thankyou,thank you good bye
6945,inform,im looking for a restaurant in the north part of town
14486,request,what is the phone number
6690,thankyou,okay thank you good bye
14939,inform,it doesnt matter
8459,null,okay what was the first one
11022,thankyou,thank you good bye
10305,inform,im looking for an expensive restaurant in the south part of town
20916,request,what is the address and phone number
11182,reqalts,um how about spanish food
1694,inform,in the east part of town that serves spanish food
13019,null,sil
10263,null,sil
9550,thankyou,thank you good bye
22020,thankyou,thank you good bye
16202,inform,doesnt matter
19549,thankyou,thank you good bye
7641,inform,korean
5289,reqalts,anything else
15902,thankyou,thank you good bye
6865,thankyou,thank you good bye
4768,request,what is the phone number
19236,reqalts,is there anything else
13257,inform,south
5620,inform,i need a moderately priced restaurant in the north part
16483,inform,it doesnt matter
3770,inform,mexican food
10971,request,what is the type of food
20294,inform,moderate
18479,request,what is the phone number
22213,null,um that serves
11922,request,may i have the phone number
4105,request,what type of food
20332,inform,any part of town
2319,null,okay ital
23655,inform,like to find a moderately priced restaurant in the west part of town
17640,thankyou,thank you good bye
14708,null,noise
2520,inform,south
12376,inform,are there mediterranean restaurants in the center of town
12743,inform,a cheap
15630,request,whats the address
22640,request,um what is the address and phone number
1728,request,phone number
16992,inform,any
10277,request,and what kind of food do they serve
20093,negate,no
8657,inform,i am looking for a moderately priced restaurant in the
15693,inform,breath i dont care noise
7415,inform,south
7487,request,phone number
12951,inform,indian food
23956,reqalts,how about asian food
11264,thankyou,thank you good bye
4822,inform,center
6884,request,phone number
6404,thankyou,thank you good bye
16222,null,sil
13504,thankyou,thank you good bye
12657,reqalts,how about vietnamese food
16551,request,what is the post code
2781,reqalts,how about gastropub food
21312,null,system
14692,inform,i dont care
19522,request,whats their address
16702,null,noise
8981,inform,center
2652,affirm,yes
500,request,address phone number post code
22095,request,do you have the phone number of the address
15155,thankyou,thank you good bye
22174,inform,i dont care
12042,request,whats the address
13976,affirm,right
6656,affirm,yes
13538,thankyou,thank you goodbye
12429,inform,the south side
243,reqalts,are there any other cheap restaurants in the west part of town
20580,request,the phone number
23504,request,whats the post code
5816,request,what is the phone number
3335,inform,it doesnt matter
14703,affirm,yes
8356,inform,mexican food
7833,request,the address
23591,null,noise
4597,inform,uh any part of town
13101,deny,wrong
7797,inform,i dont care
9708,reqalts,what about australian asian
7568,inform,italian food
17836,null,noise
18455,thankyou,thank you goodbye
15713,inform,i need a vietnamese restaurant
20858,reqalts,how about indian
23166,inform,mexican food
7020,inform,im looking for an expensive restaurant
15642,inform,any
5425,inform,in the east part of town
730,request,and the post code
13930,thankyou,thank you good bye
5835,inform,im looking for a moderately priced restaurant in the south
3351,inform,i want to find a cheap restaurant
9145,inform,im looking for a restaurant serving french food
15067,thankyou,thank you goodbye
3506,request,what is the phone number
13671,hello,unintelligible hello
19458,inform,unintelligible food
22662,confirm,is it in the south part of town
21144,inform,catalan
23749,inform,i need a restaurant that serves thai food
18435,affirm,correct
11396,affirm,right
347,thankyou,thank you
16215,null,sil
2147,request,whats the address
20726,inform,moderate
23680,request,can i get the phone number
21968,thankyou,thank you good bye
16418,inform,i need a restaurant serving asian oriental in the north part of town
22618,inform,italian
12991,affirm,yes
23307,inform,cheap restaurant
3115,inform,anything
11474,inform,asian oriental food
16895,negate,no
3568,inform,may i have a moderately priced restaurant serving english
917,thankyou,thank you good bye
23348,bye,see you goodbye
8589,inform,i need a restaurant serving af
11151,inform,im looking for a modertley priced restaurant in the south
3778,request,whats the address
5468,null,noise
12572,inform,im searching for a chinese restaurant
8388,inform,indian
17866,affirm,yes
11115,inform,australian
4338,request,whats the address
23990,request,address
22029,inform,im looking for turkish food
6901,thankyou,thank you good bye
15504,inform,dont care
10270,thankyou,thank you good bye
18954,request,and the post code
23320,null,unintelligible
4621,affirm,yes spanish food
21739,request,address
17584,request,address
14714,inform,im looking for a cheap restaurant in the north part of town
4875,affirm,yes
6126,thankyou,thank you goodbye
22805,inform,moderate
14331,inform,either one
10191,inform,for spanish food
14600,inform,african
1051,request,phone number
2774,inform,i dont care
13780,null,sil
11408,inform,north
856,affirm,yes
15608,inform,i dont care
9914,inform,im looking for moderately priced in the north part of town
180,request,address
7718,inform,swedish
7640,inform,korean food
12512,inform,eritrean
21325,request,and the phone number
16070,reqalts,is there anything else
11683,request,what is the type of food
13828,request,phone number please
21618,request,okay and the phone number
19155,request,any price
5600,inform,south of town
12015,request,whats the phone number
13380,inform,any
7262,inform,i dont care
470,request,whats the address
1172,inform,restaurant indian restaurant
3146,reqalts,how about the center area
11926,thankyou,thank you goodbye
21745,inform,expensive
12319,inform,doesnt matter
15278,thankyou,thank you goodbye
22980,thankyou,thank you good bye
20732,inform,turkish
209,request,and the post code
7215,reqalts,how about vietnamese food
14013,null,i would like
9561,request,what is the address and post code
8920,inform,lebanese
8987,inform,down town
21604,reqalts,anything else
2323,request,address
21291,request,phone number
16849,thankyou,thank you good bye
16159,affirm,yes
18216,inform,moderately priced
22772,inform,any
18524,request,whats the phone number
14489,thankyou,thank you good bye
21382,inform,south
415,null,can i have an
4059,reqalts,how about in the center
3717,thankyou,thank you good bye
6953,inform,barbecue
8815,reqalts,anything else
20861,thankyou,thank you good bye
13507,inform,i dont care
847,inform,north
9463,inform,chinese food
7423,null,uh i want to find
7885,thankyou,thank you goodbye
4365,request,what is the address and phone number
2106,request,phone number
16439,reqalts,anything else
18771,inform,dont care
5935,request,may i have the phone number
22175,request,what is the address and phone number
12100,inform,cheap restaurant
19813,request,address
21607,request,what type of food does it serve
4630,inform,expensive restaurant serving caribbean food
13273,request,what is their phone number
20481,request,post code
12603,reqalts,how about mediterranean
8562,null,noise
16251,request,address
22368,request,what is the address and phone number
19816,inform,i need a restaurant serving corsica food
7522,reqalts,how about international food
15006,inform,i do not care
20550,null,and the
22296,thankyou,thank you goodbye noise
19178,request,address
15453,inform,vietnamese food
21169,inform,moderately priced
5777,reqalts,how about portuguese food
9841,request,phone number
3678,request,phone number
5347,inform,gastropub food
4013,null,sil
18562,inform,fancy restaurant moroccan food
507,reqalts,how about rest of town
11116,reqalts,what about gastropub
18464,request,what is the address
142,null,care
14129,request,post code
13588,request,address
23995,inform,im looking for african food
18001,request,can i get the phone number
21752,request,phone number
5776,inform,german
8791,inform,expensive
1336,inform,i need an expensive restaurant serving british food
23358,request,address and phone number
18597,request,phone number
17196,request,okay can i get the address
18457,inform,south
2245,request,the phone number
18290,inform,im looking for a restaurant in the north part of town serving italian food
23640,inform,chinese food
2080,thankyou,thank you good bye
17539,request,whats the address
15402,bye,okay good bye
11355,request,type of food
21585,thankyou,thank you good bye
17323,reqalts,how about european food
4743,thankyou,thank you good bye
7681,thankyou,thank you good bye
23677,reqalts,how about italian food
12395,affirm,yes
9333,inform,moderate
16143,inform,moderately priced
12983,thankyou,thank you good bye
4671,thankyou,thank you goodbye
173,inform,south
18420,request,what type of food do they ser
1588,request,post code
14190,inform,vietnamese type of food
19029,thankyou,thank you good bye
21451,affirm,yes
22211,thankyou,thank you good bye
13614,request,can i have the phone number and the type of food
7890,inform,african
17651,confirm,is there a chinese food
12713,request,phone number
21666,confirm,is it in the cheap price range
9526,inform,ostro asian
15911,bye,okay thank you and good bye
19863,inform,im looking for a moderately priced restaurant and it should serve polynesian food
21075,thankyou,thank you good bye
11197,request,address
9681,null,sil
5718,inform,im looking for an expensive restaurant in the east part of town
7089,inform,doesnt matter
17579,thankyou,thank you good bye
1247,inform,vietnamese
15716,request,whats the phone number
1609,inform,dont care
1512,reqalts,how about korean food
6477,inform,i dont care
15104,request,what type of food do they serve
18162,thankyou,thank you goodbye
383,request,whats the address
6410,inform,i dont care
22389,inform,west
1396,thankyou,thank you good bye
22152,request,what is the phone number
19053,inform,expensive
19555,inform,any
13161,inform,expensive restaurant
19970,request,uh does it serve
3968,inform,im looking for a cheap restaurant in the south part of town
6236,affirm,yes
5162,request,what is the address
18560,request,phone number
21825,affirm,yes i would like portuguese food
1539,inform,im looking for a restaurant that serves
16712,inform,uh north american food
7698,request,okay whats the address
775,affirm,yes
23769,request,and their phone number
20235,request,whats the address
19366,reqalts,anything else
23681,thankyou,thank you good bye
5450,inform,i am looking for a moderately priced restaurant in the west part of town
1167,reqalts,how about indian food
15300,inform,expensive restaurant serve korean food
8923,thankyou,thank you good bye
20585,inform,catalanian
7597,affirm,right
15281,null,unintelligible
14053,null,medium
16592,reqalts,how about chinese food
23443,affirm,unintelligible yeah what about thai food
14999,inform,scottish
7475,request,address
3003,inform,any area
12355,inform,again i do not care
15418,reqalts,anything else
835,inform,vietnamese food
9086,inform,kosher
13318,request,can i have the phone number
14795,request,what is its address
22670,confirm,is it in the moderate price range
6440,inform,is the one that serves indian food
23485,thankyou,thank you good bye
22219,request,address
7435,request,what is the phone number
20433,request,price range
4778,request,phone number
11134,inform,hungarian food
4071,affirm,uh huh
10429,inform,i want a european restaurant in the center part of town
13228,inform,im looking for a moderately priced restaurant that serves labenese food
19431,inform,west
13458,request,in the wouth part of town
18631,thankyou,thank you good bye
10815,reqalts,anything else
11676,request,address
10116,inform,romanian
3577,reqalts,what about spanish food
21818,reqalts,what about any area
18177,inform,cross over
5201,null,unintelligible
1429,inform,serving asian oriental
5898,null,what is one of them
16729,inform,north american
7189,request,where is it
12264,inform,if there is no such venue how about vietnamese type of food
5101,request,can i have the address and the post code
1889,negate,no moderately priced
4039,null,noise
10639,request,what is the phone number
12385,affirm,yea
5982,thankyou,thank you good bye
16627,null,sil
17029,reqalts,do you have anything else
11473,inform,cantonese food
11622,inform,moderate
11149,request,and what is their phone number
7311,inform,im looking for a restaurant in the north part of town and it should serve indo
7921,request,phone number
16939,thankyou,thank you good bye
3160,inform,noise i want to find a restaurant that ser
10257,request,may i have the address
9110,inform,cheap restaurant in the north part of town
8599,inform,i would like to find a cheap restaurant in the south part of town
15590,thankyou,thank you goodbye
14615,inform,french food
9507,null,uh
22961,request,phone number
6842,inform,moderate
5836,inform,i dont care
16058,inform,food
6,inform,moderately priced restaurant in the south part of town
16726,thankyou,thank you good bye
12299,affirm,yeah
18427,request,the address
14809,negate,no
2096,inform,portuguese food
22094,request,whats the price range
9264,request,phone number
2084,request,whats the phone number there
21106,request,phone number
6859,request,can i get the address and phone number
12563,reqalts,how about indian food
18477,request,what is the address
2676,affirm,yes
23992,request,price range
20717,inform,the south part
3947,request,phone number
4873,reqalts,what about italian food
12208,affirm,yes
15282,inform,north
7255,reqalts,is there a restaurant that serves modern european
12534,thankyou,thank you good bye
10463,inform,south part of town
16231,null,sil
23058,request,whats their phone number
5596,inform,im looking for a restaurant serving thai type of food
13988,bye,thanks good bye
23825,inform,im looking for a restaurant in the center of town
6883,inform,vietnamese food
2917,thankyou,thank you good bye
14913,reqalts,how about italian
2098,inform,mediterranean
6862,inform,korean
15293,confirm,is it in the north part of tow
20403,inform,i dont care
15566,request,can i have the address and phone number please
4373,request,can i get the address phone number and post code
3061,inform,i am looking for a moderate priced restaurant
7049,inform,anything
9894,thankyou,thank you good bye
10354,inform,cantonese
6787,thankyou,thank you goodbye
8499,inform,i dont care
21715,inform,cheap
9464,inform,chinese food
17504,reqalts,is there anything else
2056,request,address
7976,request,what is the area
18711,reqalts,uh how about italian
21304,null,system
10837,request,address
13211,request,what is the phone number
22490,inform,north american
5676,affirm,right
2963,request,can i get their address
22820,inform,im looking for a moderately priced restaurant that serves british food
387,inform,doesnt matter
21632,null,unintelligible
9771,null,noise
1711,inform,im looking for a cheap restaurant in the south of town
19671,affirm,yes
13259,reqalts,is there anything else
8762,null,noise
4363,request,what is the address phone number and post code
820,inform,greek food
5459,inform,chinese food
5658,thankyou,thank you goodbye
9115,request,address
8731,inform,west
2750,inform,im looking for meditteranian
15597,null,noise
17793,thankyou,thank you good bye
22579,request,whats the address
5797,inform,korean
5874,affirm,yes
7029,request,what is the phone number and address
4663,request,address and phone number
11662,inform,west
10010,reqalts,is there anything else
3419,inform,part of town that serves asian food
4659,inform,it doesnt matter
10372,request,area
3064,request,phone number and post code
10993,thankyou,thank you good bye
1451,thankyou,thank you good bye
14584,inform,expensive
18151,inform,i need a moderately priced restaurant that serves world food
21028,null,sil
15022,inform,im looking for a restaurant in the south part of town and it should serve scandinavian food
8346,request,phone number
2139,request,price range
3798,request,and post code
5276,reqalts,how about vietnamese food
9288,inform,any
17757,inform,im looking for an expensive restaurant in the east of town
22284,inform,south part of town
2844,inform,international type food
9177,thankyou,thank you good bye
7497,negate,no
8544,inform,korean
10982,thankyou,thank you good bye
22569,request,whats the address phone number and area
2490,thankyou,thank you goodbye
1439,request,what type of food
20055,inform,are there any that serves mediterranean type food
6922,inform,inexpensive
6462,request,what type of food do they serve
21283,affirm,yeah
5404,affirm,yes
20979,null,town
1948,thankyou,thank you goodbye
15347,thankyou,thank you good bye
13963,request,address
22992,request,how about the phone number
6950,request,what kind of food do they serve
12864,inform,west part of town
211,thankyou,thank you good bye
19370,request,phone number and food
207,request,whats the address
13530,negate,no singaporean
6676,inform,asian oriental food
306,inform,i want an expensive restaurant in the east part of town
20697,inform,restaurant in central
17160,inform,uh any type
14297,inform,spanish food
21871,request,address
23399,request,whats the phone number
11677,thankyou,thank you good bye
22447,null,system
1380,inform,im looking for a cheap restaurant in the west part of town
2622,inform,singaporean food
18339,request,phone number
20670,inform,moderately priced restaurant
376,thankyou,thank you good bye
453,inform,im looking for an expensive restaurant in the south part of town
19357,inform,could i have a moderately priced restaurant in the south part of town
3404,reqalts,uh is there a restaurant that serves international food
18590,request,type of food do they serve
1074,request,whats the phone number
19276,reqalts,how about italian food
10505,request,area
19582,null,sil
23647,thankyou,thank you good bye
21192,inform,i want to find a moderately priced restaurant that serves canapes food
14283,request,whats the area
10874,inform,id like an expensive restaurant in the east part of town
7931,request,phone number
18547,inform,korean
1474,inform,corsica food
6816,inform,um spanish food
10465,reqalts,are there any others
11459,confirm,is there a jamaican restaurant
20546,reqalts,what about a restaurant that serves chinese food
11511,reqalts,is that the only one with indian food
11419,request,and the postal code
13939,thankyou,thank you good bye
9361,thankyou,thank you goodbye
13379,inform,any
23651,inform,dont care
19482,thankyou,thank you good bye
18938,thankyou,thank you goodbye
14550,reqalts,how about a restaurant in the west part of town that serves vietnamese food
8899,request,phone number
13885,thankyou,thank you good bye
8574,thankyou,thank you goodbye
20363,request,what is the address
3394,request,whats the address
13306,inform,italian food in the center
10476,null,of the venue
21379,thankyou,thank you good bye
15473,request,whats the address
1100,reqalts,how about moderately priced
8759,inform,unintelligible food
12749,null,unintelligible
6307,inform,im looking for a cheap restaurant that serves irish food
3355,request,okay might i have the address
10105,null,noise
19408,inform,i want italian food
9091,inform,lebanese
9554,request,what part of town is it in
9898,reqalts,what about thai
15740,negate,no no im looking
878,request,can i have the address and phone number
8290,thankyou,thank you good bye
19866,reqalts,how about indian food
11910,inform,im looking for a restaurant in the west part of town serving
5333,reqalts,anything else
12619,thankyou,thank you good bye
8541,request,post code
19771,request,phone number
23754,thankyou,thank you good bye
21229,request,phone number and post code
12702,inform,italian
12728,inform,can i have a cheap restaurant
17970,inform,it doesnt matter
9268,inform,steakhouse
1406,inform,i dont care
20852,request,post code
21811,request,what is the phone number
15490,request,what is the phone number
4361,inform,international
12608,request,what is the address
19438,inform,asian
12937,negate,no
14080,affirm,yes
11943,bye,cut it thank you good bye
14914,inform,italian food
18002,thankyou,thank you goodbye
20277,inform,i dont care
19705,inform,moroccon
7492,inform,spanish
19388,thankyou,thank you good bye
6668,inform,um indian food in the north part
7528,null,unintelligible
5990,null,unintelligible
6840,thankyou,thank you good bye
7726,inform,west
4542,request,phone number
9025,thankyou,thank you good bye
170,inform,south
12934,request,what type of food do they serve
5541,affirm,yes
6672,request,the phone number
7086,affirm,correct
10448,thankyou,thank you good bye
21200,reqalts,is there any restaurants that serve indian food
8633,inform,i dont care
10711,inform,unusual
11973,thankyou,thank you goodbye
2848,inform,uh i dont care
9746,request,where is it lcoated
17759,request,what is the address and post code
16593,affirm,yes
22258,reqalts,how about indian
14222,request,what is the phone number and address
14504,inform,i dont care
10612,inform,food
13850,inform,chinese food
11401,request,what is their phone number
22530,request,phone number
20737,thankyou,thank you good bye
19695,request,phone number
22004,thankyou,thank you good bye
1896,null,how about
22409,request,phone number
19608,reqalts,next
21997,thankyou,thank you good bye
892,inform,moderately priced restaurants
9478,inform,spanish food
13244,thankyou,thank you good bye
923,inform,i dont care
319,inform,im looking for a moderately priced restaurant in the south
7124,inform,im looking for a cheap restaurant in the north part
3184,inform,sea food
16132,inform,chinese food
21247,request,address and post code
10782,inform,im looking for a restaurant that serves mediterranean
15631,request,type of food
5551,inform,spanish
864,request,what type of food
2879,inform,west
21916,inform,expensive
17601,inform,what type food
6343,thankyou,thank you good bye
10196,reqalts,i want another restaurant that serves spanish food
20566,reqalts,anything else
21885,thankyou,thank you good bye
23483,request,whats the address
6121,inform,moderately priced
16053,null,noise
10789,thankyou,thank you goodbye
21789,thankyou,thank you good bye
18429,request,phone number
22228,null,sil
391,request,phone number
10404,inform,i dont care
14159,inform,vietnamese food in any price range
16106,inform,im looking for a cheap restaurant in the north part of town
3114,affirm,yes id like to find a cheap restaurant in the north part of town
7474,inform,food
10291,thankyou,thank you good bye
15796,null,breathing
1920,request,what kind of food does it serve
10343,request,oh good whats the address
13287,hello,hello
4482,thankyou,thank you good bye
1666,inform,cheap restaurant
9296,inform,moderate west
1634,affirm,yes do you have one with chinese
18952,request,phone number
23540,thankyou,thank you good bye
23782,inform,portuguese
12291,inform,any
17112,request,whats its address
11764,inform,north
4399,affirm,yes
22247,request,phone number
19703,inform,im looking for moroccan food
21688,request,cool give me that phone number
8827,inform,im looking for an expensive restaurant in the south part of town
5983,inform,corsica
13797,negate,no gastropub
8074,request,the phone number
21555,thankyou,thank you good bye
3691,thankyou,thank you good bye
72,inform,im looking for a cheap restaurant in the east part of town
10069,reqalts,how about british food
11876,reqalts,how about north american food
12942,inform,moderately priced
7296,inform,i dont care
3841,thankyou,thank you good bye
11627,hello,hello darling im looking for a restaurant in the north part of town
5127,reqalts,how about indian food
6399,request,address and area
10109,inform,uh doesnt matter expensive
22495,thankyou,thank you good bye
7126,reqalts,is there anything else
317,request,what type of food
5325,request,and the address
13925,thankyou,thank you good bye
15962,negate,no
18992,request,whats the area
17528,null,sil
2170,thankyou,okay thank you good bye
7661,thankyou,thank you good bye
3890,reqalts,what about center area
16867,inform,portuguese food
20702,affirm,yes
20442,inform,im looking for an italian restaurant in the east part of town
21674,inform,north
4582,inform,a moderately priced restaurant in the west part of town
710,inform,expensive restaurant
2095,negate,no
3395,request,and post code
10787,request,the price range
7691,inform,north
19310,inform,italian food
6030,inform,expensive european food
20761,inform,i am looking for a cheap restaurant and it should be in the west part of town
13674,request,may i have the address and phone number please
22716,inform,caribbean
13483,inform,eritrean food
2199,inform,i want a restaurant that serves basque food
20722,thankyou,okay thank you good bye
3216,request,address
4502,request,can i get the phone number
16859,thankyou,thank you good bye
916,request,what is the phone number
160,null,cough
15832,inform,cheap
14167,inform,center
22516,thankyou,thank you good bye
10376,inform,doesnt matter
13217,inform,moroccan
996,thankyou,thank you good bye
20953,null,sil
17292,null,unintelligible
7503,inform,cheap restaurant
14397,inform,i dont care
19467,affirm,yes
17989,inform,im looking for an expensive restaurant in the east part of town
7268,request,what is its address
9773,null,noise
7240,inform,im looking for a cheap restaurant in the north part of town
21069,thankyou,thank you good bye
5457,inform,im looking for a restaurant in the south part of town with creative food
3279,request,and what is the post code
17248,thankyou,thank you good bye
20771,inform,im looking for a moderately priced restaurant in the north part of town
1125,inform,any
7548,reqalts,how about vietnamese food
17730,request,what is the address
12055,reqalts,okay fine what about asian food
17874,request,whats the address
20355,thankyou,thank you good bye
5193,request,and the phone number
861,inform,cheap restaurant east of town
1511,inform,i need an expensive restaurant that serves afghan food
3927,null,thats fine
13947,request,okay and h can i get the address
15905,inform,south
15916,inform,i dont care
13354,request,what is the signature dish
10211,inform,earetree mediterranean food
22031,inform,im looking for turkish food
600,reqalts,how about indian food
10851,request,can i get the address and phone number
5579,inform,south
6019,request,what type of food does the missing sock ser
20534,null,and
2613,inform,im looking for a restaurant in the north part of town and it should serve cata
15361,inform,north
18687,inform,moderately priced in the west
5833,request,what is the address
16780,null,sil
17791,request,what is the post code
14511,thankyou,thank you good bye
6797,bye,okay thats all
14889,inform,south
11071,inform,doesnt matter
11124,request,and whats the phone number
1611,inform,turkish
13672,bye,goodbye
14774,request,and post code
17519,inform,italian food
14755,inform,im looking for a restaurant in the north part of town
20789,request,may i have its address
3018,inform,i dont care
20730,inform,center
15090,request,whats the address
10761,request,what is the area
4404,inform,north part of town
12495,thankyou,thank you good bye
6555,thankyou,thank you good bye
9810,inform,moderate
18676,inform,looking for an expensive restaurant in the south part of town
1397,null,noise
6700,request,what area is that in
18900,thankyou,thank you good bye
11653,request,phone number and post code
20513,inform,spanish food
3621,inform,spanish food
22525,null,sil
4022,inform,center
1687,thankyou,thank you good bye
1086,request,phone number
4981,null,serving in
9190,request,type of food
16057,inform,like a restaurant that serves asian oriental
4890,negate,no catalan food
8705,inform,chinese food
3527,inform,cantonese
16618,thankyou,thank you good bye
19353,null,sil
23920,reqalts,what about portuguese
5562,request,can i get the area
12737,inform,cheap
9885,request,may i get the phone number
18829,inform,i dont care
12962,inform,chinese food
14300,thankyou,thank you good bye
15831,inform,any
7532,inform,i dont care
20420,request,type of food does it serve
15144,inform,moderate
16900,request,what is the address and postcode
5343,inform,gastropub food
2070,inform,expensive
15917,request,whats the phone number
2190,inform,dont matter
6677,inform,asian oriental food
19913,inform,cheap restaurant in the south part of town
11081,inform,uh id like a cheap restaurant in the
506,reqalts,how about in any area
1028,inform,south part of town
22302,reqalts,anything else
22899,null,noise
8371,request,and the phone number
22700,inform,irish food
1496,reqalts,how about chinese food
11878,reqalts,how about north american food
23789,inform,id like a restaurant that serves australian asian food
1743,inform,im looking for a cheap restaurant that serves belgian food
23696,thankyou,thank you good bye
8398,thankyou,thank you good bye
21067,request,can i get the address and zip code
4811,inform,vietnamese
2151,null,now
2203,thankyou,thank you good bye
20410,inform,modern european
22543,request,what is the address phone number and type of food
22864,null,sil
9542,inform,chinese
15033,inform,unusual
19781,request,what type of food
20285,request,and the phone number
2163,inform,i dont care
20548,inform,im looking for a chinese restaurant
992,inform,west
11481,request,can i have the phone number and post code please
15037,inform,cheap
15741,inform,south part of town persian food
8122,inform,west
10799,negate,no
4125,affirm,yes
22680,inform,french food any part of town
12239,request,whats their address
12010,inform,korean food
5828,request,type of food
18097,inform,belgian food
4258,inform,im looking for a cheap restaurant in the north part of town
7116,inform,mexican food
2604,inform,north american food
3940,request,can i get a phone number
16416,inform,asian restaurant
9828,request,whats the address
23911,inform,im looking for an expensive restaurant that serves european food
5113,inform,moderate
6427,request,phone number
19321,inform,i dont care
15412,inform,dont care
1018,thankyou,thank you good bye
10467,request,whats the address
3044,request,whats the address
10854,null,serving
10838,request,post code
6091,thankyou,thank you good bye
9325,request,and the telephone number
20089,inform,north american
17994,thankyou,thank you good bye
1372,inform,dont care
1993,request,okay could you give me the phone number
22063,thankyou,okay thank you
2534,inform,can i have an expensive restaurant
885,confirm,is it european
14427,inform,moderate
20725,inform,any
9959,inform,im looking for expensive restaurants that serve mediterranean food
17155,negate,no
13943,inform,uh center
21533,inform,im looking for a restaurant in the west part of town
9452,thankyou,thank you good bye
15933,request,can i have the phone number
3602,inform,dont care
1863,reqalts,how about one with thai food
2946,null,can i get a
10201,reqalts,is there anything else
17230,thankyou,thank you good bye
15171,thankyou,thank you goodbye
21488,inform,i want to find a cheap restaurant
7352,inform,north
8937,request,phone number
4515,request,phone number
8667,inform,cheap
19670,thankyou,thank you goodbye
15342,affirm,yes
17106,request,phone number
18490,null,sil
1784,null,noise
20091,inform,swedish food
4763,reqalts,how about expensive british
4134,thankyou,thank you good bye
1163,request,and the address
1032,request,address
21265,negate,no
14971,inform,chinese food
19354,inform,expensive
9724,reqalts,is there anything else
8115,reqalts,anything else
5175,inform,im looking for a moderately priced restaurant that serves christmas food
20863,inform,south
11509,reqalts,anything else
22838,thankyou,thank you good bye
805,request,whats the address
20900,null,adress
15318,inform,north
20515,inform,spanish
10683,reqalts,what about gastropub food
19342,inform,uh cheap restaurant
13960,request,address
2060,null,sil
5625,request,the phone number
18857,request,can i have the phone number
5852,inform,im looking for food in the south part of town
18200,inform,i dont care
512,request,what type of food
11239,request,area
7852,inform,any part of town
22527,inform,asian oriental
3786,affirm,yes
19257,request,phone number
2331,bye,goodbye
16212,null,sil
3456,request,address
10755,request,what is the phone number
14608,request,may i have the address and phone number
5595,inform,if there is no such venue how about thai type of food
1514,request,whats the area
969,inform,i would like steakhouse food
15985,confirm,is it expensive
20309,inform,moderate
4985,request,and the phone number
2915,confirm,is there a
6556,inform,cheap restaurant
20993,inform,vietnamese
1789,thankyou,thank you goodbye
2616,request,whats the address
3973,inform,im looking for a restaurant in the west part of town
17202,request,can i have the address and phone number please
9671,request,address
11391,request,whats the address
18382,thankyou,thank you good bye
15845,negate,no
5066,affirm,yea
23989,inform,thai food in the west of town
19363,request,type of food
11742,thankyou,okay thank you good bye
2890,inform,im looking for a moderately priced restaurant
2251,request,whats the address
5105,reqalts,what about asian oriental food
257,inform,tv_noise im looking for tuscan food
14150,inform,cheap
13443,affirm,correct
14531,request,may i have the post code
20265,inform,im looking for a restaurant that serves thai food
12575,inform,any
9890,inform,expensive restaurant
14872,inform,moderate
12289,affirm,yes and it needs to be moderately priced
21833,inform,thai food
10658,inform,mediterranean
2341,request,whats the address
7725,thankyou,thank you good bye
8089,inform,im looking for a cheap restaurant in the north part of town
21138,repeat,repeat
14335,null,noise
9327,inform,north part of town
19457,inform,unintelligible food
11218,request,address
1378,request,whats the phone number
12871,inform,moderate moderate moderate moderate
17650,affirm,yes
21824,thankyou,thank you good bye
7863,reqalts,is there anything else
13631,inform,anything
11288,request,address
13872,inform,it doesnt matter hungarian food
11687,inform,italian
6938,inform,west area
17454,null,aw give me the damn code
12147,inform,i want to find an expensive restaurant that serves korean food
12172,reqalts,anything else
4680,inform,british food
19858,inform,scandinavian food
19811,repeat,repeat
18716,null,noise
21920,null,cough
2936,inform,doesnt matter
5466,inform,jamaican food
22396,request,what type of food do they serve
13731,negate,no
11324,inform,irish
14505,inform,i dont care
517,inform,south
23061,request,address
10009,affirm,yes
4508,request,okay can i have the address phone number and the post code of the restaurant
14513,inform,indian
7975,request,what is the address
19416,request,type of food
2502,request,what is the phone number
14739,inform,moderately priced
10624,inform,restaurant north
6481,inform,im looking for a restaurant in any area
6731,request,can i get the address and phone number
22156,inform,korean food type
22060,thankyou,thank you good bye
6871,inform,i dont care
20014,null,noise
14267,request,what is the address
7358,thankyou,thank you good bye
9266,thankyou,thank you goodbye
22540,null,pizza
11198,request,phone number
2899,inform,indian food noise
15824,request,what type of food do they have
15969,request,what is the price range
6093,inform,im looking for a christmas food in the south part of town
1063,thankyou,thank you good bye
14221,inform,portuguese
3671,request,what type of food does the venue serve
21897,bye,alright good bye thank you
12562,inform,um swedish food
8796,request,could i have the address phone number and price range please
19524,request,and their phone number
17784,inform,african food
18585,inform,moderately priced restaurant in the south part of town
21044,affirm,right
16000,inform,i want a cheap restaurant in the south part of town
5378,request,phone number
2168,request,okay good whats the address for that one
3218,thankyou,thank you good bye
12476,affirm,yes
19578,inform,theres no such venue unintelligible indian type of food
13856,thankyou,thank you good bye
7205,inform,im looking for an expensive restaurant
17837,inform,im looking for a moderately priced restaurant in the west part of town
16882,reqalts,and anything else
6546,inform,it doesnt matter
8962,request,and the price range
15780,inform,im looking for a cheap restaurant in the east part of town
15299,thankyou,thank you goodbye
4583,inform,i do not care
15271,negate,no
18047,request,the phone number
20493,reqalts,anything else
20514,inform,any
2671,inform,i want to find a cheap restaurant in the south part of town
17064,null,sil
5410,reqalts,is there anything else
13539,inform,i want to find a cheap restaurant that serve
5382,request,address
17458,request,phone number
9659,request,whats the phone number
8506,inform,west part of town
19649,negate,no
4155,request,whats the address
13959,reqalts,anything else
14786,inform,greek food in the moderate
18257,null,sil
2630,null,unintelligible
13652,inform,im looking for a restaurant serving chinese food
2992,inform,modern european foo
11314,inform,serves cheap
541,inform,italian
12621,inform,spanish food
2852,inform,i want a restaurant in the west part of town that serves jamaican
5200,null,unintelligible
1147,request,may i have the address and phone number
13617,inform,i dont care
13096,inform,restaurant in west part of town
1763,request,whats the address
14664,inform,i would like an expensive restaurant in the south part of town
16203,null,prise me
5372,thankyou,thank you good bye
11147,inform,i dont care
18512,inform,i dont care
20418,inform,expensive
21134,inform,catalan
1362,inform,i dont care
22517,inform,gastropub
18051,inform,chinese
11293,request,phone number
21524,request,phone number
5618,request,whats the address and phone number
9952,request,what is their phone number and type of food
17852,request,whats the phone number
11185,request,can i get the area
4551,thankyou,thank you good bye
1528,request,address
14460,request,what is the phone number
4931,request,area
5011,inform,south
1059,thankyou,thank you good bye
8656,inform,i am looking for a moderately priced restaurant in the
12762,request,what is their special dish
20441,thankyou,thank you good bye
19738,inform,im looking for a restaurant that serves japanese food
19248,inform,korean
4451,inform,dont care
4096,inform,im looking for an expensive restaurant serving english food
7021,inform,i dont care
22891,inform,i dont care
21060,request,and the postal code
22289,inform,north
11412,request,whats the address
8526,inform,i do i dont care
8684,request,what is the price range
3837,reqalts,how about portuguese food
9054,thankyou,thank you good bye
1547,thankyou,great thank you good bye
15785,thankyou,thank you good bye
3862,request,whats the address
7859,request,what type of food
18142,inform,i dont care
13877,deny,wrong
13670,bye,goodbye
9534,inform,restaurant in north part of town
12202,inform,thai food
5474,reqalts,how about a moderately priced restauran
10029,request,okay phone number
10044,inform,find gastropub
12606,inform,dont care
23020,thankyou,thank you good bye
13013,inform,chinese food
17483,bye,goodbye
3859,inform,i dont care
20185,inform,um italian
10849,confirm,does it serve baskey food
22349,request,west is the address and phone number
14334,request,what type of food
2156,null,now
20713,request,phone number
6923,reqalts,is there anything else
19017,inform,im looking for a cheap restaurant in the north part of town
7261,inform,i dont care
5970,inform,seafood
14194,inform,i want to find a restaurant in the west part of town that serves vietnamese food
4082,negate,no
20681,request,cool whats the address
10484,thankyou,thank you goodbye
11567,inform,chinese food
20763,reqalts,is there anything else
21404,affirm,yes
2805,request,what is the address
10189,request,may i have the price range
1484,inform,italian
5855,inform,singaporean food
2179,reqalts,anything else
5285,thankyou,thank you good bye
12364,negate,no
11972,request,phone number
22870,reqalts,how about a gastropub restaurant
4212,inform,the south part of town
11725,request,can i get the phone number
2874,inform,looking for an expensive restaurant in the east part of town
18789,affirm,yes
19335,null,okay
7299,thankyou,thank you good bye
3992,negate,no
16182,null,unintelligible
4119,request,phone number
4801,request,phone number
20565,inform,any type of food
10157,reqalts,is there anything else
7832,request,telephone number
22753,request,phone number
15379,request,what is the phone number
18073,null,how about uh
23940,inform,thai food
10652,inform,im looking for spanish food
16853,inform,barbecue food
23257,request,phone
5016,request,whats the post code
12123,request,phone number
8332,inform,indian
17756,thankyou,thank you good bye
8649,reqalts,is there another
21323,inform,east part
12859,inform,west part of town
14001,request,whats the address
20564,affirm,yes id like an expensive restaurant in the east part of town
20490,inform,moderately priced restaurant in the west part of town
16377,inform,vietnamese
1918,inform,modern european food
10901,inform,i do not care
5997,inform,center
21311,null,system
22777,inform,im looking for a restaurant that serves thai food
11947,null,whats the promo code
12928,request,may i have the address
22074,inform,scandinavian food
10850,reqalts,how about indian
7985,reqalts,is there anything else
1527,affirm,yes
18570,null,unintelligible
10953,request,the type of food
21405,affirm,yes
18063,affirm,yeah
23971,request,phone number
1393,request,address
3573,null,noise
14237,request,and whats the price range
19339,request,and the post code
13644,request,what is the address
2969,request,what is their phone number
11884,inform,im looking for a moderately priced restaurant in the west part of town
22154,thankyou,thank you good bye
14347,inform,any kind of food
18599,request,address
11598,thankyou,thank you good bye
3344,affirm,yes
6065,negate,no
18511,inform,i want a moderate priced restaurant in the south of town
13352,request,what is the signature dish
5442,request,and the phone number
22430,thankyou,thank you good bye
256,inform,i dont care tv_noise
3209,request,whats the address
3600,null,noise
20828,inform,moderate
23308,inform,italian
12276,thankyou,thank you good bye
4144,request,telephone number
18411,request,whats the address and post code
1142,null,okay
14722,reqalts,is there anything else
18993,thankyou,okay thank you goodbye
16769,request,phone number
18720,thankyou,thank you good bye
13831,thankyou,thank you
19779,null,noise
21550,inform,thai food
3164,inform,eritrean food
14903,inform,center of town
23515,thankyou,thank you good bye
8390,request,what is the address
13066,inform,hungarian
5359,request,whats their phone number
14730,inform,north part of town
13787,inform,portuguese food noise
6145,inform,cantonese
16931,reqalts,uh is there anything else
17220,inform,doesnt matter
2494,request,phone number
9244,inform,moderately priced restaurant in the east part of town
4286,request,okay what is the addre
5407,thankyou,thank you good bye
645,inform,the east
11365,request,breath what is the phone number and post code
5366,thankyou,thank you good bye
253,inform,i dont care
15844,inform,expensive
7590,inform,uh center
6259,affirm,yes
55,inform,doesnt matter
6401,request,area
23396,inform,im looking for a restaurant in the south part of town it should serve kosher food
3052,request,what type of food
11510,reqalts,anything else
23840,thankyou,thank you good bye
19037,request,what is the address
17263,inform,any
832,inform,i dont care
5331,inform,any
19168,reqalts,how about mediterranean food
13966,inform,im looking for a moderately priced restaurant in the south part of town
11700,thankyou,okay thank
11733,inform,vietnamese food
3871,inform,south
2100,inform,mediterranean
11485,request,okay and what area is that
17128,request,address
2827,request,and whats the phone number
12077,request,what is the post code
3385,inform,i dont care
3290,request,what is the post code
19375,inform,looking for a moderately priced restaurant that serves brazilian
2371,inform,doesnt matter
20532,thankyou,thank you good bye
18692,request,post code
21593,affirm,yes cheap restaurant
20523,request,what is the address
12755,reqalts,is there anything else
21780,request,can i have their address and phone number
11547,request,what is the address phone number and price range
11615,inform,find a restaurant serving cuban food
4124,inform,i want an italian restaurant
13113,request,do you have the address
17923,inform,jamaican food
1671,inform,im looking for a barbecue restaurant in the east part of town
1940,inform,indian food
12790,inform,expensive
1861,inform,im looking for an expensive restaurant with venetian food
14673,inform,anything
13476,inform,korean food
12094,thankyou,thank you goodbye
1283,inform,it doesnt matter
17811,request,phone number
17016,negate,no
18942,request,what is the phone number
9212,inform,cheap restaurant gastropub food
8386,inform,barbecue
6125,request,address
15697,thankyou,thank you goodbye
14006,inform,west part of town
12492,request,address
22767,thankyou,thank you goodbye
11214,thankyou,thank you good bye
15980,inform,indonesian
10561,reqalts,is there anything else
23344,reqalts,is there anything else
10667,request,price range
14387,request,what type of food
17972,request,what is the phone number
17916,inform,im looking for a cheap restaurant and it should be in the south part of town
18737,request,what type of food
7946,null,unintelligible
21399,thankyou,thank you good bye
10176,request,address
15914,reqalts,how about italian
19272,bye,okay bye
11102,inform,cheap restaurant in the north part of town
19870,affirm,yes
23133,inform,cantonese food
8511,request,address
4377,affirm,yes
3376,negate,no im looking for a unintelligible that serves english food
17816,inform,im looking for a restaurant in the center part of town
2,inform,bistro food
17156,affirm,yes
13677,null,sil
2422,request,okay whats the phone number
16495,inform,singaporean
1814,request,what type of food does it serve
22831,null,um
23471,inform,im looking for a expensive restaurant serving mediterranean food
19396,reqalts,how about chinese food
20756,inform,im looking for traditional food
11180,thankyou,thank you good bye
8642,inform,dont care
16872,inform,doesnt matter
18167,request,and the post code
20176,inform,any
3556,thankyou,thank you good bye
8460,request,okay the address
13012,inform,chinese food
8132,reqalts,what about asian oriental
20480,request,phone number
11595,inform,south
5070,thankyou,thank you good bye
10433,null,i want to find
2591,thankyou,thank you good bye
23384,affirm,yes
1921,inform,im looking for a moderately
5673,inform,cheap restaurant
12357,inform,a restaurant that serves
6240,inform,in the center
3687,inform,any kind of food
4466,request,whats the address
6738,inform,australian food
19567,inform,kosher
6089,inform,i dont care
8571,null,noise
23701,thankyou,thank you good bye
22570,thankyou,thank you good bye
3461,thankyou,thank you good bye
19900,thankyou,thank you good bye
17604,affirm,yes
22226,request,whats the address
19090,reqalts,is there anything else
13681,inform,cheap price range
5554,inform,spanish
19627,inform,asian oriental
6802,null,and whats the other one
21911,request,and the address
5019,inform,im looking for a moderately priced restaurant in the north
2390,request,phone number
6002,negate,no
8310,thankyou,thank you good bye
15196,inform,cheap restaurant south part of town
8830,request,can i get the address and phone number
13229,request,can i have the address phone number and post code
1398,inform,i dont care noise
7502,affirm,yes
21819,request,whats the address
774,inform,doesnt matter
19343,inform,cheap
7169,inform,dont care want afghan food afghan food afghan
11673,inform,north
18746,thankyou,thank you good bye
16543,inform,west
16031,reqalts,uh anything else
7555,affirm,yes
3123,null,unintelligible
16262,request,phone number
15127,affirm,yes
6949,request,and their phone number
19434,inform,thai
13611,reqalts,is there anything else
21303,null,unintelligible
109,thankyou,thank you good bye
11347,inform,greek
20206,inform,im looking for a restaurant in the north part of town serving indian food
10884,request,type of food
11924,thankyou,thank you
7800,inform,caribbean
9380,request,type of food
11232,inform,i dont care
22009,request,phone number
5961,reqalts,uh how about moderately priced
17751,thankyou,thank you good bye
19407,reqalts,how about italian
15398,inform,expensive
13865,negate,no
22483,inform,im looking for a restaurant in the north part of town
21613,affirm,yea whats the address
10812,repeat,go back
15847,inform,im looking for an expensive restaurant
22817,inform,moderately priced restaurant in east part of town
8890,inform,looking for a moderately priced restaurant in the west part of town
21805,inform,looking for moderately priced restaurant in the north part of town
10134,inform,that serves swiss food
1334,request,i need a special restaurant serving christmas food
8474,inform,uh moderately price
16286,inform,i am looking for a restaurant in the moderate price range that serves russian
13434,inform,moderately priced restaurant
8291,inform,moderately priced
14445,null,breathing
10091,request,whats the phone number
9693,request,phone number
14982,request,phone number
9756,request,phone number
10349,inform,cheap
2038,thankyou,thank you good bye
23619,null,im looking
9763,thankyou,okay thank you good bye
5722,thankyou,thank you good bye
15422,inform,food type
3455,inform,moderate
5100,inform,any part of town
382,affirm,right
4618,thankyou,thank you good bye
10394,inform,eritrean food
12652,inform,i dont care
17011,inform,singaporean
16732,null,noise
16762,request,could i get the post code
20367,confirm,does it serve korean food
14732,inform,inexpensive
121,request,what is the address and phone number
12398,request,whats the phone number
16097,inform,looking for a restaurant in any area that serves irish food
12158,inform,in the east part of town
2801,request,what is the phone number
15405,thankyou,thank you
7658,reqalts,what about korean food
714,inform,asian oriental
11678,null,system
16991,inform,moderately priced
17665,inform,i would like steakhouse food
9343,null,unintelligible
18598,request,phone number
17320,request,what is the address and phone number
7127,reqalts,is there anything else
20321,inform,west
6184,request,can i have the address and phone number
12855,affirm,yes
20959,inform,cheap
11074,thankyou,thank you good bye
4115,inform,cheap
3720,request,no price
4975,inform,expensive
7752,affirm,yea in the east part of town
18955,thankyou,thank you good bye
10065,thankyou,thank you good bye
3318,inform,korean food
14212,inform,indian food
19943,affirm,yes
22744,inform,moderately
13557,inform,aristrain food
21168,inform,north
12516,affirm,yes
5894,request,whats the price range
11082,inform,any kind of food
532,request,address
1659,thankyou,noise thank you good bye
2446,request,phone number
12461,thankyou,thank you good bye
1604,request,address
19328,inform,west
13488,inform,im looking for eritrean food
838,inform,i want a cheap restaurant in the east part of town
23551,inform,italian food
17264,inform,spanish
5896,inform,doesnt matter
694,request,can i get the phone number
23543,request,address
11023,inform,im looking for a moderately priced restaurant in the south part of town
11104,inform,venue
17342,request,whats the address
2703,thankyou,thank you good bye
20799,null,unintelligible
8077,reqalts,how bout indian food
19745,thankyou,thank you goodbye
21724,inform,doesnt it does not matter
17288,request,what is the address
14761,thankyou,thank you
20105,inform,dont care
5680,thankyou,thank you
720,thankyou,thank you goodbye
8814,inform,moderately priced in the west part of town
19133,affirm,yes
7451,inform,looking for a restaurant in the north part of town that serves swedish food
10278,thankyou,okay thank you good bye
12922,null,sil
4826,request,post code
7604,request,address
8848,thankyou,thank you goodbye
3174,request,whats the post code
19960,thankyou,thank you good bye
16527,request,okay what is the phone number
22370,thankyou,thank you good bye
19484,inform,uh i want cantonese food
14183,inform,i need to know if there are any restaurants serving turkish food
9727,thankyou,thank you good bye
6468,request,whats phone number
14197,reqalts,is there a restaurant in the west part of town that serves vietnamese food
13202,request,the price range
6583,thankyou,thank you good bye
12115,inform,dont care
5384,reqalts,anything else
5933,inform,it doesnt matter
23310,request,address
76,inform,expensive
16261,request,address
2318,inform,italian
2889,thankyou,thank you good bye
3834,request,and the post code
6194,reqalts,how about turkish
3281,reqalts,how about spanish
7334,affirm,yes
19782,request,whats its number
6384,inform,it doesnt matter
10503,reqalts,anything else
1762,inform,i need a cheap restaurant that serves international food
16513,inform,russian food
2945,inform,i dont care
13716,reqalts,is there any thing else
21638,request,whats its phone number
346,null,sil
16686,inform,polynesian food
4245,inform,an expensive restaurant serving cantonese food
4940,thankyou,thank you good bye
9968,inform,i need a restaurant
8768,thankyou,thank you good bye
2276,inform,dont care
1113,request,what is the address
6611,inform,hungarian food
21052,request,location
8886,inform,i want a malaysian restaurant
23165,null,noise
18023,thankyou,thank you good bye
9375,inform,moderately priced restaurant
14805,request,and the price range
3378,inform,spanish food
11829,thankyou,thank you good bye
6263,null,unintelligible
6185,thankyou,thank you good bye
2697,thankyou,thank you good bye
4405,request,can i have the address and phone number of the venue
10762,thankyou,thank you good bye
716,affirm,yes
20326,inform,moderate
3672,thankyou,thank you good bye
10246,reqalts,can i have something else
19606,inform,i dont care
8576,inform,cheap restaurant
20004,request,phone number
3106,request,can i have the address please
9379,inform,south part of town
10178,thankyou,thank you good bye
1463,request,phone number
2944,inform,im looking for a moderately priced restaurant in the north part of town
13346,inform,spanish food
10147,request,address
20778,inform,any
10392,null,do uh
16041,null,noise
2673,request,may i have the address phone number and post code
13368,request,address
14181,null,noise
14385,inform,i wanted moderately priced
1600,inform,dont care
16412,thankyou,thank you good bye
5487,inform,south part of town
8495,request,what is the phone number and address
427,reqalts,is there a restaurant
21766,inform,moderately priced west part of town
7723,request,address
21680,reqalts,is there anything else
12049,inform,earatrain
66,inform,looking for a moderately priced restaurant in the east part of town
3414,request,address
23317,thankyou,thank you good bye
271,null,tv_noise
11328,hello,hi im looking for a restaurant in the west part of town
11018,thankyou,thank you good bye
9935,request,okay can i get the address
6432,inform,center
15724,thankyou,okay but im going to nandos thank you good bye
15132,inform,i dont care
10493,thankyou,thank you good bye
2141,inform,im looking for a cheap restaurant in the north part of town
6618,inform,any price range
12734,inform,i want to find a cheap restaurant
7210,reqalts,how about north american food
1446,inform,christmas
7369,thankyou,thank you goodbye
10909,reqalts,anything else
3524,request,see phone number and address
20138,reqalts,is there anything else
22555,inform,center
16500,request,phone number
7606,thankyou,thank you good bye
22081,inform,im looking for an expensive restaurant and it should be east part of town
18835,inform,talian food
22250,inform,irish fdod
22155,inform,could i have brazilian food
4179,inform,dont care
16235,null,cough
10431,request,what is the phone number
495,bye,alright thank you good bye
18534,inform,korean food
18671,inform,asian oriental type of food
8182,request,type of food
11488,inform,moderately priced
14909,inform,i want a singaporean food restaurant
23378,request,address phone number prices
19177,inform,any
1705,inform,restaurant in the east part of town japanese
6959,inform,cheap portuguese food
1827,request,whats the post code
4720,inform,doesnt matter
5235,thankyou,thank you good bye
2480,inform,cheap restaurant serving scandinavian food
19665,null,i dont
17830,hello,hi im looking for a moderately priced restaurant
17808,null,sil
22977,reqalts,is there anything else
570,thankyou,thank you good bye
18785,inform,cheap restaurant
21236,inform,indian
19383,inform,indian
8040,thankyou,thank you good bye
17269,inform,i would like a cheap restaurant in the west part of town
7274,inform,im looking for indian
7491,negate,no
2562,request,and the address
11287,inform,north
21025,thankyou,thank you good bye
18299,inform,cheap restaurant in the south part of town
9965,request,can i get a address
3809,bye,alright thank you good bye
6549,hello,hello im looking for a moderately priced restaurant in thr
14622,request,what is their address
1447,hello,hello
17270,inform,cheap
19716,inform,unusual food
8942,request,may i have the address and phone number please
18345,request,whats the address
2559,reqalts,is there anything else
3465,reqalts,how about french food
13309,request,price range
9846,inform,european food any price
603,thankyou,thank you good bye
19298,null,noise
1718,thankyou,thank you good bye
2693,inform,australian
4856,thankyou,thank you goodbye
14409,inform,north
21878,request,what is the phone number
14952,affirm,yes
684,thankyou,thank you good bye
18444,request,phone number
20201,request,may i have it its address
2643,inform,i need a cheap restaurant in the south part of town
14416,inform,i dont care
13122,null,unintelligible
23576,inform,oriental
1806,thankyou,thank you good bye
13391,inform,looking for a restaurant in the north side of town
18861,inform,i dont care
9767,null,noise
5248,request,phone number
14098,inform,south
2481,affirm,yes
21865,thankyou,thank you good bye
16470,inform,breath i am looking for a venue that serves gastropub food
20579,reqalts,is there anything else
3226,thankyou,okay thank you good bye
3884,request,phone number
8163,inform,british
3813,null,noise
9871,inform,cheap restaurant south part of town
12974,affirm,ye
20825,inform,spanish food
23936,inform,thai
18916,inform,west of town
13650,negate,no
17199,inform,im looking for a restaurant that serves swiss food
15576,null,sil
9167,thankyou,thank you good bye
2109,inform,i dont care
11787,reqalts,i want a different res
18022,inform,anything
2635,affirm,right
18034,inform,im looking for a restaurant in the south of town serving chinese food
17044,request,what is the address
23206,request,phone number
5164,inform,bistro food
3801,inform,any any part of town
18740,thankyou,thank you good bye
8963,thankyou,thank you good bye
14702,inform,cheap mexican food
11154,request,can i have the phone number
13714,affirm,yes
10636,inform,can i have french food in the center
2012,inform,im looking for a restaurant in the west part of town
4673,inform,i dont care
14406,thankyou,thank you good bye
1690,inform,any area
19618,inform,i dont care
619,thankyou,thank you good bye
17662,reqalts,what about the west part of town
17986,request,address and phone number
20716,null,cough
10894,negate,no
18642,reqalts,how about italian food
15177,request,may i have the address pleas
21479,request,post code
11501,request,what is the address
9809,inform,american
7962,inform,im looking for a restaurant
23775,reqalts,is there anything else
8176,inform,any
7939,null,unintelligible
7005,affirm,yes
4915,request,phone number
23549,inform,i dont care
5165,inform,bistro food
12811,inform,asian oriental
6713,inform,find me an expensive restaurant in the south part of town
5160,reqalts,how about vietnamese food
6339,inform,alright i want a restaurant in any
16636,request,what kind of food does it serve
17935,thankyou,okay thank you good bye
7022,reqalts,is there anything else
5956,inform,any
13799,inform,dont care
5002,request,whats the address
1030,inform,moderate
21310,null,system
9023,request,address
9313,thankyou,thank you good bye
6620,thankyou,thank you good bye
617,affirm,yes
8739,inform,im looking for a restaurant in the north
4944,request,whats the price range
2791,thankyou,thank you good bye
22423,null,sil
22690,request,phone number
22435,thankyou,thank you goodbye
17165,inform,is there one that serves indian food
6801,affirm,yes
10823,request,what is the address and phone number
12266,reqalts,how about vietnamese type of food
15494,request,what is the phone number
6808,inform,west
14063,inform,im looking for one that serves asian oriental food
9425,inform,any
8389,inform,dont care
13746,inform,i want a restaurant in the north part of town that serves moroccan food
19135,null,sil
12098,request,and the post code
14653,null,noise
950,affirm,yes
20800,request,where
16521,thankyou,thank you good bye
17192,thankyou,thank you good bye
9744,thankyou,okay thank you good bye
11424,inform,arotrian
8518,null,noise
5740,request,can i get the address and phone number
18252,reqalts,um what about italian food
1339,request,can i get the phone number
21767,request,phone number
13938,request,what is the phone number
1835,null,how about unintelligible
22921,thankyou,thank you good bye
14210,affirm,yes
23852,thankyou,thank you
4282,negate,no canapes
12760,request,may i have the address and phone number please
9607,null,noise
9589,inform,north
10938,inform,im looking for a cheap restaurant in the north part of town
19041,request,what kind of food does it serve
6692,reqalts,how about british type food
4172,inform,im looking for a restaurant in any area that serves malaysian food
10443,inform,im looking for a moderately priced restaurant in the west part of town
9353,null,noise
21059,request,can i have the address please
10393,inform,does anyone serve eritrean food
4738,inform,modern european
17731,thankyou,thank you good bye
16580,affirm,yeah im looking for a restaurant in the south part of town that serves international food
16270,inform,russian
3122,inform,i dont care
15159,inform,gastropub
9447,request,the address
11013,inform,im looking for a restaurant that serves bistro food in the center of
4674,reqalts,oh is there anything else
10506,request,area
22279,inform,expensive restaurant in the south
6796,request,okay whats the post code
13937,request,what is the phone number and area
22012,request,phone number
15592,inform,chinese food north part of town
6541,inform,i want to find a restaurant in the south part of town that serves in
884,inform,what european food
16749,inform,any
6228,inform,missing sock
16020,inform,moderate
23783,null,unintelligible
10709,request,phone number
14884,request,what type of food
11566,inform,cheap
18262,inform,i dont care
7461,inform,indian food
2896,thankyou,thank you good bye
16087,request,what is the address
14186,null,thats all i need
2453,thankyou,thank you good bye
21841,inform,tha thai
5846,thankyou,thank you goodbye
20455,inform,any
20833,thankyou,thank you goodbye
1750,inform,greek
5644,request,what is the phone number
14623,request,what is prezzos address
10976,request,what area is it in
13376,request,what area are the asian oriental restaurants
8418,inform,afghan food
4925,request,area
7531,inform,i dont care
14791,confirm,is there a greek restaurant
22890,hello,hi im looking for an expensive restaurant in south part of town
23453,request,phone number
23793,inform,danish
2048,reqalts,is there anything else
20340,request,uh can i have the address
1801,inform,east part
18996,null,noise
13186,request,and the phone number
16723,inform,i dont care
20337,reqalts,how about spanish food
3299,thankyou,thank you good bye
5621,inform,uh im not interested in the type
7732,inform,expensive
11890,request,what is the phone number
7366,request,address
23691,thankyou,thank you good bye
15223,affirm,yes
11020,inform,vietnamese food
15207,request,okay what is the address
16365,affirm,right
16490,inform,i dont care
12580,inform,i dont care
10904,inform,moderately priced restaurant
1081,request,and the address
9646,thankyou,thank you good bye
2594,inform,cantonese food
15750,request,and the price range
22254,request,address
11879,inform,expensive restaurants
17350,null,noise
9372,inform,cheap restaurant
16797,inform,im looking for a restaurant in the center of town that serves lebanese food
4869,inform,hey im looking for a restaurant in the west part of town
11774,null,oh
18484,request,address and phone number
22017,inform,british
14709,inform,italian food
2979,request,address phone number
11069,thankyou,thank you good bye
19875,affirm,yes
16455,affirm,yes
5532,inform,im looking for a restaurant in the west part of town with
13625,inform,expensive restaurant
18617,inform,im looking for an expensive restaurant that serves asian oriental food
20263,affirm,yes
15756,inform,moderately priced restaurant serves french food
6173,thankyou,thank you goodbye
15457,null,noise
9443,request,phone number
9896,inform,dont care
19044,inform,i dont care
13447,affirm,yea
17494,inform,chiquito
19780,inform,thai food
23322,thankyou,thank you good bye
20827,inform,i dont care moderate price
18343,confirm,does it serve halal food
14932,request,phone number
17968,thankyou,thank you good bye
23389,thankyou,thank you good bye
8879,inform,i want modern european
13794,thankyou,noise thank you goodbye
8512,request,phone number
6497,negate,no lebanese food
15087,inform,austria asian food
7828,null,both
11991,inform,im looking for thai food
9684,request,what part
15943,inform,i dont care
6278,thankyou,thank you good bye
10695,inform,mediterranean food
20390,reqalts,how about italian food
21797,thankyou,thank you good bye
2288,inform,british food north part of town
17375,thankyou,thank you good bye
10991,inform,thai food
17815,thankyou,thank you good bye
3518,request,the phone number
20399,request,phone number
8139,inform,chinese
21814,null,sil
11413,request,whats the phone number
9357,inform,italian food
17118,inform,halal
6186,inform,im looking for a restaurant in the south part of town that serves indian
14717,inform,cheap food
3426,inform,im looking for a restaurant that serves chinese food
9168,inform,im looking for english food in the west part of town
18845,inform,the centre
19734,inform,i dont care
18775,inform,any thing
18368,request,and the address
15031,thankyou,thank you good bye
5337,negate,no
6828,request,what type of food is it
8314,inform,mediterranean food
5689,request,okay can i get their phone number
23357,request,what type of food
6338,inform,traditional food
19739,request,what is the address
18431,request,address
1510,thankyou,thank you good bye
15254,inform,moderate
20371,inform,id like a moderately priced restaurant that serves cuban food please
17726,ack,okay um
1797,request,what is the address
34,inform,asian oriental
1316,reqalts,is there anything else
22106,null,holy cow
14642,affirm,yes
22635,request,phone number
7784,negate,no
8472,thankyou,thank you
7561,affirm,yes
16640,inform,jamaican food
6854,thankyou,thank you good bye
13782,reqalts,what about korean food
17727,inform,spanish food
6647,inform,any
299,affirm,yes
19967,request,address
23524,request,what is the address
22957,inform,im looking for a cheap restaurant in the north part of town
291,request,phone number
23622,reqalts,okay what about european
6496,null,unintelligible
16963,inform,uh id like steakhouse food
12740,inform,a restaurant in the south part of town
6807,inform,yea im looking for a moderately priced restaurant
17515,request,phone number
23242,inform,um east part
2618,request,whats the price range
23105,null,unintelligible
20746,null,did you hang up on me
8643,inform,i dont care
12471,thankyou,thank you good bye
17632,inform,south
20076,inform,im looking for um
23784,request,address
7512,request,phone number
6201,request,price range
12906,reqalts,is there anything else
11495,thankyou,thank you good bye
10183,inform,greek food in the north part of town
8268,request,and the address
14547,request,phone number
10127,inform,german food
23787,request,what is the address
4354,affirm,yes
19008,inform,south
7324,request,address
21317,null,system
7754,request,do you have the post code
7287,inform,steak house
1345,affirm,yes
7639,affirm,yes
9808,inform,irish
13106,inform,vietnamese food
10705,inform,restaurant in the north part of town
1359,request,and whats the post code
11512,reqalts,anything else
8781,inform,indian food
4260,affirm,yes
7539,request,address
4195,negate,no
13367,request,address
16039,null,uh have
5095,inform,im looking for a moderately priced restaurant serving cuban food
806,request,and the phone number
1265,ack,kay
8880,request,could i have the address
11711,inform,looking for a cheap restaurant in the west part of town
8992,inform,north east
19842,inform,expensive restaurant
5995,thankyou,thank you good bye
20766,inform,i want a restaurant in the north part of town that serves vietnamese food
7843,thankyou,thank you good bye
3578,reqalts,how about spanish food
7917,inform,west
430,inform,asian oriental
1799,thankyou,thank you good bye
272,request,phone number tv_noise
9702,inform,any range
11692,thankyou,thank you
23204,request,what type of food do they serve
9022,reqalts,anything else
22962,thankyou,thank you good bye
22335,request,what is the post code
5519,inform,moderately
9317,inform,dont care
22668,affirm,yes
15742,affirm,yea
2321,null,unintelligible
4047,null,unintelligible
23060,inform,a cheap restaurant serving mexican food
23586,inform,asian oriental
11794,request,whats the address and phone number
11254,reqalts,okay how about asian oriental
20291,affirm,yes
10218,inform,cheap
12012,thankyou,thank you goodbye
23644,request,address
23797,thankyou,thank you good bye
9027,request,phone number
11017,request,and what is the address please
21167,null,sil
17581,inform,german
2748,reqalts,how about modern european
20538,inform,any
10161,inform,doesnt matter
19848,inform,cheap
13418,null,noise
343,inform,cheap
11805,affirm,noise yes
7660,request,whats their phone number
22487,inform,i want a restaurant
10286,request,phone number
5624,request,whats the address
19009,inform,south
3800,inform,do you have an expensive restaurant
23337,reqalts,is there anything else
21278,request,what is the address
18112,null,noise
12073,request,uh can i have the address
5258,request,whats their phone number
22909,request,what is the address
1650,request,kay can i get the phone number
17657,negate,no
20501,inform,danish food
8779,inform,moderate
8101,inform,a moderately priced fusion food
2252,thankyou,thank you good bye
10334,request,may i have the phone number
14464,request,whats the address
814,inform,im looking for a moderately priced restaurant
16142,inform,chinese type of food
10541,inform,im looking for an expensive restaurant in the south part of town
14628,inform,chinese food
20362,inform,i dont care
15680,inform,could i have a moderately priced restaurant that serves thai food please
3761,inform,dont care
17457,request,whats the address
16153,request,whats its address
7371,inform,british food
13791,null,noise
4069,inform,indian food
20990,inform,food
17312,thankyou,thank you good bye
9480,request,what is the address and phone number
14848,request,what part of town is it in
18259,inform,what about a chinese restaurant in the north of town
12592,affirm,yes
14366,request,address and phone number
13572,inform,can i find something in the south side
21775,request,whats the type of food they serve
7269,confirm,is it in the center
13989,inform,im looking for an expensive restaurant in the south part of town
13785,request,whats the area
8961,request,phone number
3358,inform,expensive restaurant south part of town
3024,affirm,yes
21643,request,phone number
4132,inform,expensive
16675,request,what is the address
10339,request,what is the address and phone number
3831,thankyou,thank you good bye
18211,request,phone number
3710,reqalts,how about vietnamese type of food
18308,request,phone number
18986,request,what is the phone number and address please
15200,request,what type of food does it serve
11514,thankyou,thank you good bye
3040,reqalts,uh how about chinese food
15194,thankyou,thank you good bye
16764,null,sil
13046,inform,i dont care
22140,inform,sea food
12368,affirm,ye
22431,inform,im looking for a cheap restaurant in the north part of town
13689,inform,fucking west
3145,affirm,yes
3736,request,type of food
15339,thankyou,okay thank you good bye
13374,inform,the west
22281,inform,south
18609,inform,west
10550,request,what is the address
667,inform,i want to find an expensive restaurant that serves hungarian food
10451,request,what is the address
16668,inform,find cheap restaurant
10241,inform,im looking for an expensive restaurant in the south part of town
3138,request,what is the address
18342,inform,im looking for a moderately priced restaurant uh serving halal food
13712,inform,i dont care
12028,inform,unusual food
8579,request,address
15625,request,what is the phone number
2637,request,whats the post code
14072,reqalts,do you have anything else
3415,request,post code
12638,thankyou,and i think thatll do it thank you good bye
18119,inform,british food
7197,thankyou,thank you goodbye
286,inform,center
17359,thankyou,thank you good bye
15795,affirm,yes
6912,inform,west
21925,request,what is the address
17481,request,whats the address
13387,inform,any price range
191,inform,mexican food
4924,request,area
18361,thankyou,thank you good bye
4311,inform,i dont care
15976,inform,indonesian
18568,null,sil
9056,request,whats the phone number and address
16078,inform,british food
14052,inform,that serves indian food
15719,affirm,yeah im looking for a cheap restaurant
22443,null,noise
4284,affirm,yes a restaurant in the east of town unintelligible serving canap
205,reqalts,how about gastro pub
6412,inform,moderately priced restaurant
9318,request,what is the phone number and address
21809,affirm,yes
4060,request,could i have the address and price range please
998,inform,any area
11578,inform,cheap restaurant
21237,inform,okay i want indian
7414,inform,south
21576,request,what is the phone number
9408,null,can i
17109,inform,looking for a moderately priced restaurant
852,thankyou,thank you good bye
13683,inform,cheap
17147,inform,it doesnt matter
7615,request,phone number
16917,request,can i get the address phone number and area
9046,request,whats the post code
7304,request,whats the address
20718,confirm,um is that moderately priced
1261,ack,kay
10013,thankyou,thank you good bye
14612,reqalts,anything else
10341,inform,looking for african food in the center of town
19607,reqalts,next
23678,inform,italian food
11948,reqalts,is there anything else
19873,inform,indian
1073,inform,any type of food
12886,affirm,right
3726,inform,any type of food
8169,inform,indian food
20324,inform,west
15091,request,and the post code
6445,request,the price range
19886,reqalts,what about european food
18963,request,whats the post code
16437,inform,um chinese food
17817,inform,hungarian food
8104,inform,dont care
20613,reqalts,is there anything else
4158,inform,i want a restaurant in the center of town
7087,affirm,yes
12384,inform,im looking for asian oriental type food
18592,inform,west part of town
19352,null,sil
23664,inform,im looking for an expensive restaurant in the east part of town
12770,request,the phone number
8194,request,address
10944,request,what is the address
11561,inform,german food
4973,inform,expensive
9359,request,phone number
7818,request,what is the address
17967,request,area
2998,inform,west
20795,inform,moderately
7490,inform,spanish food
18258,inform,north part of town serving gastropub food
8524,inform,mediterranean
19170,affirm,yes
11989,inform,looking for a restaurant in the west part of town
23249,inform,japanese
16258,request,phone number
5864,negate,no
18396,inform,pan asian
23484,thankyou,thank you good bye
4315,hello,hello
7980,inform,south
2088,reqalts,anything else
17744,inform,i want to find a moderately priced restaurant
4323,inform,irish food
2404,inform,i dont care
17553,request,and post code
21808,inform,im looking for a moderately priced restaurant that serves austria asian food
18774,thankyou,thank you good bye
11191,thankyou,thank you good bye
7761,request,any price
13929,request,whats their address
14527,inform,chinese
21148,request,addre
12800,request,phone number
16225,null,sil
4899,request,phone number
18266,inform,turkish
16756,request,address
7849,inform,gastropub
907,request,what is the phone number
15588,null,sil
5217,null,unintelligible
19583,thankyou,thank you good bye
20941,null,um
329,request,may i have a phone number and postcode
5584,request,phone number
20317,request,address
5092,request,what is their post code
15084,request,post code
7812,request,can i have the phone number
8561,reqalts,how about indian noise
10469,request,and whats the post code
11282,request,may i have the address and phone nymber
12876,affirm,yes
21675,thankyou,thank you good bye
20744,confirm,is it moderately priced
18859,thankyou,thank you good bye
9601,thankyou,thank you good bye
14368,request,phone number
18650,confirm,is it serving portuguese food
19912,null,breathing
16776,inform,lebanese
19588,thankyou,thank you good bye
18043,inform,dont care
3475,request,what is their phone number
23732,inform,im looking for a moderately priced restaurant in the east part of town
638,null,noise
1495,inform,i need a restaurant in the east part of town that serves creative
20393,request,what is the address
22144,request,address
10586,thankyou,thank you good bye
8597,thankyou,thank you good bye
17133,request,address
1150,affirm,perfect
8220,reqalts,how about korean now
17795,affirm,yes
22314,request,address
14556,affirm,yes
19183,inform,british food
15960,inform,food
9373,request,and the phone number
21505,inform,asian oriental
9323,reqalts,uh what about indian food
1898,inform,dont care
9500,inform,expensive restaurant that serves afghan food
12031,inform,unusual
14003,thankyou,thank you good bye
18630,request,whats the post code
12637,request,and the phone number
5884,inform,hi id like a moderately priced restaurant in the north
19611,request,phone number
20175,inform,modern european
18359,request,and its address
9594,inform,west
10800,inform,steak house
6679,request,what is the phone number
10043,thankyou,thank you good bye
21115,inform,thai
13355,request,signature dish
6072,request,address
4420,request,the post code
5252,null,noise
9961,thankyou,thank you good bye
22615,request,address and postcode
4480,request,phone number
6573,inform,if there is no such venue how about spanish type of food
8846,request,ts the phone number
1633,reqalts,what about chinese food
10210,inform,i want a restaurant that serves
9344,inform,greek food
9837,request,and the post code
1607,thankyou,thank you good bye
15085,thankyou,thank you good bye
10384,null,unintelligible
4443,inform,austrian food
1460,inform,ah i dont care
7780,inform,spanish food
20831,request,phone number
3410,inform,turkish
4400,reqalts,how about italian type of food
17035,null,i would like
10466,inform,im looking for an expensive restaurant
5204,inform,unintelligible east
20150,inform,moderate
12390,affirm,yes
322,request,what is the type of food
9553,request,the phone number
21970,reqalts,is there anything else
20432,request,address phone number price range
11129,request,what is the address phone number and post code
22597,inform,id like a moderately priced restaurant in the north part of town
21043,affirm,right
20937,thankyou,thank you good bye
7564,request,address
11791,inform,polynesian food
365,request,where is it located
9703,inform,im looking for a restaurant that serves irish food
4800,request,address
17371,inform,um in the south part of town and its cheap
17132,null,noise
5356,request,type of food do they serve
13546,affirm,ye
17394,request,could i have the phone number please
620,inform,can i have a cheap restaurant in the south part of town
9314,inform,im looking for a restaurant in any area that serves tuscan food
23767,affirm,yes that serves chinese food
10008,reqalts,is there anything else
1890,inform,in the east part of town
18722,inform,im looking for a moderately priced restaurant in the north part of town
17740,inform,serving modern european type of food
5729,reqalts,how about european
1161,inform,west
17960,request,whats their address
12365,negate,no
813,thankyou,thank you good bye
20366,affirm,yes that sells korean food
1190,request,whats the address
2916,inform,find asian oriental
2564,inform,im looking for moderate priced restaurant in the west
1926,thankyou,thank you good bye
5062,request,may i have the phone number and address please
18830,request,whats the address
18158,reqalts,how about chinese food
13334,reqalts,how about british food
16965,inform,steakhouse
15984,request,what type of food
12331,inform,north
13445,inform,south
1309,inform,dont care
4586,inform,world food
3459,request,whats the phone number
9102,request,whats the address
2424,thankyou,okay thank you good bye
6009,inform,vietnamese food
4188,inform,im looking for corsica food noise
19068,request,alright give me the address
4737,reqalts,how about modern european food
21649,inform,okay change restaurant
101,affirm,yes
12593,inform,i dont care
10521,thankyou,thank you good bye
10097,null,unintelligible
18265,inform,bistro
8359,inform,i want a restaurant that serves portuguese food
18637,request,what is the phone number
21975,reqalts,anything else
21664,thankyou,thank you good bye
23327,inform,expensive
13807,inform,im looking for a restaurant that serves singaporean food
5936,request,and type of food
22143,inform,sea food
18856,inform,im looking for a cheap restaurant with spanish food
23375,null,unintelligible
5576,thankyou,thank you good bye
14282,inform,i dont care
20087,inform,north american food
20412,inform,i would like modern european food
8429,inform,mediterranean food
5018,thankyou,thank you good bye
19490,null,sil
11505,inform,i need a cheap restaurant
974,inform,im looking for a cheap
19336,request,post code
2058,request,the post code
5202,null,unintelligible
9073,inform,caribbean food
12092,request,noise address and the post code of the venue
13219,affirm,yes
16064,inform,asian food
15992,inform,i want a french restaurant that serves expensive food
4333,inform,expensive restaurant
16271,inform,food
10260,request,what is the phone number
1464,request,the area
19047,request,what is the address and phone number and area
22726,inform,im looking for a restaurant that serves romanian food
12944,restart,reset
4775,request,any price
14208,thankyou,thank you good bye
23902,inform,thai food
17773,null,unintelligible
10814,inform,expensive
2287,negate,no
1747,inform,south
10959,thankyou,thank you good bye
16060,null,sil
4296,request,and the phone number
1338,inform,i need an expensive restaurant serving british food
2510,request,whats the price range
15684,inform,i dont care
5083,inform,south
16893,request,im looking for a restaurant in the north part of town serving french type of food
22126,inform,cheap restaurant
18933,inform,south
9870,thankyou,thank you good bye
20981,request,type of food do they serve
10756,thankyou,thank you good bye
4444,inform,spanish food
18824,reqalts,how about asian oriental food
13765,null,sigh
5383,thankyou,thank you goodbye
7618,negate,no
1461,inform,indian food
12451,request,address
8181,request,type of food
8691,request,what kind of food
19288,inform,corsica
9794,request,what is the telephone number
5725,inform,anywhere
9508,inform,cheap restaurant
5844,request,whats the phone number
4395,request,what is the address
21422,request,what type of food
2547,thankyou,thank you good bye
5746,inform,cuban food
263,inform,tuscan food
569,request,what area is it in
15963,inform,seafood
15856,null,do they have
8005,thankyou,thank you good bye
7108,inform,im looking for singaporean food
526,reqalts,how about indian food
6503,request,and their address
23605,request,phone number
15950,inform,seafood
10297,request,could i have the address and phone number of the venue
8615,reqalts,how about european food
8641,null,care
14165,inform,spanish
422,thankyou,thank you good bye
1923,confirm,is it moderately priced
12085,request,phone number
21932,thankyou,thank you good bye
11868,null,noise
23323,hello,hi i need a cheap restaurant in the south part of town
22848,inform,id like to find a restaurant in any area serving mediterranean food
1818,inform,italian
18684,null,sil
19659,inform,i dont care
18370,inform,doesnt matter
2072,inform,basque
22050,request,could i have the address
18848,affirm,ye
8853,inform,i need a moderately priced restaurant in the south
4295,request,the address
4896,thankyou,thank you good bye
6457,affirm,yes
9302,request,whats the phone number and address
16391,reqalts,how about international food
19046,inform,italian
20926,request,address
14111,inform,im looking for a expensive restaurant that serves vegetarian food
5387,request,address
12275,request,whats the address
7250,inform,any
1132,request,what is the address
7721,inform,any
20295,null,noise
7620,inform,vietnamese
22880,thankyou,thank you good bye
23556,inform,mediterranean food
11133,inform,a restaurant in the center
23048,request,whats the address
6574,reqalts,how about spanish food
2610,affirm,yes
11633,request,excellent and what is the price range of that venue
18219,thankyou,thank you good bye
7835,request,type of food
152,reqalts,any more
12483,affirm,yes
19499,inform,west
14177,inform,im looking for an expensive restaurant
5871,null,sil
5612,request,whats the phone number
13986,request,okay can i have the phone number
10733,request,what is the address and type of food they serve
9444,thankyou,thank you good bye
12046,inform,eartrain
18980,request,phone number
11093,thankyou,thank you good bye
8372,request,and the price range
23588,thankyou,thank you good bye
17294,inform,dont care dont care dont care
8570,request,noise can i get the address and phone number
7,inform,any
9726,reqalts,anything else
1065,inform,any
9020,reqalts,anything else
6683,inform,caribbean food
14624,request,what is their post code
16316,request,whats the phone number for that place
5910,inform,danish
13216,inform,i want to find a restaurant in the west part of town
18011,request,may i get the address phone number and price
13875,inform,food
1181,inform,i dont care
15715,negate,no vietnamese food
4190,inform,gastropub type food
946,request,and the post code
7814,thankyou,thank you goodbye
6115,negate,no noise
19774,thankyou,thank you good bye
4093,inform,i dont care
10019,thankyou,thank you good bye
9803,null,unintelligible
9842,request,post code
16964,inform,any area
3446,request,type of food
10876,inform,thare are different expensive restaurants in the east part of town
9853,inform,dont care
2258,thankyou,thank you good bye
9988,request,what is their phone number
15855,request,what type of food
8785,confirm,uh is there a korean restaurant in the center of town
10108,affirm,uh yes an expensive restaurant
7788,inform,spanish food
3674,inform,in the east part of the town
22079,request,and the phone number
14737,thankyou,thank you goodbye
17089,reqalts,how about asian oriental type of food
3231,affirm,right
2428,inform,vietnamese food
5728,inform,looking for a moderately priced creative food
23794,inform,portuguese
17466,inform,i dont care
21624,request,post code
19374,thankyou,thank you
10436,request,may i have the address and type of food
9125,inform,i dont care
10179,inform,mexican food
2621,inform,any area
8728,request,what is the address and phone number
3636,request,address
82,request,type of food served
4169,request,address
22131,request,phone number
10659,request,what is the phone number and post code
2278,request,telephone number
2114,inform,test food
15811,inform,i am looking for a restaurant in the center of town serving turkish food
13341,null,sil
2976,thankyou,okay thank you good bye
9774,null,noise
12339,inform,im looking for french food
6962,inform,im looking for a restaurant in the south part of town serving portuguese
9088,request,phone number
21592,inform,cheap restaurant north part of town
19059,inform,i want a cheap restaurant that serves unusual food
8931,thankyou,thank you good bye
5509,thankyou,thank you good bye
13515,deny,wrong
20576,inform,im looking for a restaurant that serves french food
1857,inform,asian oriental food
10514,request,phone number
17293,inform,dont care
11857,request,what is the address and post code
6166,request,what is the address
2086,inform,cheap restaurant west part of town
911,inform,west
19213,inform,the east part of town
8620,null,unintelligible
2729,inform,it doesnt matter
13948,reqalts,okay is there any others
9570,null,okay
6347,reqalts,what about thai food
17137,affirm,yes
4442,bye,goodbye
9111,reqalts,is there anything else
20136,thankyou,thank you good bye
23411,reqalts,what about indian then
8270,inform,cheap restaurant south part of town
18123,inform,moderately priced restaurant in the east part of town
535,thankyou,thank you good bye
19299,inform,cheap
20745,inform,moderately priced food
20027,request,what is the address
21837,negate,no well how about thai
8665,thankyou,thank you good bye
2017,request,what is the address
12828,thankyou,thank you good bye
3137,inform,i dont care
11380,bye,okay good bye
22918,reqalts,what about italian food
10664,inform,south part of town
19488,request,whats the address and phone number
20117,request,can you give me the address
8718,request,what is the address
16199,inform,bistro food
21849,thankyou,thank you goodbye
22865,request,phone number
14201,affirm,yes
324,inform,im looking for an moderately restaurant and it should be in the south part of town
15377,affirm,yeah
12526,thankyou,thank you good bye
414,thankyou,thank you good bye
3314,affirm,yes
6875,affirm,ye
1987,inform,any time
6947,inform,moderate
12850,inform,thai food
22552,request,price range
8776,request,whats the price range
10868,null,cough
17543,affirm,uh yes restaurant that serves danish food
11167,request,what is address and phone number
7155,inform,afghan
4448,inform,restaurant serving spanish food
22222,thankyou,thank you good bye
4535,request,do you have the phone number and post code
8184,hello,hi im looking for a moderately priced restaurant
16193,thankyou,thank you good bye
5720,request,what type of food does it serve
7907,request,what is the phone number
21795,null,sil
23596,request,what is the phone number
14849,request,what part of town
5817,request,what is the address
16321,inform,indian
11721,request,address
22310,request,the phone number and post code
4293,inform,a restaurant in the center that serves leban
7816,inform,i dont care
19899,request,whats its phone number
1263,request,okay and ah whats the price range
3073,thankyou,thank you goodbye
9741,affirm,yes
18574,null,sil
9772,request,address
3861,request,what is the phone number
8802,request,could i have the address and phone number
362,reqalts,is there anything serving international food
7795,request,how about the phone number
18666,request,whats the phone number
73,request,what type of food
1250,thankyou,thank you good bye
19812,inform,sea food
17488,request,what is the post code
2157,inform,dont care
1714,request,okay whats the phone number
13727,null,unintelligible
22683,thankyou,thank you good bye
12798,inform,north
14724,inform,how about restaurants in the north part of town
8167,inform,cantonese food
8126,inform,moderately priced
16448,inform,south
23844,inform,indian food
3431,inform,uh im looking for a moderately priced restaurant serving
1515,thankyou,thank you good bye
22455,thankyou,thank you good bye
12003,inform,im looking for a cheap restaurant in south part of
10737,inform,it doesnt matter in the south part of town
2803,thankyou,thank you good bye
5320,inform,barbecue
9105,inform,im looking for a restaurant that serves polynesian food
9620,inform,could i have the restaurant that serves asian oriental food
16691,inform,gastro pub
9565,inform,moroccan
8894,null,unintelligible
10165,request,the phone number
19062,reqalts,is there a restaurant that serves european food
15474,null,sil
9814,reqalts,is there anything else
2238,inform,i dont care
12062,request,phone number
13968,request,whats the phone number
5831,inform,dont care
12311,inform,cheap
6745,request,address
5147,null,unintelligible
4587,inform,italian food
1005,null,the adra
23828,request,what is the address
15136,inform,im looking for bistro food
8714,inform,i want a moderately priced restaurant that serves
12875,affirm,yes
18498,null,unintelligible
20350,inform,any
19684,inform,british food
13293,inform,modern european food
9092,inform,uh can i find a restaurant with asian oriental food
19657,inform,polynesian food
6182,null,sil
20288,inform,i want a moderately priced
15990,request,what is the phone number
13209,inform,i dont care
10524,reqalts,what about any area
4580,request,what is the phone number
21880,inform,jamaican food
8936,request,price range
7037,request,phone number
3845,affirm,right
17046,inform,im looking for a restaurant on the east part of town that serves scandinavia food
20252,inform,im looking for an expensive restaurant in the east part of town
9822,reqalts,how about one that serves korean food
12336,inform,it doesnt matter
17577,request,can i please have the phone number
16446,affirm,yes
20207,request,price range
19693,inform,portuguese food
22215,request,whats the post code
12982,request,the address
17737,request,phone number
17310,request,address
6444,request,can i have the address the phone number
13317,inform,i dont care
22225,inform,any
13486,restart,reset
17400,request,oh whats the phone number
3634,inform,i dont care
20312,request,addre
11696,inform,any type of food is okay
10478,inform,a moderately priced restaurant that serves
14451,request,post code
10489,thankyou,thank you good bye
23232,request,address phone number post code
23313,inform,uh cheap restaurant serving scandinavian food
4474,request,and whats the phone number
11988,thankyou,thank you good bye
9028,request,phone number
5114,reqalts,is there anything else
21444,request,and the phone number
14246,inform,dont care
363,inform,the south part
16198,null,unintelligible
8761,thankyou,could i or um thank you goodbye
1121,inform,im looking for a spanish restaurant
13348,inform,i dont care
3208,affirm,ok yeah
6747,request,phone number
14753,thankyou,thank you good bye
17930,inform,thai food
2076,inform,basque
13878,deny,wrong
22595,request,and the telephone number
13500,inform,asian oriental
23893,inform,noise food
21762,thankyou,okay thank you goodbye
12412,inform,sea food
3629,request,can i have the address and phone number
2513,inform,anything
22456,inform,im looking for a cheap restaurant that serves malaysian food
6181,null,sil
14534,inform,canapes
9947,request,phone number
1291,request,can i have the post code
1765,thankyou,thank you good bye
16920,thankyou,thank you good bye
3836,inform,im looking for a cheap restaurant that serves austrian food
16282,inform,russian
18085,inform,i would like a cheap restaurant
11351,thankyou,thank you good bye
19425,null,sil
16620,reqalts,how about cheap portuguese food
9873,request,address
12893,null,cough
16685,inform,polynesian food
16443,inform,cheap restaurant
19718,thankyou,thank you good bye
12027,thankyou,thank you good bye
22703,request,what is the phone number
18064,reqalts,how about turkish food
6060,reqalts,anything else
13607,inform,north
14856,inform,i dont care
3941,request,what kind of food do they serve
5921,request,what area
22377,inform,im looking for a cheap restaurant
8729,thankyou,thank you good bye
8337,inform,south
20783,request,whats the post code
3010,request,price
11208,request,what is the address
16971,thankyou,thank you good bye
22612,thankyou,thank you good bye
23164,thankyou,thank you good bye
20016,request,what is the phone number
14470,request,whats the phone number
20821,confirm,is it moderate
166,thankyou,thank you goodbye
8614,inform,im looking for an expensive restaurant and it should serve unusual food
2524,inform,any
4725,thankyou,thank you good bye
18520,confirm,is it cheap
1095,null,unintelligible
1500,thankyou,thank you goodbye
4094,request,the address and phone number
22629,inform,polynesian food
8573,request,and the address noise
6946,inform,i dont care
1276,inform,expensive restaurant east part of town
22828,inform,um anything else
22711,inform,west part of town moderately priced
12954,request,address and phone number
6478,affirm,yes
17908,inform,i dont care
14447,inform,moderate price range
10215,null,and whats the postal code
9154,inform,a moderately priced restaurant in the
14701,thankyou,thank you good bye
10398,inform,noise vietnamese
10858,request,address and phone number
4796,inform,mediterranean
20407,reqalts,okay how about modern european food
21336,thankyou,thank you good bye
23192,inform,thai
11596,request,phone number
6103,inform,north american
5135,request,phone number
1403,request,whats the phone number
11349,request,whats its address
1353,inform,signaporian
11682,request,may i get the phone number
4359,thankyou,thank you goodbye
15907,reqalts,okay how about indian food
10295,reqalts,could i have another one
10538,request,whats the phone number
19803,ack,okay um
287,inform,spanish food
1578,inform,any
17470,request,whats the address
18984,inform,any
20779,inform,any
8513,request,price range
593,inform,restaurant in the west part of town serving moroccan food
7912,request,and the phone number
4268,inform,it does not matter
8721,thankyou,thank you goodbye
15851,inform,im looking for an expensive restaurant in the south part of town
7881,null,noise
23140,request,what price range
9597,thankyou,thank you
11298,request,phone number
2682,inform,north
18605,request,can i have the address of that
9622,thankyou,thank you good bye
11798,inform,belgian food
16148,reqalts,are there any barbecue restaurants
23937,inform,thai
21020,null,unintelligible
5143,thankyou,okay thank you good bye
22679,inform,i want french food
19630,inform,im looking for a moderately priced restaurant
19275,inform,creative food
15781,inform,chinese
2550,inform,i dont care about the price range
10641,inform,i dont care
10908,reqalts,anything else
1735,null,sil
8288,inform,i dont care
586,thankyou,thank you good bye
6904,inform,moderate
13810,inform,gastropub
17215,inform,moderate
8804,thankyou,thank you good bye
18329,thankyou,thank you goodbye
21092,inform,moderately priced
3319,request,address phone number area
23945,inform,thai food
18846,inform,world
5615,inform,im looking for a cheap restaurant in the north
22914,inform,french
7151,thankyou,thank you good bye
19460,inform,cheap unintelligible food
275,reqalts,how about korean food
7710,inform,center
22873,thankyou,thank you good bye
22343,request,what is the area of the venue
17252,request,may i have the phone number
19804,request,whats the address
22006,inform,center
7028,inform,moderately priced
22958,request,whats the address
14663,thankyou,thank you good bye
10964,inform,i would like an expensive restaurant in the east part of
13725,reqalts,how about canape
18542,reqalts,is there anything else
20664,thankyou,thank you good bye
4099,negate,no im looking for turkish
3151,inform,cuban
15538,inform,cheap
16817,negate,no
9437,inform,im looking for a cheap restaurant in the north part of town
13909,inform,moderately priced
7523,affirm,yes
11080,bye,uh thank you and good bye
20015,inform,south part
5790,request,type of food
4048,inform,it doesnt matter
11870,inform,im looking for an expensive restaurant in the
17870,request,what area is it in
20907,reqalts,what about a restaurant in the east part of town that serves indian type food
14983,thankyou,thank you good bye
12865,negate,no
10513,request,address
21520,thankyou,thank you good bye
14826,thankyou,thank you good bye
2102,null,okay
709,thankyou,thank you good bye
15443,negate,no
21027,thankyou,thank you good bye
13867,inform,hungarian food
17597,request,what type of food
5504,thankyou,thank you good bye
16841,inform,im looking for a restaurant in any area
19501,inform,thai food
17900,null,noise
16268,request,type of food
1088,thankyou,thank you good bye
9516,inform,german food
12998,request,give me the address phone number and price range
8154,request,um whats the phone number
8098,request,phone number
10271,inform,west
20634,thankyou,thank you good bye
12940,inform,south
10818,reqalts,anything else
7445,inform,expensive korean food
14465,request,and the phone number
4385,inform,west
19548,request,whats their address
5300,inform,chinese food
17910,request,what area
2253,inform,center
5409,affirm,yes
6474,inform,russian
7309,request,what is the address and phone number
13679,null,sil
4690,affirm,yes
14545,affirm,right
10866,request,price range
1790,inform,persian
3334,inform,can you tell me about an expensive restaurant in the south
15602,request,address
7670,confirm,okay is it in the west part of town
10660,thankyou,thank you good bye
4526,inform,any
8517,affirm,yes
22261,null,um
7332,inform,center
21348,inform,center
5567,reqalts,anything else
1873,affirm,ah yes im looking for persian food and i dont care about the pri
19854,inform,i dont care
12984,inform,im looking for a cheap restaurant in the south part of town
8711,request,can i have the phone number and the area
17767,inform,dont care
23985,inform,lebanese
3608,inform,south
5035,thankyou,thank you good bye
22205,request,and the phone number
13097,null,sil
13363,inform,doesnt matter
20109,null,breathing
10545,thankyou,thank you goodbye
15220,negate,no thai
14081,inform,doesnt matter
21353,inform,moderately priced restaurant
20721,request,okay can i have the address
21095,inform,moderate
18179,null,noise
3320,thankyou,thank you good bye
1640,inform,the north
8094,thankyou,thank you good bye
6552,confirm,is it moderately
769,negate,no
18580,request,address
23729,reqalts,anything else
21729,inform,any
20978,inform,i dont care
17052,thankyou,thank you good bye
17887,thankyou,thank you goodbye noise
10776,thankyou,thank you good bye
17143,reqalts,how about indian food
13755,inform,center
17438,inform,any
8956,inform,fusion food
5355,inform,gastropub
12452,thankyou,thank you good bye
5764,inform,italian food
8213,request,whats the price range
14817,request,can i have the phone number
12827,request,address and the post code
10077,inform,italian
19409,inform,any
22096,thankyou,thank you good bye
13421,inform,im looking for a cheap restaurant in the east part of town
17401,thankyou,thank you good bye
15105,thankyou,thank you good bye
8000,inform,italian
13032,thankyou,thank you good bye
22529,request,address
21774,request,great whats the address
15424,reqmore,more
20050,thankyou,thank you good bye
19510,inform,i dont care
10122,inform,i would like a restaurant that serves thai food
3169,request,noise breath whats their phone number
8588,thankyou,thank you good bye
9395,inform,im looking for an expensive restaurant
20499,bye,good bye thank you good bye
12519,thankyou,thank you goodbye
855,inform,austrian
1363,inform,basque food
922,inform,im looking for a moderately priced restaurant
10841,inform,cheap
17195,inform,okay moderate price range gastropub
23294,request,uh whats the phone number
11780,inform,i want a moderately priced restaurant in the west part of town
8073,request,whats the address
11852,request,address
22802,request,phone number
10723,thankyou,thank you good bye
5485,confirm,is it in the south part of town
9228,request,type of food
7900,inform,im looking for a restaurant in the north part of town
11730,request,post code
19233,inform,im looking for an expensive restaurant and it should be in the south part of town
8434,request,what is the post co
4505,inform,canapes
5558,inform,spanish
17977,request,what kind of food does it serve
5739,inform,any
12725,negate,no
16311,request,type of food
1919,inform,doesnt matter
16788,affirm,yes i would like to know the address
7713,request,phone number
16002,reqalts,anything else
22863,request,phone number
9484,inform,are there any restaurants in the center of town
7351,inform,north
22643,request,what is the phone number please
6331,request,what is the address and phone number
3413,inform,dont care
20043,inform,any part
1622,request,can i have the phone number and the address please
8624,request,whats the address
15941,inform,portuguese food
9008,reqalts,how about cantonese food
21942,inform,im looking for a moderately priced restaurant in the north part of town
15593,inform,chinese food
2925,inform,im looking for a restaurant in the north part of town that serves french
20813,negate,no
1434,inform,expensive
8924,inform,im looking for an expensive restaurant in the east part of t
3775,thankyou,thank you
17048,inform,im looking for a restaurant in the east part of town serving chinese food
4086,inform,thai food
10202,request,okay good whats the address and phone number
1257,affirm,ah yes can i get a restaurant that serves french food
17902,inform,noise center
1022,reqalts,is there anything else
13349,affirm,yes
13879,inform,hungarian food
15753,request,and whats the price range
3435,reqalts,what about indian food
14231,inform,can i have a restaurant in the center
21360,inform,south
8369,affirm,yes
17762,hello,hello
23899,request,post number
23300,request,address
22608,inform,vegetarian food
17875,request,what is the address
9733,inform,any
15284,inform,moderate
21967,request,phone number
9807,inform,mediterranean
17803,null,sil
8387,inform,indian
14459,inform,west part of town
1137,inform,german food
793,request,address
2954,thankyou,thank you good bye
8825,request,whats the phone number
15736,hello,hi noise
12969,thankyou,thank you good bye
7896,inform,im looking for an expensive restaurant in the east part of town
592,thankyou,thank you good bye
14413,inform,portuguese food
10479,inform,vietnamese
2477,reqalts,anything else
23295,thankyou,thank you good bye
14691,inform,italian food west part of town
4376,inform,im looking for a restaurant that serves thai food and i dont care about the price
20588,request,phone number
4888,inform,catalan food north part of town
23018,inform,id like a portuguese restaurant
7204,thankyou,thank you goodbye
12467,null,noise
8769,inform,i need to find a french restaurant
12193,request,phone number
13687,inform,west
2730,request,how about the phone number
5227,inform,im looking for an expensive restaurant that serves european food
12148,inform,i want to find an expensive restaurant that serves korean food
23745,inform,asian oriental
4127,inform,moderate
7773,thankyou,thank you goodbye
21556,inform,i want brazilian food
12076,request,what is the phone number
2081,inform,moderately priced restaurant in the east
4733,affirm,yes
14641,affirm,yes cheap
13190,reqalts,is there anything else
21066,request,what kind of food does it serve
5861,request,id like the phone number of the restaurant you just told me
21765,thankyou,thank you good bye
17612,request,phone number
21354,affirm,yes
10203,request,phone number
13695,inform,restaurant in the east part of town
18267,inform,north
22562,request,phone number
575,request,what is the address
6333,inform,im looking for an expensive restaurant serving asian oriental
2699,inform,the south part of town
7913,bye,okay thank you and good bye
8097,request,phone number
15251,inform,restaurant center serves spanish food
3124,inform,spanish
6966,inform,portuguese
9229,thankyou,thank you good bye
9679,request,price range
4961,request,address
3892,negate,no
565,thankyou,thank you good bye
23914,thankyou,thank you good bye
10515,thankyou,thank you good bye
12622,reqalts,what about a moderately priced restaurant in the south part of town
13130,affirm,right
11553,request,phone number
5051,thankyou,thank you good bye
12080,inform,cheap
21269,thankyou,thank you good bye
23580,inform,asian
22265,thankyou,thank you good bye
13766,inform,expensive
4019,request,can i get the address
9706,null,sil
3612,reqalts,is there anything else
4968,request,what is the address
14109,request,what is the phone number
3976,request,whats the address
7847,negate,no
6274,request,can i have the address phone number and
15382,inform,corsica
23220,inform,mexican food
14957,request,uh could you repeat the phone number
8601,thankyou,thank you good bye
23558,inform,portuguese food in the south part of town
463,affirm,yes hi im looking for a restaurant in the north
15432,inform,i want to find chinese food
12832,inform,moderate
9277,inform,south part of town
17249,inform,expensive restaurant in the east part of town
22657,request,where is it
15525,reqalts,what about chinese food
2600,negate,no
10373,request,area
3271,inform,any
19205,inform,asian oriental
13378,inform,and the north
15513,inform,south
19391,request,can i have their phone number
23753,request,and whats the post code
6127,reqalts,how about european food
7544,request,can i get their phone number
19931,affirm,yes
12219,inform,south
7884,request,can i have the phone number
8983,inform,vietnamese food
12454,null,make a suggestion
6316,inform,cheap australian
23405,request,can i get the address
20247,inform,im looking for a moderately priced restaurant in the west part of town
14614,inform,unusual food
8442,affirm,yes can i have an expensive restaurant in the east
19401,inform,doesnt matter
5818,thankyou,thank you good bye
1296,null,unintelligible
9571,inform,i need a cheap restaurant in the south part of town
12666,reqalts,how about vietnamese food
21068,request,what is the phone number
15252,inform,center
2788,inform,danish food
21216,inform,south part
22646,null,noise
4111,request,and the phone number
13669,null,unintelligible
9926,thankyou,thank you good bye
1129,inform,what about other areas
13084,inform,moderate
15041,inform,i want an expensive restaurant in the east part of town
1010,reqalts,how about caribbean food
18944,inform,i want a restaurant in the east part of town that serves singaporean food
17026,thankyou,thank you goodbye
13218,reqalts,how about british
23381,thankyou,thank you
501,request,phone number
11664,request,phone number
4638,request,what is the phone number
12709,inform,moderate
4240,inform,im looking for mediterranean food
18198,thankyou,thank you good bye
2742,reqalts,how about vietnamese
11416,affirm,yes
5543,request,can i have the phone number
8565,null,noise
19737,thankyou,thank you good bye
15577,null,sil
22170,thankyou,thank you good bye
19032,inform,doesnt matter
5185,inform,chinese food
16033,thankyou,thank you good bye
12231,inform,im looking for a restaurant in the south part of town that serves christmas food
14142,inform,it doesnt matter
5038,inform,moderate
5006,request,what is the address
1202,inform,south part
401,inform,looking for a restaurant in west part of town serving cantonese
13579,inform,in the center part of town
14674,affirm,yes
16281,inform,food
8878,null,opean
2454,inform,signapore
315,inform,i dont care
1012,request,what is the address
5065,inform,restaurant and it should be
4223,thankyou,thank you good bye
19992,inform,moderately priced in south part
9633,inform,im looking for something cheap
20260,reqalts,how about thai food
5350,inform,im looking for a restaurant in the moderate price range
3502,request,what is the post code
14991,thankyou,thank you good bye
15677,inform,any
14021,thankyou,thank you good bye
16754,null,sil
18472,request,phone number
321,request,what is the phone number
16976,request,address
23153,null,um
20986,thankyou,thank you good bye
896,thankyou,thank you good bye
2476,inform,indian
1519,inform,brazilian
19303,request,what type of food do they serve
13063,inform,hungarian
5371,request,phone number
9623,null,sil
8533,request,can i have the address please
7331,inform,north
8668,inform,cheap
13665,null,unintelligible
9732,thankyou,thank you good bye
22773,inform,thai food
8447,request,can i get the phone number
9159,request,can i get the address
11307,inform,im looking for asian oriental food
1401,inform,expensive
22607,thankyou,thanks us
3570,request,may i have the address and phone number
8173,request,phone number
5679,thankyou,thank thank
1440,inform,do you have any asian oriental food
5184,inform,chinese food
20665,inform,moderate restaurant south part of town
21314,inform,system im looking for expensive restaurant
5253,inform,moroccan food
14273,negate,no im looking for eritrean food
12297,reqalts,what about chinese type of food
2444,inform,british food
168,inform,south
10682,inform,greek food
19729,request,tell me the post code
16807,request,address
12930,thankyou,thank you good bye
3505,request,what is the address
10593,null,is there
7731,thankyou,thank you good bye
4646,inform,expensive
18994,inform,north
14605,inform,looking for a cheap restaurant east part of town
17883,request,price range
229,inform,asian oriental food
23293,inform,south part of town
2670,thankyou,thank you good bye
4136,inform,i dont care
21302,null,whats the
13558,null,aristrain
20603,inform,any
5789,request,phone number
16901,request,what is the phone number
9416,thankyou,thank you good bye
19084,null,noise
16484,request,may i have the address phone number and postcode
3531,request,price range
12109,inform,looking for a restaurant that serves portuguese food
12513,reqalts,how about chinese food
6831,inform,that serves japanese food
503,thankyou,thank you good bye
10494,inform,i would like an expensive restaurant in the south of town
6505,inform,i need a cheap restaurant in the south part of town
15655,request,how much is the food
19442,thankyou,thank you good bye
16257,inform,portuguese
14738,inform,unintelligible restaurant in west part of town
801,request,whats the price range again
12653,negate,no
19503,affirm,right
22613,inform,moderately priced priced restaurant
2811,inform,i dont care
9951,inform,im looking for a cheap restaurant in the east part of to
5514,request,whats the phone number
15114,inform,chinese food
18868,request,phone number
11326,request,what area is it in
15096,inform,asian oriental
7422,thankyou,thank you good bye
12286,inform,i need a restaurant that serves canape
8745,thankyou,thank you good bye
5527,negate,no
6013,inform,it doesnt matter
1616,request,where are they located
11820,request,address
15229,inform,im looking for thai food
15575,request,whats the phone number talking
12358,inform,cuban food
11727,thankyou,thank you good bye
5393,reqalts,could you give me another venue
1079,reqalts,is there anything else
13525,request,and whats their price range
7131,reqalts,how about british food
22876,null,noise
8806,reqalts,how about a turkish restaurant
4222,request,what is the address
5044,negate,no
6582,request,address
15275,request,what is the address
4110,request,whats the address
19825,inform,polynesian
4507,affirm,right
18735,inform,expensive
15735,null,noise
8029,inform,um east part of town
13437,request,address and food
22578,request,whats the address
23365,thankyou,thank you good bye
1120,thankyou,thank you good bye
21172,request,what is their phone number
187,thankyou,thank you good bye
3539,request,can i get the address phone number and price range
22642,null,noise
3867,request,what is the address
4183,inform,spanish
7310,thankyou,thank you good bye
9286,thankyou,thank you goodbye
7133,request,can i get the phone number
5296,inform,food
13166,request,phone number
15072,request,and what is the address
7695,thankyou,thank you good bye
14842,inform,malaysian
4387,request,the phone number
13616,inform,im looking for a moderately priced resturant in the east part of town
19934,request,phone number
7719,inform,mediterranean
23600,reqalts,how about turkish
1306,thankyou,thank you good bye
1538,null,noise
21146,request,serves what
7923,null,sil
17626,request,area
20625,inform,moderately priced restaurant
338,thankyou,thank you good bye
12424,thankyou,thank you good bye
19802,inform,uh it doesnt matter
12411,null,is
23673,thankyou,thank you good bye
5908,thankyou,thank you goodbye
2663,request,post code
6510,inform,iam looking for a restaurant in any area that serves swiss food
19153,reqalts,anything else
9095,inform,expensive restaurant
425,inform,christmas food
1384,inform,uh it doesnt matter
17236,inform,indian
8330,thankyou,thank you good bye
23083,request,and whats the phone number
934,request,phone number
10017,null,uh what is the
20823,inform,spanish food
13289,inform,swedish food
14082,inform,i dont care
6991,inform,the north part of town
8521,null,noise
9438,request,whats the address
14479,null,dress
10146,request,phone number
16044,request,whats the area
4956,inform,catalan
23734,request,can i get the phone number
15496,thankyou,thank you good bye
4417,request,the address
22141,inform,sea food
19061,reqalts,how european food
11360,thankyou,thank you good bye
8674,inform,north american
23141,request,expensive price range
11827,request,whats their address
23110,inform,and british food
14202,affirm,right
14687,inform,west
14847,inform,i dont care
22044,request,what is the phone number
17271,request,whats the phone number
22032,inform,turkish
2754,null,im
5823,request,phone number
734,reqalts,how about indian food
14688,negate,no
4237,reqalts,how about mediterranean food
20305,inform,can i have an expensive restaurant
12754,inform,north part of town please
15430,inform,serve persian food
9070,thankyou,okay thank you good bye
17912,request,what area is it in
7150,request,what is the phone number
915,request,what is the address
527,affirm,yes
4510,thankyou,thank you good bye
5047,inform,im looking for fusion food
7638,inform,im looking for expensive welsh food
8965,request,whats the address
9905,inform,indian food
13816,request,and the phone number
22039,thankyou,thank you good bye
20452,thankyou,thank you
3820,thankyou,thank you good bye
3242,inform,italian food
3852,inform,dont care
22713,request,the address
20638,reqalts,how about thai food
12591,inform,um asian oriental restaurant
6660,inform,a cheap restaurant east part of town
20543,request,could i have the address and phone number please
23088,request,address
22526,inform,asian food
7804,negate,no caribbean
1812,inform,i dont care
20762,inform,uh i dont care
157,inform,christmas food
19055,reqalts,anything else
13839,inform,id like an expensive restaurant in the east part of town
2015,confirm,does it serve indian food
5505,inform,id like an expensive restaurant in the south part of town
12852,inform,thai
8915,inform,im looking for a cheap restaurant in the west part of town
10177,request,phone number
3537,affirm,yes
6136,inform,i dont care
215,inform,i dont care
5354,request,what type of food
5167,inform,cheap restaurant east part of town
17946,inform,south
19249,request,address
18513,inform,moderate
6835,inform,im looking for a restaurant in the east part of town that serves hungarian food
6428,request,phone number
17239,thankyou,thank you good bye
7994,request,whats the address
7306,thankyou,thank you good bye
3847,thankyou,thank you goodbye
12874,affirm,yes moderate priced
3994,inform,im looking for kitalian food in an expensive res
14240,affirm,yes
13112,reqalts,new garden do you have any other
20633,request,phone number
9255,request,what is the address phone number
19553,inform,a restaurant south part of town
14554,null,noise
13564,inform,cheap
9638,null,noise
7741,inform,any type of area
9364,request,phone number
22584,reqalts,anything else
23280,inform,gastropub
12033,inform,south
19972,inform,im looking for a
10797,null,unintelligible
17331,inform,serves lebanese food
11357,null,unintelligible
22197,request,phone number
8606,request,and what is the price range
12870,inform,moderate
3854,request,address
4791,reqalts,is there anything else
19666,null,care
22533,inform,south
23776,request,uh whats the address and phone number
2795,inform,chinese food
6714,inform,dont care
12302,request,what is their address
19025,request,whats the phone number
15273,affirm,yes
14184,request,whats the address
5805,request,address and phone number
22285,inform,south
16208,request,can i have the phone number
3818,null,unintelligible
13168,inform,i am looking for an expensive restaurant in the south part of town
18703,inform,moderately priced
8433,request,what is the address phone number and post code
7263,inform,dont care
17121,affirm,yes
12862,inform,in the west
21185,request,noise what is the area
15036,inform,cheap
5923,request,the address
2531,request,the address
3217,request,phone number
5634,affirm,yes part of town
6451,reqalts,anything else
17065,affirm,yeah i need to find
8107,thankyou,thank you good bye
11114,inform,i dont care
7272,reqalts,what about indian food
10068,thankyou,thank you good bye
17116,inform,serves halal food
19723,inform,i need a moderately priced restaurant
16168,request,whats the address
2334,affirm,yea
6918,thankyou,thank you good bye
8338,inform,south
22882,inform,any
14970,inform,chinese oriental
10680,thankyou,thank you good bye
14896,inform,enlish
20296,inform,moderate
5291,reqalts,anything else
13327,inform,chinese food
20038,inform,i dont care
13751,inform,center
7751,inform,uh cheap restaurant
15951,inform,seafood
20249,request,can i have the address and post code
22305,request,phone number
20443,request,what is the address
20901,request,address
21791,inform,gastropub
4740,inform,any
16327,request,price range
5606,request,could i have its phone number
6818,request,uh i want to know the address and phone number
3495,negate,no there is no such venue how about portuguese food
8364,inform,im looking for a restaurant in the north part of town
10754,request,what is the address
210,request,what type of food is this
13638,thankyou,thank you good bye
10601,request,what is the price range of this venue
16125,inform,expensive
6369,null,serve
45,inform,part of town that serves chinese food
1170,request,can i get the phone number
4867,request,okay can i have the phone number and address
3396,thankyou,thank you good bye
327,thankyou,thank you good bye
7696,inform,i dont care
8819,reqalts,is there anything else
2660,inform,vietnamese
13688,inform,west
15434,affirm,yes
15850,inform,and it should be in the south part of town
11356,null,unintelligible
10102,null,unintelligible
3428,request,can i get the address and phone number
14444,thankyou,okay thank you good bye
3638,inform,im looking for a cheap restaurant that serves swedish food
3525,thankyou,thank you good bye
36,thankyou,thank you good bye
20648,affirm,uh yes a cheap restaurant
23254,request,address
10375,null,unintelligible
10889,inform,i dont care
23463,reqalts,what about italian
22353,null,noise
8978,thankyou,thank you
12067,inform,expensive
8025,reqalts,is there another restaurant that serves portuguese food
20832,request,post code
15438,request,may i have their address and phone number
4858,inform,any area
4193,inform,gastropub type foo
13950,request,can i have the address of the last one
22619,null,how about
4066,inform,south part of town
19016,thankyou,thank you good bye
14284,request,what area is it in
19139,request,address
5293,request,phone number
20246,thankyou,thank you good bye
21388,request,address phone number
15859,thankyou,thank you goodbye
8219,reqalts,how about korean food
2353,request,whats the price range
15968,request,can i get the phone number
12337,request,address
4681,inform,i dont care
4538,bye,goodbye
6518,inform,looking for corsica food in an expensive restaurant
6651,request,whats the phone number
6844,inform,expensive
21940,request,whats the address
21006,request,could i have the address and phone number please
4117,request,address
9258,request,what is the phone number
20166,inform,like to find a restaurant in the east part of town and it should serve indian food
7211,inform,north american food
22471,null,sil
19973,inform,restaurant that serves can canapes food
11458,inform,jamaican
116,thankyou,thank you good bye
11786,reqalts,is there anything else
1470,reqalts,how about indian food
1708,request,phone number
3883,null,any thing else
16141,inform,chinese
8366,reqalts,how about indian food
783,thankyou,thank
2228,inform,food
21461,reqalts,how about korean food
869,request,what is the price range
8437,inform,it doesnt matter
13295,request,address
10117,inform,british food
1637,request,and the phone number
11234,request,what is the post code
9888,request,what is the address
6157,reqalts,how about modern european food
17134,thankyou,thank you good bye
12946,inform,chinese
13074,inform,i need a restaurant in the east part of town
20416,bye,stop it
11478,thankyou,thank you good bye
14229,inform,can i have a restaurant in the center
17897,inform,south
23523,request,what is the price range
11428,request,phone number
578,thankyou,thank you good bye
6589,reqalts,is there any restaurant
20817,inform,african food
11529,inform,asian oriental food in the centre
3633,inform,it doesnt matter
533,request,phone number
6147,inform,vietnamese food
16396,thankyou,thank you good bye
4081,inform,im looking for irish food in any price range
16389,thankyou,thank you good bye
10502,inform,italian
4302,thankyou,thank you good bye
921,thankyou,thank you good bye
15343,inform,cheap restaurant
274,thankyou,tv_noise thank you goodbye
18679,request,phone number
21994,request,phone number
15919,inform,north part of town austral asian food
20202,request,may i have its address
10618,inform,food
22917,inform,i need a caribbean restaurant in the south part of town
10948,inform,moderately
13377,inform,asian oriental
9477,null,um hm
4182,hello,hi i need a restaurant in any area
10143,inform,portugeuse food
14789,inform,greek restauran
14004,inform,restaurant west part of town japanese food
5345,inform,i want gastropub
2133,thankyou,thank you good bye
14535,reqalts,what about asian oriental food
732,inform,id like a austrian restaurant in the south part of town
9206,thankyou,thank you good bye
14672,inform,cheap restaurant
8973,thankyou,thank you good bye
19189,inform,doesnt matter
13551,request,address phone number and post code
11210,thankyou,thank you good bye
7527,thankyou,thank you good bye
19940,null,sil
22397,request,what type of food
19838,inform,french food
8399,inform,i want a moderately priced restaurant in the north part of town
7716,thankyou,thank you good bye
12926,inform,any
3658,inform,cheap
14677,request,phone number
10430,request,what is the address
7231,inform,i dont care
13560,negate,no
702,request,and the phone number
19239,thankyou,thank you good bye
9387,thankyou,thank you goodbye
10792,request,address and phone number
7621,inform,im looking for a
17677,inform,portugese
12736,inform,i want to find a cheap restaurant
193,request,whats the phone number
13291,null,sil
19761,inform,im looking for an expensive restaurant in the east town
10236,thankyou,thank you good bye
17261,thankyou,thank you good bye
15276,request,what is the price range
1055,inform,im looking for a restaurant in the west part of town that serves caribbean
9996,thankyou,thank you goodbye
5565,inform,any
12065,inform,i am looking for a modern european food
13298,inform,uh that serves catalan food
22119,affirm,yea
5444,inform,any
3147,affirm,yes
10666,request,address
16962,thankyou,thank you good bye
21742,null,unintelligible
20720,request,what type of food
21426,request,phone number
23871,inform,expensive
19154,reqalts,is there anything else
14226,inform,irish food
6515,thankyou,thank you good bye
12190,request,phone number
12976,request,whats their phone number
19656,inform,i dont care
9672,request,price range
13424,inform,doesnt matter
8988,inform,west
14375,request,phone number
6605,request,and the phone number
18279,confirm,does it serve polynesian food
22946,reqalts,is there anything else
8275,inform,south part of town
7228,request,what is the area
4439,request,may i have the address
12402,reqalts,how about portuguese food
15331,inform,yea im looking for a restaurant in the moderate price range serving vietnamese food
23148,request,what is the address phone number and price range
23735,thankyou,thank you good bye
4043,reqalts,how about indian food
15058,inform,breath i would like port portuguese food
19227,null,noise
8454,thankyou,thank you good bye
4660,request,what is the address
11110,request,phone number and post code
7963,inform,i dont care
11541,inform,restaurant in the west part of town serving barbecue
3950,null,unintelligible
19944,null,unintelligible
21851,inform,a restaurant in the center that serves mediterranean food
13802,thankyou,thank you good bye
837,thankyou,thank you good bye
11974,inform,im looking for world food
7990,inform,the south part of town
4249,inform,any
16819,inform,im looking for portuguese food
11964,thankyou,okay thank you good bye
11855,inform,any part of town
4765,reqalts,how about british food
1112,request,where is it
22402,reqalts,anything else
1269,ack,kay um
20349,thankyou,thank you good bye
1438,inform,danish
4633,null,none
18921,inform,dont care
1272,inform,any type of food
3342,inform,international
19364,reqalts,anything else
19725,inform,unitelligible food
14054,inform,moderate
21031,reqalts,how about french food
2809,inform,in the center that serves unintelligible asian
1238,request,kay can i get their phone number please
19965,inform,cheap restaurant that serves vegetarian food
7765,inform,looking for austrian food in the center of town
9384,request,what is the address
6646,inform,any
16785,inform,im looking for a cheap restaurant
7785,negate,no
16288,null,what about
16336,inform,vietnamese
16224,null,sil
21946,request,whats the phone number
2491,inform,im looking for cheap food in the north of town
15206,inform,thai food
23073,inform,id like a restaurant that serves thai food
16530,affirm,yes
6983,null,noise
7857,request,what is the address
3931,bye,great thank you goodbye
5549,inform,spanish
9235,reqalts,how about asian oriental food
17471,request,whats the phone number
12217,inform,corsica food
6527,inform,indian food
2701,reqalts,is there anything else
21857,thankyou,thank you good bye
7046,request,post code
2355,inform,i am looking for a moderately priced restaurant in the south
8534,request,and the phone number
2569,reqalts,what about chinese food
6483,negate,no lebanese how do you say it
13601,inform,i am looking for a cheap restaurant in the north part of town
13307,affirm,yes
3955,null,unintelligible
6226,request,what about your signa
11378,request,phone number
20405,inform,i would like crossover food
3894,inform,west
17927,reqalts,what about thai food
15745,inform,im looking for a restaurant in the south part of town and it should serve chinese food
9076,request,and their phone number
18602,inform,im looking for something moderately priced
21629,reqalts,how about french food
18460,affirm,yes in the moderately priced
3512,affirm,yes
23059,thankyou,thank you good bye
15416,affirm,yea
17222,request,address
2614,inform,catalan
5482,inform,indian
13022,inform,moderate
14132,request,what is the phone number
15477,thankyou,thank you good bye
23690,reqalts,anything else
20980,request,type of food
12053,null,unintelligible
759,inform,i dont care
11163,inform,restaurant
19692,inform,polynesian food
16555,reqalts,how about chinese food
20911,inform,expensive food in the south of town
5974,null,unintelligible
7447,request,address
13581,inform,mediterranean
17675,null,unintelligible
11837,inform,south
23176,thankyou,thank you good bye
14756,inform,greek food
6026,inform,south of town
15014,request,whats the address
22263,inform,doesnt matter
3620,affirm,yes
17635,request,address
20111,inform,it doesnt matter
9854,inform,any price range
3930,request,whats the phone number
6131,inform,it doesnt matter
466,request,and the phone number
6099,request,and the price range
7232,reqalts,anything else
491,request,address
23265,request,whats the address
18003,inform,im looking for a restaurant in any area it should serve gastropub food
9600,inform,scandinavian food
4983,inform,italian food
83,thankyou,thank you
4347,thankyou,thank you good bye
17393,inform,i dont care
175,inform,west
9796,inform,im looking for a moderately priced restaurant that serves
13806,null,music
14938,inform,i need a moderately priced restaurant in the south part of town
22550,request,phone number
6208,inform,center
14705,request,phone number
6748,thankyou,thank you goodbye
10059,thankyou,thank you good bye
19894,inform,west side
12931,inform,im looking for a cheap restaurant in the west part of town
10765,inform,north american food
13698,request,address
22395,null,sil
19159,thankyou,thank you good bye
22066,inform,im looking for a restaurant in the center of town that serves romanian food
1254,confirm,does it serve chinese type of food
22053,reqalts,how about european food
7692,inform,anything
13999,inform,i dont care
15413,request,what is the address
11016,request,a phone number please
1698,inform,i need a place that serves spanish food
16531,inform,asian oriental
5614,thankyou,thank you good bye
10759,reqalts,what about korean food
15800,null,noise
20578,inform,french
23282,request,phone number
21318,request,address and phone number
23697,inform,im looking for a cheap restaurant in the east part of town
17301,request,phone number
13260,request,where is the address and phone number
18863,thankyou,thank you good bye
19554,inform,south part of town
1119,request,whats the address and phone number
11262,reqalts,how about vietnamese food
13047,affirm,yes
20298,inform,any
21634,null,unintelligible
12185,request,what is its address
21203,request,may i have the address and phone number
14084,request,whats its number
3521,thankyou,thank you good bye
23663,thankyou,okay thank you good bye
1273,inform,expensive
15023,reqalts,what about chinese in the south part of town
23277,thankyou,thank you good bye
6869,inform,turkish food
16179,inform,portuguese
14232,inform,it doesnt matter
19651,inform,i dont care
21924,request,whats the phone number
13789,inform,any price range
2462,inform,doesnt matter
21294,null,noise
8997,thankyou,thank you goodbye
15258,request,phone number
3964,inform,i dont care
599,inform,moroccan food
12293,thankyou,goodbye thank you
1080,request,and the phone number
21460,inform,im looking for a restaurant in any area of town that serves belgium food
4076,inform,any area
1083,inform,cheap restaurant in he north part of town
19687,affirm,yes
23304,inform,greek
10939,request,what is the address
8548,request,the price range
6215,reqalts,anything else
8549,thankyou,thank you good bye
9859,inform,dont care
19076,null,noise
23328,request,what is the phone number
7547,inform,id like a restaurant in any area that serves
2662,request,address and
15122,inform,portugese
14045,null,sil
13299,inform,catalan food
7220,inform,venesian
11327,thankyou,thank you good bye
17148,request,what is the address
15502,thankyou,thank you good bye
10255,thankyou,thank you good bye
23285,request,location
4506,reqalts,uh are there any restaurants serving chinese
7671,request,okay and can i get the address
4967,inform,any
16870,thankyou,breath thank you goodbye
20218,inform,swiss
1169,request,can i get the address
15620,inform,i need to find a cheap restaurant
17005,request,what is the phone number
6657,request,whats the address
5500,inform,im looking for moderately priced restaurant
13864,inform,hungarian
20162,reqalts,is there anything else
20570,inform,east part
15302,request,address
13862,inform,hungarian food
776,inform,halal
23167,request,could i have the address and phone number
23667,confirm,is it an expensive restaurant
1563,inform,i dont care
7918,inform,west
10806,inform,moderately priced
12581,request,what is the phone number
8255,inform,north
14788,null,is there
7591,inform,center
22808,inform,do you have cuban food
16953,request,what is the address and post code
11427,inform,asian oriental food
3454,inform,any food
22388,null,okay
4423,inform,vegetarian food please
23521,inform,mediterranean food
15138,inform,asian oriental
16354,inform,expensive
22672,request,what is the address
2817,request,and phone number
8720,request,what is the area
9081,inform,asian
587,inform,i want a restaurant in the north part of town that serves kosher
22969,request,post code
16761,inform,dont care
7674,bye,okay thank you and good bye
21883,inform,mediterranean
1256,thankyou,thank you good bye
14040,negate,no chinese
15703,affirm,yes serving chinese food
19748,inform,dont care
15868,thankyou,thank you good bye
15130,inform,im looking for indian food in the east part of town
23247,null,thats all
20851,request,phone number
10447,inform,italian
17226,inform,any kind of food id like a cheap restaurant
16803,thankyou,thank you good bye
19815,thankyou,thank you good bye
15706,request,and what is the price range
3790,thankyou,thank you good bye
9759,affirm,yeah im looking for a moderately priced restaurant
9990,request,what is their post code
11881,request,whats the telephone number
318,thankyou,thank you goodbye
21233,request,may i have the phone number please
4529,thankyou,thank you goodbye
13646,inform,im looking for a restaurant in the east part of town serving swiss food
13770,inform,vietnamese vietnamese food
20873,request,price range
14835,request,phone number
17884,request,price
14718,inform,cheap food
20521,thankyou,thank you good bye
23041,request,whats the price range
10266,null,knocking
15542,null,noise
16710,request,and what is the post code
10673,request,phone
1173,null,unintelligible
18480,thankyou,thank you good bye
3644,request,what is the phone number and address
7177,reqalts,how about italian food
13300,negate,no
23897,inform,any
4786,request,whats their address
23582,request,phone number
4307,request,ah a phone number
23599,inform,traditional food
21540,request,phone number
7333,inform,center
18245,affirm,yes
220,affirm,yes
19356,thankyou,thank you good bye
2231,inform,i dont care
13075,inform,moderate
21126,thankyou,thank you good bye
10317,inform,australian food
23053,inform,any
17246,affirm,right
10145,request,phone number
17436,thankyou,thank you good bye
22486,thankyou,okay thank you good bye
14172,inform,spanish food
18478,request,what is the address
11819,inform,cheap restaurant
23843,inform,christmas food
14064,inform,any area
19801,inform,i dont care
5998,request,address
16204,inform,any area
20450,request,phone number
23917,request,address
2770,thankyou,thank you
20973,affirm,yes
9376,reqalts,anything else
16812,inform,im looking for unintelligible food
17547,null,okay
4683,thankyou,thank you good bye
8017,thankyou,okay um thatll do it thank you and goodbye
17599,null,noise
20606,inform,i need a restaurant in the center of town that includes international food
17906,thankyou,thank you good bye
16860,inform,breath im looking for a restaurant in the south part of town that serves malaysian food
13284,inform,i dont care
18871,inform,restaurant north part of town seafood
23885,inform,south
4609,thankyou,thank you good bye
16499,inform,any
8999,inform,i dont care
10825,inform,im looking for a restaurant in the north part of town and it should african food
22797,inform,mexican food
3464,inform,australian
13927,inform,i dont care
13531,inform,singaporean
22866,null,just a moment
22130,request,phone number
12456,reqalts,is there anything else
22105,thankyou,thank you good bye
2401,request,can i get the address and phone number
6935,inform,thai
16469,reqalts,how about gastropub type of food
16356,inform,expensive restaurant
21671,thankyou,thank you good bye
11033,inform,im looking for a eritrean restaurant
1845,inform,indian food
10034,thankyou,thank you good bye
12393,inform,im looking for polynesian food
15147,inform,expensive restaurant
4770,inform,australian food center part of town
17909,inform,spanish
818,thankyou,thank you good bye
13248,inform,indian food
2396,request,whats the phone number
21087,reqalts,what about british food
16191,inform,id like a restaurant that serves asian food
14170,reqalts,anything else
21307,null,system
14729,inform,any food
7428,inform,looking for cheap eritrean food
11128,confirm,is it expensive
7872,inform,french
9547,inform,i dont care
20430,inform,thai
5694,inform,a restaurant in the south part of town that serves italian food
19869,negate,no indian food
10166,request,post code
19537,request,whats the address
14965,inform,greek food east part of town
6217,request,address
7326,thankyou,thank you good bye
9458,request,whats the address and post code
795,request,post code
16206,affirm,yes
17161,reqalts,is there anything else
2849,request,alright whats the address
5137,inform,uh cheap restaurant malaysian food
19021,inform,i dont care
19564,inform,north
3583,hello,hi im looking for a place that serves scandinavian food
15920,affirm,yes
21412,request,what is the price range
14213,null,unintelligible
23768,request,whats their address
22542,reqalts,anything else
20797,affirm,yes
6948,request,whats their address
8491,request,and the phone number
20510,request,could i have its phone number
10406,request,phone number
9667,inform,any
1679,reqalts,how about italian
3062,inform,that serves chinese food
4803,thankyou,thank you good bye
15213,inform,moderately
4381,request,what is the phone number
2728,inform,i would like an expensive restaurant in the south part of town
5630,affirm,yes
12745,inform,a cheap restaurant in the south part of town
21640,bye,goodbye
803,inform,looking for a moderately priced restaurant in the east part of town
10350,request,whats their phone number
23349,bye,see you goodbye
23,thankyou,thank you goodbye
14262,affirm,yes
10063,reqalts,is there anything else
11166,inform,indian food
16577,null,inaudible
7062,request,address
17822,request,what is the price range
11184,affirm,yes
5443,thankyou,thank you goodbye
20773,request,whats the address
666,thankyou,thank you good bye
12830,inform,moderately priced
2608,inform,expensive north american
539,inform,traditional
23481,thankyou,thank you good bye
2345,inform,im looking for singaporean food
21884,request,what is the phone number and post code
23450,inform,center
18777,request,and the phone number
7019,thankyou,thank you good bye
9615,request,phone number and type of food
10456,inform,moderat
9855,inform,any price range
6848,inform,spanish food
12282,thankyou,thank you good bye
22915,request,phone number
3449,inform,i dont care
9060,inform,i am looking for a cheap restaurant and it should serve seafood
21793,request,what is the address
8725,request,what is the phone number
2243,inform,im looking for a restaurant in the east part of town
8403,thankyou,thank you good bye
12532,inform,cheap
18487,inform,restaurant
13566,request,phone number
15386,inform,moderate
2885,thankyou,thank you good bye
18059,request,address
17198,bye,okay thank you and good bye
20758,request,can i have the phone number
18336,ack,okay can you give me another restaurant
18107,thankyou,thank you good bye
6355,inform,it should serve fusion food
1973,thankyou,thank you good bye
14810,negate,no
10764,inform,cantonese
14592,request,what type of food
14191,affirm,yes
9440,thankyou,thank you good bye
4787,request,and their phone number
18869,request,what type of food is it
13524,request,whats their phone number
21548,inform,thai food
21433,thankyou,thank you good bye
3447,thankyou,thank you good bye
14414,inform,portuguese
20802,request,what part of town
7538,inform,cheap
13141,null,unintelligible
6667,thankyou,thank you good bye
17609,null,noise
19316,inform,i dont care
9342,null,unintelligible
15802,inform,looking for a cheap spanish restaurant
9135,request,phone number
2634,inform,it doesnt matter
20067,request,what is the address and postcode
10335,thankyou,thank you good bye
16932,request,and the address
3756,inform,west part of town
12552,request,um could i have the address
15193,thankyou,thank you good bye
10148,thankyou,thank you goodbye
3949,affirm,yes id like to find a cheap
18139,request,can i get the phone number
7707,inform,west
3918,inform,im looking for a moderate priced restaurant in south part of
21135,inform,spanish
17024,null,noise
2415,inform,kosher food
17043,request,what is the address phone number and post code
16338,request,address
3433,affirm,yes that serves corsica food
10604,request,may i have the postcode
8708,thankyou,thank you good bye
23087,inform,lebanese
6876,inform,east part ot tow
7141,null,sil
11814,inform,i wanna find a moderately priced restaurant in the east part of t
12111,request,whats its price range
1944,inform,restaurant in north part of town
12708,inform,south town
1598,negate,no i want belgium food
14384,request,what is the price range
5250,null,unintelligible
11832,request,what is the address
20991,negate,no
1773,inform,dont care
23190,thankyou,thank you good bye
16380,inform,vietnam
8335,inform,indian
6728,affirm,yea
18178,request,may i have the phone number
15748,inform,i dont care
13605,inform,cheap price range
2025,request,address
12052,inform,asian food
17427,inform,i want to find a cheap
22198,request,area
549,inform,im looking for a moderately priced rest
14690,reqalts,how about italian food in the west part of town
19598,inform,im looking for portuguese food
10244,reqalts,is there anything else
16093,affirm,right
1493,request,address
2360,inform,cheap restaurant
1415,request,what is the address and post code
11058,null,noise
21684,thankyou,thank you goodbye
22944,reqalts,is there anything else
22877,inform,portuguese food
10434,inform,i want to find a cheap restaurant in the north part of town
15313,inform,spanish food
12605,inform,food
16330,inform,vietnamese food
4032,null,sil
5682,affirm,uh yes im looking for a restaurant in any area that serves thai food
19058,thankyou,thank you good bye
146,request,what is the post code
18732,thankyou,thank you goodbye
6663,inform,cheap
11026,thankyou,thank you good bye
360,request,what is the phone number
15348,inform,im looking for a restaurant in the south part of town and it should serve canapes food
5454,request,what is the address and phone number
743,inform,any food
16390,inform,looking for a cuban food restaurant
11377,request,okay show me the address
22469,request,whats the phone number
8955,inform,fusion food
9454,inform,italian
1740,inform,it doesnt matter
23875,thankyou,thank you good bye
10707,inform,french food
22718,null,sil
9816,reqalts,is there anything else
3614,thankyou,thank you good bye
8382,request,phone number
18877,thankyou,thank you and good bye
7516,reqalts,how about british type of food
22379,reqalts,okay how about indian food
12868,inform,moderate
8706,request,whats the address and price range
20302,request,post code
18366,inform,im looking for a cheap restaurant in the north part of town
15552,thankyou,thank you good bye
20848,inform,north
23743,thankyou,okay thank you good bye
18038,inform,i dont care
15142,request,what is the address
10580,inform,expensive restaurant
14570,thankyou,thank you good bye
5810,affirm,yes
13107,thankyou,thank you good bye
12824,request,address phone number and postcode
6353,thankyou,thank you good bye
6484,negate,no
18094,request,what is the post code
2131,inform,dont care
18640,inform,lebanese food
9950,thankyou,thank you goodbye
9512,reqalts,how about the moderate price range
18790,request,phone number
6500,inform,im looking for a moderate priced restaurant in the east part of town
10495,inform,i dont care
8751,inform,north
16565,inform,what about the center area
17888,inform,moderate price west part of town
9241,inform,im looking for a cheap restaurant in the east part of town
23162,request,phone number
17814,request,phone number
15934,bye,thank you good bye thank you good bye
7642,request,what area
7701,inform,any
10253,request,whats the address
17256,request,phone number
23371,thankyou,thank you
11808,request,the price range
6314,request,and the price range
5215,request,can i get the phone number
16218,affirm,yes
531,request,address phone number and price range
14940,reqalts,is there anything else
5244,inform,mediterranean food
18408,inform,any price range
11651,null,how about
7883,inform,north
19732,thankyou,thank you good bye
10000,inform,find me a portuguese restaurant
17755,request,what type of food
15137,affirm,yes
23248,negate,uh no thats it thank you and good bye
4186,request,the address
13272,null,noise
19150,null,sil
9242,request,what type of food do they have
14559,inform,i would like an africa restaurant in the center
3498,thankyou,thank you good bye
13936,inform,asian oriental
10926,inform,can i get a restaurant
13011,inform,chinese food
4109,inform,any
17183,inform,turkish food
16466,request,and the price range
6151,request,phone number
12134,null,okay
16880,inform,it doesnt matter
2833,inform,im looking for a cheap restaurant in the north part of town
11497,inform,i dont care
5176,inform,um chinese food
14816,request,can i get the address and phone number
11143,reqalts,how about british food
5493,inform,for a moderately priced restaurant
16343,reqalts,what about european food
12561,inform,im looking for a cheap restaurant
21280,thankyou,thank you good bye
23275,request,and the type of food they serve
7031,inform,moderate restaurant
13923,request,can i have the address and phone number
245,request,can i get their address
11261,reqalts,how about vietnamese food
4083,inform,irish food
19614,reqalts,how about indian type of food
8402,request,what is the phone number
18070,inform,im looking for a turkish type of restaurant
18724,affirm,yes
8580,thankyou,thank you good bye
494,request,what area of town is it
22427,inform,i want a cheap restaurant in the north part of town
14998,null,cough
6841,inform,looking for a restaurant in any area that serves mediterranean
15641,inform,any area
18159,request,the phone number
7071,thankyou,thank you good bye
19162,request,address
22758,thankyou,thank you good bye
5829,thankyou,thank you good bye
17204,inform,im looking for a cheap restaurant in the west part of town
4261,reqalts,is there anything else
7453,reqalts,how about italian food
12576,request,phone number
4615,negate,no
4557,inform,south
9472,inform,spanish
16221,null,sil
3246,thankyou,thank you good bye
22192,request,what is the address
543,inform,dont care
4005,inform,cheap
11747,thankyou,thank you good bye
6159,inform,any area
12224,inform,cheap restaurant
15330,request,address
14586,inform,im looking for a cheap restaurant in the east part of town
14502,null,sil
20605,thankyou,thank you good bye
4266,null,sil
1244,thankyou,thank you good bye
11422,inform,expensive restaurant serves
680,thankyou,thank you good bye
10753,request,what type of food does it serve
10699,inform,i am looking for
6558,inform,cheap
63,null,noise
853,inform,im looking for a restaurant in the south part of town that serves
5452,affirm,yes
21133,inform,dont care
9262,thankyou,thank you goodbye
19795,request,what is the address
11867,thankyou,thank you good bye
5491,thankyou,thank you
17593,inform,im looking for moderately priced restaurant and it should serve halal food
9825,thankyou,thank you good bye
3181,null,noise
21659,inform,thai
18847,request,unintelligible part of town
5106,affirm,right
14558,thankyou,thank you good bye
20180,request,phone number
12409,thankyou,thank you good bye
14483,request,what is the address
2367,inform,british food
807,request,what type of food does it serve
19142,null,noise
4905,request,whats the address
23560,request,what is the address
6277,request,what area of town
22442,thankyou,thank you good bye
8811,request,and the post code
8450,inform,cuban
1819,affirm,yes west part of town
5888,thankyou,thank you
524,inform,restaurant in the north part of town that serves
18224,thankyou,thank you good bye
12729,negate,no
12878,inform,west
23903,inform,west part of town
16559,inform,any price range
1305,request,i need the phone number and post code
8572,null,noise
2971,thankyou,thank you good bye
10865,request,whats its post code
6449,inform,im looking for a cheap restaurant in the south part of town
2125,thankyou,thank you good bye
19609,reqalts,next
17174,request,what is their address
11976,null,okay
14609,request,whats the address and phone number
1317,request,what is the address
8584,inform,i dont care
6631,reqalts,how about mediterranean food
12081,request,phone number
20607,request,whats the address
19078,affirm,yes
23863,request,phone number
11640,inform,expensive
18040,thankyou,thank you good bye
11362,inform,i dont care
21535,reqalts,what about british food
3510,reqalts,how about european food
21709,affirm,yes
5960,affirm,uh yes im looking for a restaurant that serves chinese food
23288,request,can i have the phone number and type of food please
11363,inform,traditional food
22610,request,what is the phone number
19351,thankyou,thank you good bye
7888,request,what is the address
8653,thankyou,thank you good
6896,request,what is the price range
18616,reqalts,how about asian oriental food
23804,inform,any
11036,reqalts,how about a portuguese restaurant
5550,negate,no
6377,inform,mexican food
20785,inform,im looking for a moderately priced restaurant in the south part of town
18625,request,whats the address
4509,request,what is the address
9925,request,can i get the phone number
7966,reqalts,how about asian oriental food
16979,request,area
18581,request,phone number
10461,thankyou,thank you good bye
435,inform,any part of town
5555,inform,spanish
2913,affirm,yes
11690,request,phone number
10310,request,what about the phone number
18109,thankyou,thank you good bye
12948,affirm,yes
20708,inform,danish food
1542,reqalts,how about asian oriental food
3250,request,whats the address
10714,inform,unusual food
21072,inform,expensive
19810,inform,sea food
12341,reqalts,are there any other restaurants
13478,request,what is the address and phone number
20814,thankyou,thank you goodbye
11097,inform,im looking for a moderately priced restaurant in the west part of town
15344,affirm,yes
6561,request,address
18961,affirm,yes
20456,reqalts,anything else
316,request,what is the address
13067,inform,indian
9300,thankyou,thank you good bye
20811,request,what part of town
17851,request,whats the address
10028,request,phone number
10569,inform,im looking for
21898,request,price range
3515,inform,north
7018,request,phone number
15116,inform,any
16690,inform,gastro pub
23214,reqalts,anything else
1068,request,whats the address
740,request,phone number
11277,thankyou,thank you good bye
10141,request,whats the address and phone number
19033,inform,find me a cheap vietnamese restaurant
4364,null,unintelligible
13253,inform,doesnt matter
21364,inform,moderate price range please
18915,inform,east of town
10989,request,what is the address and post code
8410,inform,i dont care
2700,inform,any type of food
5003,thankyou,thank you good bye
18222,request,whats the address
12945,affirm,yes
4087,inform,thai food
7348,inform,cheap
23183,thankyou,thank you good bye
1122,negate,no spanish
17642,inform,i need a moderately priced restaurant serving fusion food
11065,request,what part of town is it in
2159,request,address
23675,inform,im looking for a restaurant in the west
19226,null,noise
13086,thankyou,thank you good bye
13468,null,what is the
17123,inform,asian oriental food
7239,thankyou,thank you good bye
11479,inform,im looking for an expensive restaurant that serves portuguese food
17894,null,noise
4173,affirm,ye
2357,request,can i have the phone number and post code
11461,thankyou,thank you good bye
748,inform,american
4808,inform,south
5914,inform,moderately priced danish food
3915,request,what is the address
15667,inform,german food
16447,affirm,yeah
14352,thankyou,thank you good bye
10590,reqalts,how about romanian food
20082,null,sil
5955,inform,i need a moderately priced restaurant in the south part of town
6233,affirm,yes
13961,request,address
16840,thankyou,thank you goodbye
9716,inform,im looking for a cheap restaurant in the east part of town
4100,null,the addre
13811,inform,any
12714,thankyou,thank you good bye
20264,negate,no thai
2947,reqalts,is there anything else
15852,reqalts,is there anything else
850,request,how about the address
21054,request,where is it
14083,request,may i have its address
3979,inform,i am looking for a moderately priced restaurant in the north
13068,negate,no
23379,request,address
11063,request,the area
17490,request,and the phone number again
21941,thankyou,thank you good bye
12556,inform,doesnt matter
6224,request,phone number
21467,inform,caribbean food
13505,thankyou,thank you good bye
22067,inform,romanian
478,null,unintelligible
19664,inform,i dont care
15181,inform,chinese
12643,request,whats the phone number
19280,affirm,yes
8319,null,noise
20017,null,noise
4546,affirm,yes
13188,inform,can i have a moderately priced restaurant in the south part of town
4907,thankyou,thank you good bye
8008,inform,afghan food
19708,inform,french food
19358,inform,moderately priced
17799,null,7:30
11825,inform,im looking for a moderately priced restaurant in the north
16333,inform,vietnamese
14091,request,address
23866,thankyou,thank you good bye
4963,request,phone number
13983,inform,any area is fine with me
4635,inform,caribbean food
13634,inform,im looking for cheap restaurants in the north part of town
1643,thankyou,thank you good bye
18307,request,area
3312,inform,scandinavian food
1596,null,noise
12104,request,address
20862,inform,south
1788,inform,gastropub
12260,inform,vegetarian food
4429,reqalts,how about european food
21385,inform,im looking for a restaurant in any area that serves welsh food
13191,reqalts,is there any other type of food
6495,inform,lebanese
9019,reqalts,anything else
7135,null,sigh
18540,inform,i dont care
21228,inform,any
4562,thankyou,thank you good bye
8060,inform,id like a moderately priced restaurant in the south part of town
5181,inform,im looking for a moderately priced restaurant that serves
7510,inform,korean
7248,affirm,yes
741,request,address
17348,thankyou,thank you good bye
8413,thankyou,thank you good bye
8343,inform,indian food
17008,inform,restaurants
2384,thankyou,thank you good bye
11358,inform,french
15558,request,post code of the venue
20304,inform,can i find an expensive restaurant that serves traditional food
17181,inform,the turkiesh
17733,inform,west part of town
1741,affirm,yes
4219,affirm,yes
9038,inform,doesnt matter thai food
6910,inform,moderately priced restaurant
10121,thankyou,thank you good bye
18204,request,phone number
23707,inform,im looking for a restaurant in the north part of town
8355,request,phone number
20504,reqalts,how about italian
5026,negate,no
7792,affirm,yes
8100,null,sil
5943,thankyou,thank you good bye
4895,request,whats the phone number
13076,request,address
17455,negate,no thank you good bye
779,repeat,again please
5097,negate,no
18304,inform,un unusual food
22871,request,whats the phone number
10834,inform,british food
8287,affirm,yes
9256,request,what is the address
7394,inform,can i have a cheap restaurant
22825,inform,im looking for an expensive restaurant
3249,inform,seafood
23271,request,whats the address
2786,request,phone number
10537,reqalts,anything else
873,inform,im looking for unintelligible food
11949,reqalts,is there anything else
1230,affirm,yes
7940,null,unintelligible
17624,request,address
5134,request,phone number
15686,inform,breath i dont care
19373,request,phone number
19207,request,and the address
4170,request,and the phone number
3451,request,whats the address
11560,inform,north
11554,thankyou,thank you good bye
1756,request,phone number
16236,inform,center
15356,inform,im looking for a cheap restaurant
1936,request,what is the address and phone number
20818,inform,moderate price
14244,thankyou,thank you good bye
6247,thankyou,thank you
4887,thankyou,thank you good bye
1502,reqalts,how about asian oriental
9215,inform,cheap gastropub
1966,thankyou,thank you good bye
12911,null,sil
20078,null,sil
1430,request,whats the address and phone number
4561,request,phone number
6641,inform,i need a restaurant in the east part of town serving indian food
5028,inform,i dont care
12192,request,phone number
17012,inform,vietnamese
12143,inform,i want to find an expensive restaurant that serves unusual food
17688,request,address
4514,inform,cheap restaurant serving mediterranean food
15563,thankyou,thank you good bye
4090,reqalts,how about thai food
7014,inform,cheap restaurant
17054,inform,afghan
11735,null,uh
7162,reqalts,another
11379,request,post code
21907,inform,jamaican food
23461,thankyou,thank you goodbye
11456,inform,i dont care
5263,request,address
15661,inform,anything
6341,affirm,yes
6567,request,whats the address
22077,inform,ok i would like to find a restaurant that serves italian food
16504,inform,dont care
5706,thankyou,thank you good bye
18227,reqalts,how about korean food
18876,null,noise
16701,inform,i dont care
19278,inform,any
21881,inform,mediterranean
22647,thankyou,um thank you goodbye
4777,request,price range
2593,inform,expensive restaurant
8339,inform,any
17531,null,i changed my mind
17083,inform,barbecue food
6238,request,phone number
642,request,phone number
5838,request,what is the address and phone number
22404,reqalts,another
22769,reqalts,how about thai food
11782,affirm,yes
20048,request,whats the address
6068,inform,indian food
18770,inform,gastropub
12629,ack,okay just pick one for me then
8312,reqalts,what about mediterranean
18906,thankyou,thank you good bye
3587,inform,a restaurant that serves scandinavian food
8062,inform,what about the other moderately priced restaurant in the south part
19466,affirm,yes
10900,inform,dont care
17144,reqalts,how about indian
2119,null,are there any
21263,inform,italian food
11611,reqalts,how about the moderate price range
12383,inform,im looking for a moderately priced restaurant serving world food
10200,deny,dont want that
21372,reqalts,ok is there any restaurant that serves chinese food in the east part of town
12110,inform,i dont care about the price range
16001,inform,it doesnt matter
19533,inform,im looking for corsica food
5792,inform,kosher food
13584,inform,cheap
23942,inform,thai
20500,inform,looking for something on the south side
3828,request,type of food
19927,inform,restaurant in the west part of town that serves cuban food
18898,request,address
19486,reqalts,how about thai food
16554,reqalts,how about chinese food
13255,inform,does not matter
15381,inform,south
21486,request,and phone number
16724,request,what is the address
2698,inform,im looking for a moderately priced restaurant in the south
18556,inform,fusion food
7178,request,can i have the phone number
11897,thankyou,thank you good bye
7775,inform,i dont care
6850,null,noise
10106,thankyou,noise thank you good bye
19672,inform,moderate priced restaurant in the north part of town
11812,request,can i have the phone number
22403,reqalts,anything elses
2272,reqalts,is there anything else
17063,thankyou,thank you good bye
21191,thankyou,thank you good bye
1755,inform,any
23966,inform,i want a cheap restaurant in the north part of town
5033,request,what is the phone number and post code
23023,affirm,yes
19220,request,phone number
15605,request,post code
13370,inform,expensive restaurant
22930,inform,moderately priced north part of town
8891,request,whats the address
1067,reqalts,is there anything else
870,request,do you have the address
12262,inform,im looking for a restaurant serving vegetarian food
4954,negate,no catalan
3155,request,address
21785,null,noise
2810,reqalts,how about european food
17383,request,whats the address
18287,affirm,yes
10129,inform,german food
9109,thankyou,thank you good bye
18561,thankyou,thank you good bye
22438,inform,vietnamese
583,inform,korean food
2793,negate,no north part of town
23452,request,address
11444,reqalts,is there anything else
2336,request,phone number
1231,affirm,yes
12615,request,uh what type of food
14948,inform,uh italian food
5168,request,address and post code
19003,request,address
234,request,may i have the phone number and address
20650,request,okay and uh whats their phone number please
7043,reqalts,anything else
22904,request,address
21633,null,unintelligible
19683,affirm,yes
14166,inform,center of town
18255,request,noise what was their address again please
17372,affirm,yes yes
6229,thankyou,thank you goodbye
7949,affirm,yes
14515,reqalts,is there anything else
8177,affirm,yes
6919,null,noise
4171,thankyou,thank you good bye
4045,request,what is the address and phone number
11923,request,and for good luck what is the post code
14929,inform,asian
14304,affirm,right
7978,inform,moderately priced restaurant
540,inform,italian
16246,inform,center area
12960,hello,halo
6450,inform,i dont care
11540,inform,serving barbecue food
4305,inform,french restaurant
3922,inform,im looking for a moderately priced restaurant
8716,inform,gastropub food
23882,inform,cheap
5886,request,what is the golden woks address
2458,request,address
1413,inform,any price range
22645,null,noise
18839,request,phone number
1836,confirm,do they serve unintelligible food
13618,reqalts,is there anything else
23545,inform,chinese food
3016,thankyou,thank you good bye
14681,request,post code
1901,thankyou,thank you good bye
14830,request,what is the address
6594,request,what about the area
8836,inform,i dont care
10195,reqalts,i want something else
8373,thankyou,thank you goodbye
18128,inform,i want to find a restaurant in the center that serves lebanese food
2734,request,can i have the address phone number and post code
11652,reqalts,how about spanish food
8242,request,what is the address and phone number
4068,reqalts,how about indian food
4804,inform,south
15133,reqalts,is there anything else
17209,inform,im looking for a korean restaurant in the expensive price range
12504,inform,i dont care
3207,repeat,could you repeat that
23967,request,whats the phone number
3096,request,phone number
19419,inform,west
1625,reqalts,how about the west area
2164,inform,i dont care
20177,inform,anything
10963,thankyou,thank you good bye
21738,inform,any
6028,affirm,yes
19754,request,may i have the address
15559,thankyou,thank you good bye
6119,inform,any
7063,request,phone number
19165,request,post code
75,thankyou,thank you good bye
22592,inform,i want to find a restaurant in the east part of town that serves basque food
2026,request,phone number
19544,null,sil
18756,affirm,yes
4121,thankyou,thank you good bye
17398,inform,creative food
11584,inform,noise im looking for a moderately priced restaurant
13750,thankyou,thank you good bye
19821,thankyou,thank you good bye
23038,request,and the price range
23721,reqalts,how about indian food
7809,inform,i dont care
7181,inform,i want to find a restaurant in the we
18808,inform,find a restaurant in the center of town
22021,negate,no thank you good bye
16285,inform,russian
13498,negate,no im looking for a moderately priced restaurant that serves kosher food
22157,inform,korean food
20736,inform,i am looking for a restaurant serving afghan food
10528,thankyou,thank you good bye
21509,request,address
219,inform,serve kosher food
22547,inform,west
1288,inform,any food
2557,thankyou,thank you
21384,thankyou,thank you good bye
39,inform,scottish
9238,request,what is the phone number
8661,thankyou,thank you good bye
21355,request,phone number
9868,request,and the phone number
201,null,unintelligible
15378,request,the address
21644,thankyou,thank you good bye
21877,null,unintelligible
18280,affirm,yes
18061,thankyou,thank you good bye
9539,thankyou,thank you good bye
13900,null,noise
21416,thankyou,thank you goodbye
22824,thankyou,thank you good bye
15240,inform,expensive french restaurant
23527,thankyou,thank you good bye
20727,request,address
16845,inform,modern european food
9891,inform,i dont care
11968,inform,im looking for a restaurant that serves mexican food
11993,request,the phone number
689,inform,i need a moderately priced restaurant
1286,thankyou,thank you good bye
12469,request,and the area
9192,thankyou,thank you good bye
7983,request,where is it
16306,null,noise
20131,thankyou,thank you good bye
5243,inform,im looking for a restaurant in any area that serves
4424,null,unintelligible
21088,inform,im looking for a restaurant serving british food then
8281,reqalts,what about thai
21872,request,price range
17627,request,what area
16255,inform,polynesian food
17477,inform,doesnt matter
7004,inform,doesnt matter
21299,request,address
15825,thankyou,thank you
9945,thankyou,thank you good bye
11468,request,whats the address
15369,inform,asian oriental type of food
16313,inform,looking for a cheap restaurant in the east part of town
792,thankyou,thank
6729,inform,i dont care
9488,request,where is it
9224,inform,gastropub
15020,request,can i have their phone number please
943,inform,im looking for a restaurant in the west part of town and it sh
15452,inform,vietnamese food
5156,affirm,yes
6542,inform,english food
15584,request,whats the phone number for hotel dubai
9124,null,in the ea
21806,request,what is the address
12979,null,i dont
18483,reqalts,is there anything else
20815,null,laughing
7482,inform,doesnt matter
13902,null,noise
22125,thankyou,thank you good bye
14778,inform,greek
17863,affirm,yes
18983,inform,any
2053,request,can i get the address and phone number
19161,inform,dont care
7307,inform,im looking for a moderately priced restaurant in the
11766,request,what type of food is it
11213,request,thats fine can i get their phone number please
7534,thankyou,thank you goodbye
10512,inform,doesnt matter thai food
17115,inform,moderately priced restaurant
15192,request,what is the post code
9412,reqalts,how about in any area
20211,request,what is the address and post code
17425,inform,um it doesnt matter its for a cheap restaurant
13461,null,sil
21710,affirm,yes
3063,request,may i have the address
21798,null,noise
16071,request,phone number
22424,request,can you repeat the address please
8198,inform,a chinese restaurant that serves moderately priced food
8755,request,type of food
13397,negate,no asian
13596,null,unintelligible
23559,request,what is the phone number
10340,thankyou,thank you good bye
325,inform,any
19808,inform,expensive restaurants
139,negate,no im looking for gastropub food
20701,inform,thai food
562,inform,any
23554,null,yea id like a
6971,request,what is the address and phone number
22622,request,can i have the address and post code
14768,inform,moderate
15659,thankyou,thank you good bye
5177,inform,chinese food
6395,inform,looking for an expensive restaurant that
7157,inform,afghan
8350,inform,spanish
21446,inform,french food
9434,request,phone number
16269,inform,i am looking for a moderately priced restaurant that serves russian food
13569,null,noise
703,thankyou,thank you good bye
12018,inform,north part of town turkish food
9040,request,whats the phone number
3233,thankyou,thank you good bye
20225,inform,asian
17918,request,whats the phone number
15135,thankyou,thank you goodbye noise
5341,negate,no
10731,thankyou,thank you good bye
6140,inform,im looking for a restaurant serving european food
10187,request,phone number
333,inform,i dont care
1931,thankyou,thank you good bye
980,inform,i want to find a moderately
10955,inform,find me a restaurant in the center of town
10781,thankyou,thank you good bye
2350,inform,mexican
14871,null,unintelligible
23480,request,what is their price range
20645,thankyou,thank you good bye
7957,thankyou,thank you goodbye
8906,thankyou,thank you good bye
23671,request,can i have the address and the post code please
11118,request,what is the phone number
178,inform,in the south
11021,request,whats the address
17315,request,address
16744,null,unintelligible
20747,reqalts,anything else
11199,thankyou,thank you good bye
1629,thankyou,thank you good bye
20320,inform,west part of town
9415,request,phone number
22024,inform,i dont care
9812,thankyou,thank you good bye
10130,request,phone number
554,request,kay can i have the address phone number and the area
16783,request,price range
577,request,what is the price range
6776,inform,asian oriental
9612,inform,i want to find a moderately priced restaurant
21580,reqalts,do you have anything else
12720,inform,anything is fine
21723,inform,in a moderate price range
18248,request,address
18710,affirm,yes south part of town
19508,thankyou,thank you good bye
17713,request,address and phone number
23017,thankyou,thank you good bye
20447,inform,any food
8583,inform,i dont care
10327,request,phone number
21750,null,sil
2149,thankyou,thank you good bye
16903,null,noise
762,inform,dont care
11271,thankyou,thank you
1585,request,the phone number
18180,affirm,yes
6642,affirm,yes
14116,null,sil
16413,inform,i want an indonesian restaurant in the north part of town
15970,thankyou,thank you bye
21157,thankyou,thank you good bye
23970,inform,italian
12313,inform,cheap
2752,request,what is the address and phone number
9618,inform,id like a moderately priced restaurant that serves
11754,inform,cheap restaurant serving chinese food
4785,inform,any area
3757,null,noise
10518,inform,i dont care
17810,request,telephone number
14205,request,address
17217,thankyou,thank you good bye
16378,inform,vietnamese
23044,request,may i get the phone number
5775,inform,i am looking for a cheap restaurant that serves germ
5781,inform,i dont care
7058,inform,center
20423,thankyou,thank you goodbye
10928,inform,steak house
942,null,unintelligible
9272,request,price range
7101,request,what is the phone number
11962,request,what is the phone number
15821,affirm,yes
20121,request,whats the address
4142,inform,um anything else
7507,thankyou,thank you thank you
9562,thankyou,thank you good bye
258,inform,tuscan food
18357,request,can i have the address and phone number
5701,thankyou,thank you good bye
15507,request,what is their address
9445,inform,can i have spanish food in
1780,inform,gastropub
10280,inform,cuban food
18725,reqalts,can i have another option
19109,reqalts,what about vietnamese food
5927,null,sil
19636,request,what is the phone number
19711,thankyou,thank you good bye
11335,request,phone number
11694,inform,i would like to find an expensive restaurant in the south part
10445,thankyou,thank you good bye
15172,null,static
16048,null,noise
20204,request,whats the price range
12539,inform,chinese restaurant
8406,request,whats the address
11393,inform,im looking for a cheap restaurant
760,affirm,yes
6176,affirm,yes
8515,null,sil
474,inform,i want chinese food
12106,inform,moderately priced restaurant in north part of town
6139,thankyou,thank you good bye
3561,reqalts,what about thai food
7858,request,what is the phone number
18875,null,noise
20552,request,what is the address
23915,inform,expensive restaurant in the east part of town
14794,inform,im searching for turkish food
22325,inform,looking for something moderately priced on the north side of town
10216,thankyou,thank you good bye
10563,reqalts,what are my other options
12150,inform,food
7082,thankyou,thank you good bye
22056,request,whats the price range
19543,thankyou,thank you bye
14026,negate,no im looking for thai food
7964,inform,im looking for a restaurant serving pan asian foo
4285,inform,i dont care
16430,thankyou,thank you goodbye
15077,reqalts,whats another one
12693,inform,im looking for a moderately priced restaurant serving creative food
21703,request,and what is their phone number
23339,reqalts,is there anything else
22138,request,and whats the post code
23933,inform,expensive
3724,thankyou,thank you good bye
5050,inform,im looking for an expensive restaurant and it should serve fus
21702,request,can i get the address
14555,null,noise
16522,null,sil
5839,request,what type of food do they serve
16759,inform,im looking for a restaurant in any area serving turkish food
10234,request,whats the phone number
14241,reqalts,how about korean food
7328,inform,turkish
7586,affirm,uh yes i would like a restaurant in the center and it should serve jamaica
19895,affirm,yes
3180,thankyou,thank you good bye
21936,null,noise
17523,inform,italian food
9202,reqalts,anything else
12093,request,can i have the address of the venue
3893,thankyou,thank you good bye
8258,request,address post code
1813,request,whats the phone number
13904,reqalts,is there anything else
22731,request,what is the price range
21273,thankyou,thank you good bye
16300,request,post code
8195,request,phone number
8380,inform,im looking for an expensive restaurant in the south part of town
17999,thankyou,thank you good bye
1433,inform,doesnt matter
2975,request,whats the phone number
18036,inform,i would like chinese food
21583,thankyou,okay thank you
11921,request,may i have the address
348,thankyou,thank you
7122,request,what is the phone number
2689,request,the address
17486,inform,i dont care
7704,request,phone number
11698,request,what is the phone number
15222,inform,i would like thai food
13420,thankyou,thank you
12496,inform,british food in the west part of town
2295,thankyou,thank you good bye
6519,reqalts,how about thai food thats expensive
4823,inform,any
21813,null,sil
16388,request,address
3980,inform,i do not care
19712,inform,find a cheap restaurant
13237,request,what is the address
13758,inform,turkish food
20197,null,unintelligible
10007,inform,i want a moderately priced restaurant in the east part of town
10671,inform,any
14449,affirm,yes
9347,null,unintelligible
14258,request,um whats the phone number
18458,inform,any
7786,inform,dont care
7672,request,and the phone number
1249,request,phone number
21396,inform,any
19901,hello,hello and welcome
897,inform,cheap restaurant north part of town
5104,reqalts,what about asian oriental
7068,inform,any kind of food
4,request,could i get their phone number
10670,inform,any
16858,request,post code
21142,affirm,yes
14662,thankyou,thank you good bye
22088,inform,restaurant in the north part of town that serves turkish food
13438,request,type of food
6836,reqalts,how about chinese food
4053,inform,mediterranean food
528,null,um hm
3811,inform,center
395,reqalts,um how about a restaurant in the center with int
21363,request,price range
9392,inform,cheap restaurant serves spanish food
23802,inform,british
23981,request,address
15944,request,address
11811,request,can i get the address
19252,inform,i would like to find a restaurant in the center and it should serve korean food
19301,request,phone number
7794,request,oh good whats the address
2542,inform,im looking for a moderately priced restaurant that serves
22218,inform,north
16575,request,po post code
22860,thankyou,thank you good bye
17867,request,address
19566,affirm,yes
5635,inform,dont care
3262,inform,cheap restaurant
19349,request,phone number
2267,inform,north
16195,inform,any
18628,request,whats the address
21308,null,system
2675,inform,any
13663,inform,i would like international food please
6733,inform,im looking for a cheap restaurant in the south part of town
10014,inform,cheap restaurant serving indian food
23445,request,what is the address and phone number
12367,inform,a cuban restaurant cuban restaurant
11899,request,could i have the phone number and type of food
15101,thankyou,thank you good bye
1594,request,whats the address
23867,inform,im looking for a cheap restaurant that serves malaysian food
88,thankyou,thank you good bye
10582,request,what is the phone number and post code
15428,null,noise
2065,inform,i dont care
7807,affirm,yes
18212,request,phone number
17330,inform,i want to find a restaurant in the center and it should serve lebanese food
16892,inform,french type of food
11068,request,part of town is it in
17775,inform,restaurant in the east part of town serving basque food
8704,inform,pan asian
14888,inform,south
9200,inform,expensive restaurant in the south part of town
1693,thankyou,thank you good bye
630,thankyou,thank you good bye
10679,request,address and phone number
7265,reqalts,is there a restaurant serving modern european food
9367,reqalts,how about korean food
15751,null,noise
18138,inform,modern european
14922,inform,dont care
2306,inform,german food
2356,inform,it doesnt matter
23703,inform,cheap
22115,request,what type of food
21154,inform,i dont know
3134,request,can i have the address phone number and price range
19106,request,what is the address
13912,request,address and phone number
16138,inform,food
1075,thankyou,thank you goodbye
16624,null,okay
19845,inform,christmas food
21429,affirm,yes
2919,thankyou,thank you good bye
4272,inform,west
7044,request,phone number
16219,null,sil
22040,inform,im looking for swedish food
18050,inform,cuban food
6431,inform,thai food
11496,inform,in the north part of town that serves
1127,negate,no any area
1149,request,may i have the phone number
4577,inform,vietnamese food
9223,inform,gastropub food
2503,bye,goodbye
10207,request,whats the address
4192,inform,gastropub
4600,reqalts,anything else
18729,inform,any area
21587,null,unintelligible
20503,inform,danish
2800,inform,dont care
4208,thankyou,thank you good bye
3375,inform,english please
9003,thankyou,thank you good bye
18768,null,sil
16553,inform,id like a cantonese resturant in the south part of town
964,inform,id like a cheap restaurant that serves steakhouse
5309,inform,uh doesnt matter
3367,inform,expensive restaurant serving kosher food
6564,inform,im looking for french food
20647,inform,west
11597,request,post code
3659,inform,cheap
19315,inform,a moderately priced restaurant in the east of town
23355,thankyou,thank you good bye
19709,request,what is the address and phone number
5569,request,and the phone number
5663,request,and the area
7815,inform,i want to find an expensive restaurant in the south part of town
12132,inform,im looking for mexican food
1658,request,phone number
3354,inform,i dont care
3822,inform,im looking for north american food
21131,thankyou,thank you good bye
18013,request,may i get the price range
13884,request,okay whats the phone number
2082,inform,i dont care
11732,inform,a vietnamese
7878,inform,noise french food
15123,reqalts,how about any price range
4372,reqalts,is there anything else
11051,reqalts,how bout any price range
15676,negate,no north
5946,inform,that serves jamaican food
20582,inform,im looking for a restaurant in the east part of town serving catalan food
19449,inform,cheap resataurant serving unintelligible food
20910,thankyou,thank you good bye
8741,inform,indian food
5786,reqalts,uh anything else
8824,request,whats the address
20387,thankyou,thank you
14936,null,unintelligible
826,inform,any area
1678,affirm,yes in the north part of town
20401,hello,hello im looking for an expensive restaurant
12034,inform,west
986,inform,spanish food
23036,reqalts,what about bistro food
20791,inform,moderately priced
4342,inform,expensive restaurant
355,reqalts,how about thai food
21591,affirm,uh huh
12950,inform,indonesian food east part of town
18623,affirm,right
7478,thankyou,thank you good bye
17890,inform,it doesnt matter
6531,inform,cheap
16940,inform,cheap restaurant
13365,inform,any range
11519,affirm,yeah i need um um m
22445,inform,restaurant in the west part of town
9174,inform,dont care
7354,request,phone number
12416,request,area
12986,request,whats the address
22301,inform,expensive
6533,inform,moderate range
9986,request,i want the address phone number and area
9074,reqalts,what about chinese food
17166,thankyou,thank you good bye
3076,inform,i dont care
21110,request,could you repeat the name
15629,inform,dont care
19984,affirm,yes
19430,inform,thai
16844,reqalts,how about modern european food
9754,inform,airatarin
11669,reqalts,how about british food
23974,inform,moderately
21256,request,could i have the address
3766,request,phone number
15628,inform,im looking for a moderately priced restaurant in the west part of town
16613,inform,moderate
16677,thankyou,thank you good bye
3206,inform,um spanish food
22065,negate,no thank you
10570,inform,a restaurant
1804,request,can i have the address and post code
1052,request,the phone number
3497,request,may i have the address of the venue
18415,inform,asian ori
8838,inform,i want a restaurant in the west part of town serving thai food
13547,ack,kay what is the addre
13351,request,what is the signature dish
16671,inform,asian oriental food
11518,thankyou,thank you good bye
16972,inform,bistro
9566,reqalts,how about asian oriental
11387,inform,im looking for a moderately priced restaurant with catalan food
12177,inform,is there one serving european type food
14179,reqalts,are there any restaurants serving turkish food
21261,negate,no
11230,thankyou,thank you good bye
10780,request,phone number
16852,null,unintelligible
8315,request,whats the phone number
10452,request,area
650,request,phone number
3853,inform,malaysian
6698,inform,uh do you have any korean food
14580,request,price range
10820,request,phone number
18379,inform,it doesnt matter
4145,request,phone number
5049,negate,no
10862,thankyou,thank you good bye
4148,inform,french
16928,affirm,yes
14435,request,whats the address
659,inform,west
7953,inform,i am looking for a moderately priced restaurant in the west part o
19157,request,price range
5791,bye,okay good bye
15363,request,and the phone number
7968,request,what is the phone number and addre
11713,request,address
20845,request,uh can i get the address
4483,inform,im looking for an expensive restaurant in the south
10442,thankyou,thank you good bye
1064,inform,south
15687,inform,i dont care noise
20581,thankyou,thank you good bye
8875,inform,south part of town
15263,inform,looking for a restaurant in the east part of town
12183,inform,im looking for something in the center of town
13792,request,whats the address noise
12024,inform,cheap
3476,thankyou,thank you good bye
5763,reqalts,what about italian food
2772,inform,im looking for a restaurant that serves
22509,null,unintelligible
9436,bye,you good bye
12455,affirm,right
11367,inform,im looking for a restaurant in any area that serves japanese
14236,request,can i have the phone number
16741,affirm,yes
18766,request,what type of food
8519,null,noise
18020,inform,west part of town
14014,inform,singaporean food
15809,reqalts,how about turkish food
1933,inform,british
17408,request,whats the phone number
7831,request,phone number
485,thankyou,thank you good bye
20203,request,whats its phone number
7488,thankyou,thank you good bye
2005,inform,expensive restaurant in the south part of town
22123,request,can i have the address and phone number
13249,affirm,yes
5687,inform,okay expensive
10706,inform,any
20153,inform,north
17212,inform,spanish food
3070,inform,moderate
11331,null,okay
16879,inform,chinese
7338,inform,im looking for an expensive restaurant that serves
9308,reqalts,uh how about italian food
5318,bye,okay thank you and good bye
13313,inform,asian oriental
19727,reqalts,how about european food
21289,null,sil
3711,negate,no how about vietnamese
8801,reqalts,is there anything else
16546,request,whats the post code
3704,inform,creative food
16272,inform,chinese food
5365,request,i need a phone number
12198,request,post code
3343,inform,center area
5180,thankyou,thank you good bye
18220,inform,i need cheap hungarian restaurant
13312,inform,belgium food
15574,request,talking whats the address
284,thankyou,thank you good bye
640,affirm,yes
545,request,phone number
18979,request,address
10356,request,what is the price range
11193,inform,cheap
10282,request,may i have the phone number
1307,inform,moderately priced restaurant
1033,thankyou,thank you good bye
7995,bye,alright thank you good bye
8212,inform,korean food
18049,null,sil
11079,request,and the phone number
8048,thankyou,thank you good bye
12335,inform,im looking for a cheap restaurant in the west part of town
9528,inform,noise any price range
22337,inform,i am looking for an expensive restaurant that serves australian food
4440,request,may i have the phone number
4578,inform,vietnamese food
22872,request,whats the address
6365,request,and the post code
2933,request,could you give the address phone number and post code
11330,inform,moderate please
10037,null,wait
8488,request,type of food
21623,request,address
8230,null,okay
2214,inform,thai food
11930,inform,moderate restaurant
19713,inform,doesnt matter
22568,reqalts,how about italian
12801,thankyou,thank you good bye
3488,inform,i dont care
10539,request,whats the type of food
23305,inform,italian
9928,request,the address phone number and post code
17768,inform,moderate
2497,inform,i want indonesian food
6330,request,what area is it in
5925,thankyou,thank you goodbye
14361,null,unintelligible
17228,request,can i get their address and phone number
23728,reqalts,how about french food
4085,inform,thai food
2629,inform,doesnt matter
6790,negate,no
12068,request,the address
3101,thankyou,thank you good bye
12001,null,noise
3026,reqalts,how about modern european
14972,request,address
14127,inform,moderately priced
15989,inform,im looking for a cheap restaurant that serves vietnamese food
10401,thankyou,alright thank you goodbye
10453,request,what is the area
824,thankyou,thank you good bye
10411,affirm,right
5616,inform,i dont care
12372,thankyou,thank you goodbye
4556,inform,south
15119,request,phone number
13286,hello,hello
9717,request,what is the address and phone number
18062,inform,im looking for a restaurant that serves bistro food
20847,thankyou,thank you good bye
10627,request,whats the phone number
17433,request,address
18195,null,sil
15242,inform,any
20057,affirm,right
13732,inform,canapes
9389,request,can i get the address phone number and post code please
13565,request,phone number
546,request,phone number
7675,inform,im looking for a moderate priced restaurant that serves kosher food
22426,thankyou,okay thank you goodbye
15867,request,can i get the address
14598,negate,no
9403,hello,hi need an
4020,thankyou,thank you good bye
19266,thankyou,thank you good bye
15842,inform,the south part of town
7706,affirm,yes
10050,request,what is the post code
13198,inform,spanish food any area
10950,inform,north
15358,inform,cheap
5732,thankyou,thank you good bye
19942,affirm,yes
21270,inform,im looking for a cheap restaurant that serves vietnamese food
14783,inform,that information does not matter
9338,request,phone number
5022,request,whats the phone number
6649,inform,i need a cheap restaurant in the east part of town
22528,request,address
12853,inform,food
8324,thankyou,thank you good bye
15296,request,what is the address and phone number
1185,thankyou,thank you goodbye
18202,inform,korean
19535,inform,vietnamese food
21985,thankyou,okay thank you goodbye
22113,inform,i dont care
2198,thankyou,thank you good bye
13600,null,unintelligible
16610,hello,hello and welcome to the cambridge
7637,thankyou,okay thank you good bye
12877,null,left
13321,inform,im looking for a restaurant in the east part of town that serves spanish food
13446,inform,south
18660,null,sil
21341,request,whats the phone number
8967,thankyou,thank you good bye
6764,thankyou,thank you good bye
13739,reqalts,how about indian food
7038,thankyou,thank you good bye
22740,inform,dont care
11043,inform,spanish food
15757,request,expensive price range
10757,null,unintelligible
20179,request,phone number
19859,inform,asian oriental
4648,affirm,yes expensive
2247,inform,im looking for european food
8015,affirm,uh yes can i get the address
17526,inform,italian food
17736,request,phone number
585,request,and the area
5713,thankyou,thank you good bye
7036,request,address
10635,inform,can i have a caribbean food
22811,reqalts,how about moderate
17094,affirm,ye
2307,inform,french
6494,inform,lebanese damn it just listen to me
3830,request,the address
11332,thankyou,thank you good bye
11674,inform,north
22178,inform,im looking for an expensive restaurant in the south part of town
5546,request,can i have the phone number
20673,inform,serves british food
22142,request,price range
2338,thankyou,thank you good bye
15807,null,unintelligible
1846,inform,cheap
7993,reqalts,is there anything else
2856,inform,type food
19459,affirm,yes
7819,request,and what is the phone number
23824,inform,i dont care
8360,inform,dont care
4471,reqalts,anything else
11436,reqalts,do you have another option anything else
3037,thankyou,thank you good bye
2918,request,what is the address and phone number
21211,null,sil
16342,reqalts,how about european food
14937,thankyou,thank you good bye
9036,thankyou,thank you good bye
4769,thankyou,thank you good bye
6082,inform,im looking for a restaurant it should serve vietnamese food
16444,inform,south part of town
670,negate,no
1761,thankyou,thank you good bye
9405,thankyou,thank you good bye
16790,null,sil
1823,inform,looking for a moderately priced restaurant in the east part of town
16238,inform,british
3572,thankyou,thank you good bye
2135,null,i need
6265,inform,cross over
10533,reqalts,anything else
14271,inform,eritrean
5171,reqalts,how about british food
18517,thankyou,thank you good bye
9875,inform,moderately priced restaurant
5856,reqalts,how about indian food
8844,inform,looking for romanian food in the center of town
13265,inform,dont care
6350,request,and their address
15940,thankyou,thank you good bye
13008,request,phone number
3110,reqalts,what about turkish food
4527,request,phone number
21204,null,sil
3745,inform,expensive
21708,inform,vietnamese food in any area
3100,request,what is the address
3876,reqalts,next one
8085,request,address
7914,inform,moderately priced restaurant
16549,inform,any type of food
14711,inform,any area
18136,inform,what about modern european type food
18510,thankyou,thank you goodbye
10174,inform,hungarian food
18373,request,what is the address
10985,request,okay whats the phone number
6232,inform,any
15266,thankyou,thank you good bye
682,request,could i have the address and phone number
18075,thankyou,thank you good bye
448,bye,okay thank you and good bye
20209,reqalts,is there anything else in the medium price range
11806,null,noise
857,reqalts,is there a restaurant in the south part of town that serves indian food
13049,inform,i need lebanese food
23498,reqalts,is there anything else
14131,inform,cheap restaurant in the east part of town
4616,inform,corsica
11425,request,area
3860,request,phone number
7880,inform,north
10078,request,can i get the address
12182,thankyou,thank you good bye
397,request,the phone number
8344,request,address
17152,reqalts,what about north american type of food
7222,inform,asian oriental food
1104,inform,serves british food
6853,request,post code
20567,request,can i get the phone number
5830,inform,find me a restaurant in the north part of town
6889,inform,hungarian food in the center of town
10360,inform,uh spanish food
10015,request,what is the address
8651,reqalts,is there anything else
9234,reqalts,is there anything else
21758,inform,moderate
4667,inform,moderate
5873,inform,in the south part of town
20056,inform,mediterranean
23054,request,address
8180,request,phone number
20173,bye,ooh thank you good bye
14897,reqalts,how about mediterranean
17420,request,can you give me the address and phone number
5023,thankyou,thank you good bye
15561,inform,any area
17806,request,phone number
3019,reqalts,is there anything else
11221,thankyou,thank you goodbye
13364,inform,any part
6411,inform,moderately priced restaurant
6644,inform,im looking for an indian restaurant in the east of town
17562,request,the phone number please
22536,request,what type of food does it serve
22974,reqalts,is there anything else
194,thankyou,thank you good bye
473,thankyou,thank you good bye
8652,null,is there any
16369,request,whats the phone number
23117,request,phone number
12265,negate,no
9401,request,can i have their phone number
4485,reqalts,anything else
23941,inform,thai food
17407,inform,i dont care
4788,thankyou,thank you good bye
21959,thankyou,thank you good bye
22704,request,price range
5866,inform,italian food
16705,reqalts,is there anything else
14371,inform,expensive
4464,affirm,yes barbecue food
20186,inform,italian type of food
6047,affirm,yes
2921,inform,chinese
9523,reqalts,anything else
13023,inform,it doesnt matter
20368,request,whats the address and phone number
6715,inform,the south part of town
6113,inform,moderately priced any foo
13281,inform,im looking for a restaurant in the center and it should serve swedish food
4599,request,whats the name
3744,inform,any
5151,inform,im looking for
6088,inform,can i find something in the west part of town
5148,inform,im looking for a restaurant serving unintelligible
12346,inform,cuban
20299,reqalts,anything else
14310,inform,im looking for a restaurant in the east part of town and it should serve greek food
17216,request,address
3273,request,the phone number
9162,request,whats the address
19496,request,address
22766,request,address and postcode
12836,request,type of food
429,inform,in the north part of town
19112,request,whats the address
782,request,post code
22757,negate,no
2230,inform,gastropub
12298,reqalts,what about chinese type of food
1654,inform,barbecue food west part of town
16994,request,phone number
12863,inform,moderate price
970,reqalts,how about vietnamese food
20311,inform,north
20081,request,what is the address
7027,inform,i dont care
3284,request,whats the address
9634,inform,the west side
12490,affirm,yes
4253,inform,creative
8951,request,whats the address
6381,request,and what is the post code again
10817,inform,moderate price
18312,request,area
2646,request,whats the address
7259,inform,restaurant
753,inform,itailian
9900,request,phone number
10062,affirm,yes
17898,inform,french
9734,inform,lebanese food
8465,inform,free food
17954,thankyou,thank you
20220,inform,asian
7401,inform,any
228,thankyou,thank you good bye
16352,inform,any
19710,request,phone number
21769,thankyou,thank you good bye
8064,thankyou,thank you good bye
6639,thankyou,thank you good bye
14390,thankyou,thank you good bye
3429,request,what is the post code
3119,request,and what type of food is it
4231,inform,i dont care
162,inform,cheap
5389,null,noise
3554,inform,vietnamese
6092,null,breathing
10338,inform,im looking for a moderately priced restaurant in the west part of town
2798,inform,im looking for an expensive restaurant
6183,null,sil
22177,thankyou,thank you good bye
21500,bye,k you goodbye
15783,inform,in the east part
14456,inform,danish
21508,null,noise
21588,null,unintelligible
16529,inform,belgian food
9801,request,whats the phone number
22719,inform,modern euorpean
3819,request,and the phone number
17834,request,whats the phone number
16082,reqalts,how about indian food
21637,request,can i have the address of it
14958,thankyou,okay thank you good bye
22244,inform,expensive
21642,thankyou,thank you
9609,request,phone number
10947,null,noise
457,thankyou,thank you good bye
11912,inform,what about indian foods
4978,request,what type of food do they serve
2303,request,phone number
18748,affirm,yes
9310,inform,italian food
20699,inform,unusual food
20147,inform,north
12374,inform,mediterranean
17961,request,and their phone number
21497,inform,chinese
23957,inform,i would like an expensive asian food restaurant
11803,inform,that serves turkish food
21910,request,phone number
15654,request,what type of food
11824,thankyou,thank you good bye
5310,inform,uh it doesnt matter
13390,thankyou,thank you good bye
4304,reqalts,how about french food
8232,request,okay can i have the rest of the address for da vinci
5075,null,cough
16196,request,address
112,inform,i dont care
11155,request,post code
17465,inform,im looking for an expensive restaurant in the east part of town
11342,request,what is the address
1222,inform,im looking for world food
3202,thankyou,thank you good bye
11055,reqalts,what about the west part of town
12218,inform,gastropub food
2704,inform,im looking for a moderately priced restaurant in the west part
12644,thankyou,thank you good bye
22419,inform,um i would like to find an expensive restaurant in the south part of town
18656,inform,asian oriental
18456,request,part of town the address and postal code please
8102,affirm,yes
16049,request,what kind of food do they serve
7454,request,may i have the address and phone number
3936,thankyou,thank you good bye
4521,thankyou,thank you good bye
5522,inform,i dont care
15612,thankyou,thank you good bye
18701,null,ring
449,inform,im looking for a cheap restaurant in the south part of town
4403,inform,north
8174,thankyou,thank you good bye
13382,inform,expensive restaurant
12232,inform,christmas food
14510,thankyou,thank you good bye
8061,inform,any type of food
10771,thankyou,thank you good bye
15131,affirm,yes in the east part of town
12430,inform,the south side
20073,null,sil
15545,inform,cheap
22318,inform,christmas food
11,inform,cheap
9012,request,what is the address and post code
11047,request,may i have the phone number and address
17985,inform,italian food
9189,request,phone number
12898,request,okay can i get the address
20191,reqalts,how about indian food
2186,inform,south part of town
3909,inform,im looking for a moderately priced restaurant that serves tur
22717,inform,caribbean
10979,request,address
8168,inform,cantonese
6128,inform,breath european
138,inform,i am looking for gastropub food
17162,request,what is the address and phone number
712,affirm,yes
23233,request,address
18549,thankyou,thank you good bye
606,null,okay how about
17406,inform,any area
993,negate,no
2296,inform,im looking for a moderately priced restaurant that serves uh
13997,inform,im looking for russian food
1656,inform,vietnamese
19822,inform,polynesia food
23886,request,noise phone number
18596,affirm,yes
14824,inform,i do not care
15044,request,and a phone number
9831,inform,a moderately priced restaurant in the south part of town
17388,inform,canapes
18236,negate,no the south part
9287,inform,im looking for a moderately priced restaurant that serves
2641,request,the address
11112,thankyou,thank you good bye
13506,inform,looking for a restaurant that serves spanish food
6604,request,okay can i get the address
12835,request,what type of food does it have
17574,inform,uh any type of food
11039,request,and whats the price range
8832,thankyou,thank you good bye
13767,inform,i cant answer in spanish
16073,request,address
19376,inform,how bout asian oriental
17354,inform,i dont care
2776,null,can i
4950,request,give me the phone number
12404,inform,portuguese type of food
10294,affirm,yes
22763,request,im good can i have the address and phone number please
11715,inform,a want a cheap restaurant in the north part of town
1389,request,how about the phone number
7867,reqalts,what about french
11414,thankyou,thank you good bye
349,inform,um want to find a moderately priced restaurant in the
1323,confirm,does it serve chinese food
16778,request,address
11971,request,the address
688,request,uh price range
16501,request,phone number
13072,repeat,back
20672,inform,any
5996,inform,french food
6606,inform,i dont care thank you good bye
9956,inform,asian oriental
7808,inform,how bout che italian food
5994,negate,uh no im looking for italian food
12778,inform,im looking for european food
6458,reqalts,is there anything else
15543,inform,any
10609,request,what is the phone number
23026,null,noise
2578,request,what is the address and phone number
15306,thankyou,thank you good bye
11889,reqalts,is there anything else
5678,thankyou,thank you
19309,inform,any part of town
12559,inform,moderate
431,request,what is the address
13548,thankyou,kay thank you goodbye
6770,inform,spanish food
1897,inform,an expensive italian restaurant
4349,null,sil
3911,inform,doesnt matter
11755,request,phone number and post code
22954,reqalts,is there anything else
5428,thankyou,thank you good bye
1661,reqalts,how about indian
23716,inform,spanish
23842,thankyou,thank you good bye
11291,inform,cheap restaurant
17262,inform,cheap
6693,affirm,yes
2929,null,system
3264,inform,moderately priced restaurant
7161,request,phone number
5857,reqalts,how about indian food
20759,request,can i have the phone number
16983,request,what is the address and phone number
17877,inform,im looking for a cheap restaurant in the north part of town
5123,thankyou,thank you good bye
2816,request,alright whats the address
14178,reqalts,what about turkey food
2499,affirm,yes
17975,inform,dont care
14520,inform,i dont care
22323,request,whats the price range
9578,request,phone number
6932,request,can i have the address and phone number please
17566,affirm,yes
7025,null,sil
9292,request,whats the post code
10074,thankyou,okay um thank you good bye
202,null,unintelligible
1465,request,the area
9418,inform,west
18317,inform,swedish food
3140,request,what is the type of food
17990,inform,i dont care
22551,request,address
23798,inform,creative food
18937,request,phone number
23779,request,what type of food is it
14068,thankyou,thank you goodbye
20865,null,inaudible
18832,request,type of food
11201,request,post code
377,inform,im looking for vegetarian food on the east part of town
23632,inform,im looking for a cheap restaurant that serves portuguese food
21662,request,phone number
8470,inform,moderate
10064,request,can i get the address
11338,inform,im looking for a restaurant in the north part of town that serves
22624,thankyou,thank you goodbye
21374,null,um
20210,inform,is there anything in the cheap price range
16825,reqalts,how about the west of town
18438,thankyou,thank you good bye
4129,thankyou,thank you good bye
983,request,what is the address
12595,inform,moderate
4838,inform,any food
1553,request,address
5714,inform,i need a moderately priced restaurant in the south part of town
8636,reqalts,is there anything else
10126,thankyou,thank you good bye
11040,thankyou,thank you good bye
10311,thankyou,thank you good bye
7864,request,whats the address
8289,request,whats their address
22283,inform,would like expensive
9548,request,what is the address
21032,reqalts,how about french
5233,inform,any
3091,inform,south
17417,thankyou,thank you good bye
10048,inform,find gastropub restaurant
21253,reqalts,how about mediterranean food
7563,request,what is the phone number
13153,affirm,yea in the west part of town
22101,repeat,go back
23051,thankyou,thank you good bye
5078,thankyou,thank you good bye
7998,inform,italian
20710,inform,food
18213,thankyou,thank you good bye
20227,affirm,yes
2489,request,whats the address
15953,inform,seafood
6600,thankyou,thank you good bye
11821,thankyou,thank you
4494,request,whats the address
19473,inform,im looking for a restaurant in any area that serves russian food
8559,inform,irish food on the east part of town
12892,bye,okay thank you and good bye
3630,request,and phone number please
14649,thankyou,thank you good bye
16770,request,what is the phone number
16597,request,whats the address
16843,reqalts,how about modern european
22991,request,sounds good whats the address
7763,request,what is the phone number
17706,request,addrss
4382,thankyou,thank you good bye
18450,inform,expensive
11934,thankyou,thank you good bye
17611,null,sil
16887,null,sil
1754,thankyou,thank you good bye
13149,request,and whats the phone number
15316,null,sil
10485,inform,uh moderately priced restaurants in the south part of
1907,inform,im looking for a moderate priced restaurant in the south part
1927,inform,id like a restaurant in any area
20237,inform,im looking for a restaurant in any area that serves polynesian food
13033,inform,irish food in the south part of town
11132,thankyou,thank you good bye
23126,request,what is the phone number
16349,inform,sea food
8234,thankyou,okay uh thank you and good bye
4150,inform,change that to any price range
11666,thankyou,thank you good bye
6272,null,unintelligible
21279,request,what is the phone number
10160,inform,a moderately priced restaurant
1869,inform,looking for an expensive restaurant in the east of town
4103,request,what is the address
20254,reqalts,anything else
2731,thankyou,thank you good bye
10686,request,what type of food does it serve
17783,thankyou,thank you goodbye
23096,inform,doesnt matter
20471,thankyou,thank you good bye
16429,request,phone number
10767,request,phone number
6524,thankyou,thank you goodbye
519,inform,basque food
21326,thankyou,thank you good bye
5903,request,whats their post code
10491,request,okay can i have the phone number
1156,inform,i dont care
6078,inform,chinese
7553,inform,i want a moderately priced cantonese restaurant
10314,request,what is the phone number
21407,inform,jamcian food
14010,request,i need a phone number
19728,request,and whats their address
909,inform,moderately
9039,affirm,yes
7829,inform,north
472,request,and the post code
20248,inform,i dont care
4748,request,and the postcode
20459,thankyou,thank you good bye
2457,request,address
20465,thankyou,thank you good bye
19323,request,and phone number
2241,request,whats the phone number
14804,request,and the phone number
19540,reqalts,how about korean type food
15149,affirm,yes
22822,request,phone number
14904,null,what about
16720,request,what is the address and phone number
6655,inform,doesnt matter but it should be moderately priced
13748,inform,i want a restaurant in the north part of town that serves french food
17973,thankyou,thank you good bye
5939,null,sil
18407,inform,asian oriental
21751,affirm,yes address
19581,inform,im looking for a restaurant in the south part of town serving indian type of food
3563,affirm,yes
23416,null,that serves unintelligible
19031,inform,doesnt matter
19426,request,phone number
13051,reqalts,how about italian food
5809,null,unintelligible
5077,request,what kind of food does it serve
2561,request,can i get the address and phone number
18537,request,post code
20643,reqalts,how about the center area
4477,inform,chinese food
21464,null,what is the
6195,null,kish
3377,negate,no english food
23833,request,whats the address
5967,request,and their phone number please
19118,inform,im looking for a restaurant
5837,reqalts,is there anything else
14351,request,could i have the address
8408,inform,i want to find a expensive restaurant that serves mediterranean
21193,null,sil
9358,request,address
10359,inform,i would like to find a restaurant in the centre
3776,thankyou,thank you good bye
20103,inform,caribbean food
10896,inform,north
19593,inform,cheap
2445,null,sil
14071,inform,moderate
154,request,phone number
21491,request,uh could i have the phone number
22342,request,what is the phone number a
15797,inform,south
899,request,address phone number
1971,request,what part of town
14613,thankyou,thank you good bye
6821,thankyou,thank you good bye
18535,request,address
16381,inform,vietnam
8947,inform,im looking for an expensive restaurant in the east
17341,request,whats the address
1769,request,price range
22600,thankyou,thank you good bye
7424,inform,unintelligible food
9586,inform,looking for hungarian food in the north side of town
21687,request,good whats the address
21017,inform,japanese
23181,request,phone number
14781,inform,thats not important
23815,request,address
8303,inform,any
22319,reqalts,what about british food
18728,inform,any
5287,inform,spanish
5947,inform,in the south part of town
9613,inform,i dont care
20123,request,what type of food do they serve
10288,inform,can i have an expensive restaurant
8469,request,uh no price range whats the
3425,inform,im looking for a restaurant in the east part of town serving pan asian food
11120,thankyou,thank you good bye
21862,request,whats the address
16822,null,unintelligible
14391,null,cough
9128,reqalts,do you have anything else
21836,negate,no
7526,request,and whats the price range
22851,request,what is the phone number
14494,request,and the price range
12345,inform,cuban food
10049,request,what is the address
16045,null,noise
13310,thankyou,thank you good bye
685,inform,moderate restaurant in the south part of town
7793,affirm,yes
9143,null,noise
7787,inform,dont care
2123,inform,it doesnt matter
6417,inform,italian food
22420,inform,um it doesnt matter
15909,affirm,yes
11802,inform,restaurant in the south
22297,request,address
21366,thankyou,thank you good bye
21930,request,what is the phone number and post code
17487,request,what is their address phone number and post code
18780,inform,i dont care
13422,thankyou,thank you good bye
4793,request,what type of food
8604,request,what is the address
2434,request,phone number
4592,request,and the phone number
17082,inform,breath i want to find a restaurant in the north part of town
594,inform,moroccan
846,reqalts,how about indian food
22617,inform,i am looking for an expensive restaurant on the east part of town
16607,request,address
23312,thankyou,thank you good bye
1550,request,may i have the address and phone number
3768,null,i want to find
23536,request,how much
7335,inform,moderate
18322,request,can i get the address
10457,inform,italian
13409,inform,expensive
18837,inform,west part of town
18604,inform,i dont care
20735,inform,dont care
7477,request,price range
12521,reqalts,how about italian food
11851,request,and phone number
375,request,post code
20069,request,what is the address of prezzo
20559,inform,north american food
17821,request,what is the address
3640,reqalts,how about asian food
8405,inform,portuguese
8012,inform,okay uh how bout turkish
11756,thankyou,thank you good bye
309,request,and what type of food does it serve
18377,reqalts,what about indian food
3158,request,phone number
20787,inform,i dont care
568,request,whats the phone number
6422,inform,austro food
1779,inform,corsica
17360,inform,singaporean food
18069,inform,i do not care
17279,thankyou,thank you good bye
21842,inform,thai
8416,request,what is the phone number
18696,inform,an expensive restaurant
6193,null,unintelligible
1997,affirm,yes
4614,affirm,yes
19865,affirm,yes
1662,reqalts,how about indian food
3993,affirm,yes
14935,request,telephone number
16457,request,phone number
6568,request,whats the phone number
8900,request,post code
16266,inform,russian
23497,inform,im looking for a moderately priced restaurant in the west part of town
11836,inform,any
16568,affirm,yes
19489,reqalts,what about thai food
10934,request,phone number
9887,inform,im looking for a cheap restaurant in the south part of town
21902,request,address
23069,inform,id like thai food
8262,inform,halal
20044,null,sil
8196,thankyou,thank you good bye
20370,thankyou,thank you good bye
22048,thankyou,thank you good bye
19427,request,address
5703,inform,any area
23744,inform,moderate price range
6018,request,what type of food
23373,null,unintelligible
12294,inform,looking for a restaurant in the south part of town with german food
14268,thankyou,thank you good bye
6039,inform,i dont care
23688,null,noise
13177,thankyou,thank you good bye
20051,thankyou,thank you good bye
23950,inform,thai
2009,request,type of food
10458,inform,any
2378,inform,can i have asian food
817,request,okay may i get the address
8276,null,um
4717,request,what is the phone number
6750,reqalts,how about cheap price range
2022,null,unintelligible
22180,affirm,yea
13194,thankyou,thank you good bye
2180,request,whats the address
7264,deny,wrong
6130,inform,it doesnt matter
7682,null,cough
2417,reqalts,how about italian food
4980,affirm,yes im looking for a restaurant in the north part of town
8068,negate,no thank you good bye
6219,request,post code
999,inform,gastropub
5647,inform,asian oriental
21190,null,noise
2329,null,unintelligible
22814,inform,im looking for a moderately priced restaurant in the east part of town
14833,inform,indian
18582,request,area
5889,thankyou,thats everything thank you
4686,inform,dont care
15291,request,part of town is it in
13956,bye,okay thank you and good bye
14090,inform,cheap
1085,request,address
18905,request,can i get the phone number
15578,null,sil
17914,request,what is the address and phone number
23363,request,address
21598,null,tell me number
19916,thankyou,thank you good bye
21768,request,the address
7960,negate,no pan asian food
5801,inform,korean
12885,deny,wrong
23436,request,what is the phone number and address
19018,request,can i get the phone number and address
19643,request,post code
17517,thankyou,thank you goodbye
1601,inform,belgium food
15245,thankyou,thank you good bye
17771,request,address
683,request,could i have the phone number
17789,inform,cheap
7339,inform,scottish food
23290,thankyou,thank you good bye
8839,confirm,does it serve thai food
17221,affirm,yes
8678,null,what is the
7735,reqalts,is there anything else
12038,inform,expensive
21727,thankyou,thank you goodbye
5581,request,phone number
19906,inform,moderate
15900,inform,any price range
3254,inform,moderately priced
20361,inform,im looking for a moderately priced restaurant in the south part of town
641,request,phone number
18054,inform,chinese
9686,request,area
9226,inform,south
18708,thankyou,thank you good bye
20764,request,could i have the phone number please
12338,thankyou,thank you good bye
4901,thankyou,thank you good bye
21418,inform,i dont care
227,request,what is the phone number
10407,request,what is the phone
935,thankyou,thank you good bye
11941,inform,the south part of town
19306,null,noise
553,reqalts,what about gasper gastropub type o
4280,inform,canapes
21931,request,what is the post code
22650,request,phone number
